{
  "eval": {
    "RMSE": 0.4655353380523444,
    "MAE": 0.28440131592538215,
    "R2": 0.835868094806232,
    "N": 6969,
    "PS_RMSE": 0.4530168401085532,
    "PS_R2": 0.8043135432945364,
    "N_solvents": 25
  },
  "ood": {
    "RMSE": 0.6539589430258891,
    "MAE": 0.46986266982108416,
    "R2": 0.6203474428412705,
    "N": 11940,
    "PS_RMSE": 0.5849447262191978,
    "PS_R2": -12.71337994701472,
    "N_solvents": 146
  },
  "sc3_gold": {
    "RMSE": 0.7697530430126609,
    "MAE": 0.5800991388587681,
    "R2": 0.5692208026535207,
    "N": 4507,
    "PS_RMSE": 0.7841463467592759,
    "PS_R2": -14.71721047574106,
    "N_solvents": 26,
    "Z_RMSE": 43.984864229172125,
    "f_aleatoric": 0.07074514351986083,
    "N_with_uncertainty": 3449
  },
  "_n_train": 61403,
  "_n_trainable": 330497,
  "_best_epoch": 56,
  "_val_RMSE": 0.4655353380523444,
  "_elapsed_s": 57.907777547836304,
  "_protocol": "scratch",
  "_variant": "full",
  "_fraction": 1.0,
  "_seed": 123
}