{
  "eval": {
    "RMSE": 0.46305251746566956,
    "MAE": 0.28498512443468554,
    "R2": 0.8376141422553424,
    "N": 6969,
    "PS_RMSE": 0.4454311970838175,
    "PS_R2": 0.8094341699236245,
    "N_solvents": 25
  },
  "ood": {
    "RMSE": 0.6798328922012788,
    "MAE": 0.49776629466860767,
    "R2": 0.5897111552106237,
    "N": 11940,
    "PS_RMSE": 0.6258794295723303,
    "PS_R2": -16.813785669297598,
    "N_solvents": 146
  },
  "sc3_gold": {
    "RMSE": 0.80020150943876,
    "MAE": 0.5886429254236533,
    "R2": 0.5344668345592608,
    "N": 4507,
    "PS_RMSE": 0.7363940579680649,
    "PS_R2": -9.581630822647265,
    "N_solvents": 26,
    "Z_RMSE": 44.93998510418799,
    "f_aleatoric": 0.06900550884314294,
    "N_with_uncertainty": 3449
  },
  "_n_train": 61403,
  "_n_trainable": 330497,
  "_best_epoch": 115,
  "_val_RMSE": 0.46305251746566956,
  "_elapsed_s": 102.69296717643738,
  "_protocol": "scratch",
  "_variant": "full",
  "_fraction": 1.0,
  "_seed": 42
}