{
  "eval": {
    "RMSE": 0.4642616220640719,
    "MAE": 0.28316107012866826,
    "R2": 0.8367650038984596,
    "N": 6969,
    "PS_RMSE": 0.4488421025209652,
    "PS_R2": 0.8079919218836166,
    "N_solvents": 25
  },
  "ood": {
    "RMSE": 0.6715186654144341,
    "MAE": 0.48735164863730696,
    "R2": 0.5996852978814345,
    "N": 11940,
    "PS_RMSE": 0.5995654776100751,
    "PS_R2": -15.233921075494585,
    "N_solvents": 146
  },
  "sc3_gold": {
    "RMSE": 0.7714783781204063,
    "MAE": 0.5816253534122688,
    "R2": 0.5672875295547927,
    "N": 4507,
    "PS_RMSE": 0.7362862393756239,
    "PS_R2": -8.092037189918836,
    "N_solvents": 26,
    "Z_RMSE": 43.35988624763217,
    "f_aleatoric": 0.05769788344447666,
    "N_with_uncertainty": 3449
  },
  "_n_train": 61403,
  "_n_trainable": 330497,
  "_best_epoch": 72,
  "_val_RMSE": 0.4642616220640719,
  "_elapsed_s": 67.74076271057129,
  "_protocol": "scratch",
  "_variant": "full",
  "_fraction": 1.0,
  "_seed": 101
}