{
  "eval": {
    "RMSE": 0.46109947805460777,
    "MAE": 0.29516456012905523,
    "R2": 0.8389810591683351,
    "N": 6969,
    "PS_RMSE": 0.44949440759319953,
    "PS_R2": 0.810476409490174,
    "N_solvents": 25
  },
  "ood": {
    "RMSE": 0.6702863091405743,
    "MAE": 0.49367700615535975,
    "R2": 0.6011532471301251,
    "N": 11940,
    "PS_RMSE": 0.6203519534910675,
    "PS_R2": -16.194056982812487,
    "N_solvents": 146
  },
  "sc3_gold": {
    "RMSE": 0.8379290200630133,
    "MAE": 0.6138920610215202,
    "R2": 0.4895345450831803,
    "N": 4507,
    "PS_RMSE": 0.7958074666129326,
    "PS_R2": -13.260163377801721,
    "N_solvents": 26,
    "Z_RMSE": 48.57125913263114,
    "f_aleatoric": 0.05508843142939983,
    "N_with_uncertainty": 3449
  },
  "_n_train": 61403,
  "_n_trainable": 330497,
  "_best_epoch": 34,
  "_val_RMSE": 0.46109947805460777,
  "_elapsed_s": 48.09601402282715,
  "_protocol": "scratch",
  "_variant": "full",
  "_fraction": 1.0,
  "_seed": 789
}