{
  "eval": {
    "RMSE": 0.4562023240276669,
    "MAE": 0.2888775163445018,
    "R2": 0.8423831328466378,
    "N": 6969,
    "PS_RMSE": 0.4437754907785428,
    "PS_R2": 0.8188988989254488,
    "N_solvents": 25
  },
  "ood": {
    "RMSE": 0.6838805853088508,
    "MAE": 0.5047023577976284,
    "R2": 0.5848109296327701,
    "N": 11940,
    "PS_RMSE": 0.6210633093486789,
    "PS_R2": -12.149989022873044,
    "N_solvents": 146
  },
  "sc3_gold": {
    "RMSE": 0.8478124958473591,
    "MAE": 0.6089813277893708,
    "R2": 0.4774215210477094,
    "N": 4507,
    "PS_RMSE": 0.7644028485876231,
    "PS_R2": -6.597752405754935,
    "N_solvents": 26,
    "Z_RMSE": 48.29181658419543,
    "f_aleatoric": 0.07538416932444186,
    "N_with_uncertainty": 3449
  },
  "_n_train": 61403,
  "_n_trainable": 330497,
  "_best_epoch": 38,
  "_val_RMSE": 0.4562023240276669,
  "_elapsed_s": 46.753684759140015,
  "_protocol": "scratch",
  "_variant": "full",
  "_fraction": 1.0,
  "_seed": 456
}