{
  "eval": {
    "RMSE": 0.4634688040025334,
    "MAE": 0.292425050524957,
    "R2": 0.8373220399579739,
    "N": 6969,
    "PS_RMSE": 0.45456472773861073,
    "PS_R2": 0.8062615426963672,
    "N_solvents": 25,
    "train_time_s": 65.55798864364624
  },
  "ood": {
    "RMSE": 0.7268211739112692,
    "MAE": 0.5215272013571319,
    "R2": 0.5310349220501365,
    "N": 11940,
    "PS_RMSE": 0.6634559884451057,
    "PS_R2": -24.54046437256498,
    "N_solvents": 146,
    "train_time_s": 65.55798864364624
  },
  "sc3_gold": {
    "RMSE": 0.7907099602998736,
    "MAE": 0.5927551760594646,
    "R2": 0.5454451310198871,
    "N": 4507,
    "PS_RMSE": 0.7838225479598647,
    "PS_R2": -9.590958684121372,
    "N_solvents": 26,
    "Z_RMSE": 45.19870368628271,
    "f_aleatoric": 0.06378660481298927,
    "N_with_uncertainty": 3449,
    "train_time_s": 65.55798864364624
  },
  "sc3_silver": {
    "RMSE": 0.7610588380693873,
    "MAE": 0.5669608165447099,
    "R2": 0.5499994420863835,
    "N": 5475,
    "PS_RMSE": 0.7234861174831986,
    "PS_R2": -6.337191822616122,
    "N_solvents": 27,
    "Z_RMSE": 41.21771116292914,
    "f_aleatoric": 0.10992402659069325,
    "N_with_uncertainty": 4212,
    "train_time_s": 65.55798864364624
  },
  "sc3_bronze": {
    "RMSE": 0.7397554136118643,
    "MAE": 0.5515541919557272,
    "R2": 0.5585598205034419,
    "N": 6331,
    "PS_RMSE": 0.6640056942048457,
    "PS_R2": -1.4505105734640387,
    "N_solvents": 30,
    "Z_RMSE": 38.331048298686504,
    "f_aleatoric": 0.1679983609916001,
    "N_with_uncertainty": 4881,
    "train_time_s": 65.55798864364624
  }
}