{
  "eval": {
    "RMSE": 0.46733875340707287,
    "MAE": 0.2913214146009117,
    "R2": 0.8345939864062285,
    "N": 6969,
    "PS_RMSE": 0.4525484604557278,
    "PS_R2": 0.8054856031789319,
    "N_solvents": 25,
    "train_time_s": 56.9151246547699
  },
  "ood": {
    "RMSE": 0.7151508392394572,
    "MAE": 0.5158612944089087,
    "R2": 0.5459740588438644,
    "N": 11940,
    "PS_RMSE": 0.6915460375425521,
    "PS_R2": -29.997611955665523,
    "N_solvents": 146,
    "train_time_s": 56.9151246547699
  },
  "sc3_gold": {
    "RMSE": 0.851156874075161,
    "MAE": 0.6240733799789397,
    "R2": 0.47329054199122966,
    "N": 4507,
    "PS_RMSE": 0.8535161711993448,
    "PS_R2": -15.829509202262074,
    "N_solvents": 26,
    "Z_RMSE": 48.724645405813774,
    "f_aleatoric": 0.06523630037692085,
    "N_with_uncertainty": 3449,
    "train_time_s": 56.9151246547699
  },
  "sc3_silver": {
    "RMSE": 0.8266833173481418,
    "MAE": 0.6097210991752621,
    "R2": 0.4690484024224453,
    "N": 5475,
    "PS_RMSE": 0.8218371760702277,
    "PS_R2": -9.017264149243807,
    "N_solvents": 27,
    "Z_RMSE": 44.47022570641304,
    "f_aleatoric": 0.1063627730294397,
    "N_with_uncertainty": 4212,
    "train_time_s": 56.9151246547699
  },
  "sc3_bronze": {
    "RMSE": 0.798476027535318,
    "MAE": 0.587926911802909,
    "R2": 0.48569668988569525,
    "N": 6331,
    "PS_RMSE": 0.7712469551144356,
    "PS_R2": -2.453585771756962,
    "N_solvents": 30,
    "Z_RMSE": 41.34792743745109,
    "f_aleatoric": 0.17127637779143617,
    "N_with_uncertainty": 4881,
    "train_time_s": 56.9151246547699
  }
}