{
  "eval": {
    "RMSE": 0.47509894296203176,
    "MAE": 0.30466539710437485,
    "R2": 0.8290552246841062,
    "N": 6969,
    "PS_RMSE": 0.4677241675103254,
    "PS_R2": 0.7973470361541967,
    "N_solvents": 25,
    "train_time_s": 45.32027792930603
  },
  "ood": {
    "RMSE": 0.7290335750592717,
    "MAE": 0.5404171060574976,
    "R2": 0.5281755722734376,
    "N": 11940,
    "PS_RMSE": 0.7008485458077096,
    "PS_R2": -29.043983410757043,
    "N_solvents": 146,
    "train_time_s": 45.32027792930603
  },
  "sc3_gold": {
    "RMSE": 0.8022749507986493,
    "MAE": 0.6076818388304372,
    "R2": 0.5320511759560651,
    "N": 4507,
    "PS_RMSE": 0.7778927450270422,
    "PS_R2": -8.631614884878989,
    "N_solvents": 26,
    "Z_RMSE": 46.15217717744507,
    "f_aleatoric": 0.07306465642215135,
    "N_with_uncertainty": 3449,
    "train_time_s": 45.32027792930603
  },
  "sc3_silver": {
    "RMSE": 0.7840568869838825,
    "MAE": 0.5916227809892853,
    "R2": 0.5223918461135082,
    "N": 5475,
    "PS_RMSE": 0.7430843967415085,
    "PS_R2": -3.9516370609021076,
    "N_solvents": 27,
    "Z_RMSE": 42.13726133406464,
    "f_aleatoric": 0.11514719848053181,
    "N_with_uncertainty": 4212,
    "train_time_s": 45.32027792930603
  },
  "sc3_bronze": {
    "RMSE": 0.7578809328712633,
    "MAE": 0.5700178405820855,
    "R2": 0.5366624289490389,
    "N": 6331,
    "PS_RMSE": 0.682729035264057,
    "PS_R2": -1.723559186833694,
    "N_solvents": 30,
    "Z_RMSE": 39.18402825905069,
    "f_aleatoric": 0.17947141979102643,
    "N_with_uncertainty": 4881,
    "train_time_s": 45.32027792930603
  }
}