{
  "eval": {
    "RMSE": 0.4728619405228121,
    "MAE": 0.28792388165091826,
    "R2": 0.8306612211235755,
    "N": 6969,
    "PS_RMSE": 0.45706495761128996,
    "PS_R2": 0.8073282907713433,
    "N_solvents": 25,
    "train_time_s": 61.4544677734375
  },
  "ood": {
    "RMSE": 0.7118616890451233,
    "MAE": 0.5187340099206528,
    "R2": 0.550140803176925,
    "N": 11940,
    "PS_RMSE": 0.6627092801739071,
    "PS_R2": -21.06850322056523,
    "N_solvents": 146,
    "train_time_s": 61.4544677734375
  },
  "sc3_gold": {
    "RMSE": 0.8322915194825468,
    "MAE": 0.6190362635305346,
    "R2": 0.49638015612841435,
    "N": 4507,
    "PS_RMSE": 0.8081793734828071,
    "PS_R2": -7.758195151880581,
    "N_solvents": 26,
    "Z_RMSE": 47.85622947046951,
    "f_aleatoric": 0.05972745723398087,
    "N_with_uncertainty": 3449,
    "train_time_s": 61.4544677734375
  },
  "sc3_silver": {
    "RMSE": 0.7973186483466281,
    "MAE": 0.5956790705695345,
    "R2": 0.506098405226703,
    "N": 5475,
    "PS_RMSE": 0.7675017185108716,
    "PS_R2": -4.328955696944665,
    "N_solvents": 27,
    "Z_RMSE": 43.623011085374834,
    "f_aleatoric": 0.09544159544159544,
    "N_with_uncertainty": 4212,
    "train_time_s": 61.4544677734375
  },
  "sc3_bronze": {
    "RMSE": 0.7754537471326273,
    "MAE": 0.5806157912182425,
    "R2": 0.5149267188660395,
    "N": 6331,
    "PS_RMSE": 0.7068966071461386,
    "PS_R2": -1.8961638728870083,
    "N_solvents": 30,
    "Z_RMSE": 40.56932832948498,
    "f_aleatoric": 0.1524277811923786,
    "N_with_uncertainty": 4881,
    "train_time_s": 61.4544677734375
  }
}