{
  "eval": {
    "RMSE": 0.46899452924045504,
    "MAE": 0.2980903489452391,
    "R2": 0.8334198468918419,
    "N": 6969,
    "PS_RMSE": 0.4575278231191175,
    "PS_R2": 0.8077713284428941,
    "N_solvents": 25,
    "train_time_s": 40.18010997772217
  },
  "ood": {
    "RMSE": 0.7168398799909117,
    "MAE": 0.5220133747194764,
    "R2": 0.5438268924891377,
    "N": 11940,
    "PS_RMSE": 0.6808020659679316,
    "PS_R2": -20.146059376541956,
    "N_solvents": 146,
    "train_time_s": 40.18010997772217
  },
  "sc3_gold": {
    "RMSE": 0.8394681224959348,
    "MAE": 0.602005389093378,
    "R2": 0.4876575822819724,
    "N": 4507,
    "PS_RMSE": 0.8402793216969181,
    "PS_R2": -20.47251104337897,
    "N_solvents": 26,
    "Z_RMSE": 47.74810307733889,
    "f_aleatoric": 0.0739344737605103,
    "N_with_uncertainty": 3449,
    "train_time_s": 40.18010997772217
  },
  "sc3_silver": {
    "RMSE": 0.816371354440601,
    "MAE": 0.5890939491916919,
    "R2": 0.4822118588903551,
    "N": 5475,
    "PS_RMSE": 0.785052747950265,
    "PS_R2": -11.588695609169893,
    "N_solvents": 27,
    "Z_RMSE": 43.60463168069232,
    "f_aleatoric": 0.10992402659069325,
    "N_with_uncertainty": 4212,
    "train_time_s": 40.18010997772217
  },
  "sc3_bronze": {
    "RMSE": 0.7916040913998907,
    "MAE": 0.5730621693010451,
    "R2": 0.4945111086155801,
    "N": 6331,
    "PS_RMSE": 0.715620491214858,
    "PS_R2": -2.4816835687473366,
    "N_solvents": 30,
    "Z_RMSE": 40.563558761120134,
    "f_aleatoric": 0.16820323704158985,
    "N_with_uncertainty": 4881,
    "train_time_s": 40.18010997772217
  }
}