{
  "method": "mlp",
  "seeds": [
    42,
    101,
    123,
    456,
    789
  ],
  "params": {
    "lr": 0.001,
    "batch_size": 128,
    "hidden_dims": [
      256,
      128
    ],
    "dropout": 0.1,
    "epochs": 100,
    "patience": 20
  },
  "aggregated": {
    "eval": {
      "RMSE_mean": 0.469552594026981,
      "RMSE_std": 0.004097286624015757,
      "MAE_mean": 0.2948852185652802,
      "MAE_std": 0.005884523602254267,
      "R2_mean": 0.8330104638127451,
      "R2_std": 0.0029129945054174895,
      "N_mean": 6969.0,
      "N_std": 0.0,
      "PS_RMSE_mean": 0.45788602728701433,
      "PS_RMSE_std": 0.005236642417818896,
      "PS_R2_mean": 0.8048387602487466,
      "PS_R2_std": 0.003830570819465791,
      "N_solvents_mean": 25.0,
      "N_solvents_std": 0.0,
      "train_time_s_mean": 53.885593795776366,
      "train_time_s_std": 9.632399852365381
    },
    "ood": {
      "RMSE_mean": 0.7199414314492065,
      "RMSE_std": 0.006750549077745601,
      "MAE_mean": 0.5237105972927335,
      "MAE_std": 0.008638671136417777,
      "R2_mean": 0.5398304497667002,
      "R2_std": 0.00863963369091854,
      "N_mean": 11940.0,
      "N_std": 0.0,
      "PS_RMSE_mean": 0.6798723835874412,
      "PS_RMSE_std": 0.015107667164299392,
      "PS_R2_mean": -24.959324467218945,
      "PS_R2_std": 4.013732280227428,
      "N_solvents_mean": 146.0,
      "N_solvents_std": 0.0,
      "train_time_s_mean": 53.885593795776366,
      "train_time_s_std": 9.632399852365381
    },
    "sc3_gold": {
      "RMSE_mean": 0.8231802854304331,
      "RMSE_std": 0.022901322077872058,
      "MAE_mean": 0.6091104094985509,
      "MAE_std": 0.011335156406684128,
      "R2_mean": 0.5069649174755138,
      "R2_std": 0.02730868407038674,
      "N_mean": 4507.0,
      "N_std": 0.0,
      "PS_RMSE_mean": 0.8127380318731954,
      "PS_RMSE_std": 0.029974855741805265,
      "PS_R2_mean": -12.456557793304396,
      "PS_R2_std": 4.910168341964703,
      "N_solvents_mean": 26.0,
      "N_solvents_std": 0.0,
      "Z_RMSE_mean": 47.13597176346999,
      "Z_RMSE_std": 1.2757914596178932,
      "f_aleatoric_mean": 0.06714989852131052,
      "f_aleatoric_std": 0.005496927492562048,
      "N_with_uncertainty_mean": 3449.0,
      "N_with_uncertainty_std": 0.0,
      "train_time_s_mean": 53.885593795776366,
      "train_time_s_std": 9.632399852365381
    },
    "sc3_silver": {
      "RMSE_mean": 0.7970978090377281,
      "RMSE_std": 0.023305337160632985,
      "MAE_mean": 0.5906155432940967,
      "MAE_std": 0.013809688251171164,
      "R2_mean": 0.505949990947879,
      "R2_std": 0.028760865504953246,
      "N_mean": 5475.0,
      "N_std": 0.0,
      "PS_RMSE_mean": 0.7681924313512143,
      "PS_RMSE_std": 0.03403402385156322,
      "PS_R2_mean": -7.04474886777532,
      "PS_R2_std": 2.897646586213038,
      "N_solvents_mean": 27.0,
      "N_solvents_std": 0.0,
      "Z_RMSE_mean": 43.01056819389479,
      "Z_RMSE_std": 1.1692389815970727,
      "f_aleatoric_mean": 0.1073599240265907,
      "f_aleatoric_std": 0.006585313260741857,
      "N_with_uncertainty_mean": 4212.0,
      "N_with_uncertainty_std": 0.0,
      "train_time_s_mean": 53.885593795776366,
      "train_time_s_std": 9.632399852365381
    },
    "sc3_bronze": {
      "RMSE_mean": 0.7726340425101927,
      "RMSE_std": 0.021606851512084684,
      "MAE_mean": 0.5726353809720018,
      "MAE_std": 0.012239020051960346,
      "R2_mean": 0.5180713533639592,
      "R2_std": 0.0268254981566978,
      "N_mean": 6331.0,
      "N_std": 0.0,
      "PS_RMSE_mean": 0.708099756588867,
      "PS_RMSE_std": 0.036423996314492536,
      "PS_R2_mean": -2.001100594737808,
      "PS_R2_std": 0.40666771461485307,
      "N_solvents_mean": 30.0,
      "N_solvents_std": 0.0,
      "Z_RMSE_mean": 39.99917821715868,
      "Z_RMSE_std": 1.0871842426500442,
      "f_aleatoric_mean": 0.16787543536160623,
      "f_aleatoric_std": 0.008772523562605446,
      "N_with_uncertainty_mean": 4881.0,
      "N_with_uncertainty_std": 0.0,
      "train_time_s_mean": 53.885593795776366,
      "train_time_s_std": 9.632399852365381
    }
  },
  "per_seed": {
    "42": {
      "eval": {
        "RMSE": 0.4634688040025334,
        "MAE": 0.292425050524957,
        "R2": 0.8373220399579739,
        "N": 6969,
        "PS_RMSE": 0.45456472773861073,
        "PS_R2": 0.8062615426963672,
        "N_solvents": 25,
        "train_time_s": 65.55798864364624
      },
      "ood": {
        "RMSE": 0.7268211739112692,
        "MAE": 0.5215272013571319,
        "R2": 0.5310349220501365,
        "N": 11940,
        "PS_RMSE": 0.6634559884451057,
        "PS_R2": -24.54046437256498,
        "N_solvents": 146,
        "train_time_s": 65.55798864364624
      },
      "sc3_gold": {
        "RMSE": 0.7907099602998736,
        "MAE": 0.5927551760594646,
        "R2": 0.5454451310198871,
        "N": 4507,
        "PS_RMSE": 0.7838225479598647,
        "PS_R2": -9.590958684121372,
        "N_solvents": 26,
        "Z_RMSE": 45.19870368628271,
        "f_aleatoric": 0.06378660481298927,
        "N_with_uncertainty": 3449,
        "train_time_s": 65.55798864364624
      },
      "sc3_silver": {
        "RMSE": 0.7610588380693873,
        "MAE": 0.5669608165447099,
        "R2": 0.5499994420863835,
        "N": 5475,
        "PS_RMSE": 0.7234861174831986,
        "PS_R2": -6.337191822616122,
        "N_solvents": 27,
        "Z_RMSE": 41.21771116292914,
        "f_aleatoric": 0.10992402659069325,
        "N_with_uncertainty": 4212,
        "train_time_s": 65.55798864364624
      },
      "sc3_bronze": {
        "RMSE": 0.7397554136118643,
        "MAE": 0.5515541919557272,
        "R2": 0.5585598205034419,
        "N": 6331,
        "PS_RMSE": 0.6640056942048457,
        "PS_R2": -1.4505105734640387,
        "N_solvents": 30,
        "Z_RMSE": 38.331048298686504,
        "f_aleatoric": 0.1679983609916001,
        "N_with_uncertainty": 4881,
        "train_time_s": 65.55798864364624
      }
    },
    "101": {
      "eval": {
        "RMSE": 0.4728619405228121,
        "MAE": 0.28792388165091826,
        "R2": 0.8306612211235755,
        "N": 6969,
        "PS_RMSE": 0.45706495761128996,
        "PS_R2": 0.8073282907713433,
        "N_solvents": 25,
        "train_time_s": 61.4544677734375
      },
      "ood": {
        "RMSE": 0.7118616890451233,
        "MAE": 0.5187340099206528,
        "R2": 0.550140803176925,
        "N": 11940,
        "PS_RMSE": 0.6627092801739071,
        "PS_R2": -21.06850322056523,
        "N_solvents": 146,
        "train_time_s": 61.4544677734375
      },
      "sc3_gold": {
        "RMSE": 0.8322915194825468,
        "MAE": 0.6190362635305346,
        "R2": 0.49638015612841435,
        "N": 4507,
        "PS_RMSE": 0.8081793734828071,
        "PS_R2": -7.758195151880581,
        "N_solvents": 26,
        "Z_RMSE": 47.85622947046951,
        "f_aleatoric": 0.05972745723398087,
        "N_with_uncertainty": 3449,
        "train_time_s": 61.4544677734375
      },
      "sc3_silver": {
        "RMSE": 0.7973186483466281,
        "MAE": 0.5956790705695345,
        "R2": 0.506098405226703,
        "N": 5475,
        "PS_RMSE": 0.7675017185108716,
        "PS_R2": -4.328955696944665,
        "N_solvents": 27,
        "Z_RMSE": 43.623011085374834,
        "f_aleatoric": 0.09544159544159544,
        "N_with_uncertainty": 4212,
        "train_time_s": 61.4544677734375
      },
      "sc3_bronze": {
        "RMSE": 0.7754537471326273,
        "MAE": 0.5806157912182425,
        "R2": 0.5149267188660395,
        "N": 6331,
        "PS_RMSE": 0.7068966071461386,
        "PS_R2": -1.8961638728870083,
        "N_solvents": 30,
        "Z_RMSE": 40.56932832948498,
        "f_aleatoric": 0.1524277811923786,
        "N_with_uncertainty": 4881,
        "train_time_s": 61.4544677734375
      }
    },
    "123": {
      "eval": {
        "RMSE": 0.47509894296203176,
        "MAE": 0.30466539710437485,
        "R2": 0.8290552246841062,
        "N": 6969,