{
  "eval": {
    "RMSE": 1.0951177237690215,
    "MAE": 0.839157331084178,
    "R2": 0.16066217792329573,
    "N": 848,
    "PS_RMSE": 1.0690082447962999,
    "PS_R2": -0.03815448620950705,
    "N_solvents": 25
  },
  "ood": {
    "RMSE": 1.0121689272047645,
    "MAE": 0.8066002912175997,
    "R2": 0.11412417605165359,
    "N": 1500,
    "PS_RMSE": 0.895448289769799,
    "PS_R2": -109.33159258164845,
    "N_solvents": 95
  },
  "sc3_gold": {
    "RMSE": 1.048715620627349,
    "MAE": 0.7716335905305807,
    "R2": 0.1678231278203952,
    "N": 477,
    "PS_RMSE": 0.9680984300867044,
    "PS_R2": -1.0907563011629566,
    "N_solvents": 17,
    "Z_RMSE": 61.57482588439282,
    "f_aleatoric": 0.046357615894039736,
    "N_with_uncertainty": 453
  },
  "_n_train": 376,
  "_n_trainable": 129,
  "_best_epoch": 135,
  "_val_RMSE": 1.0951177237690215,
  "_elapsed_s": 1.7092595100402832,
  "_protocol": "qm",
  "_variant": "head_only",
  "_fraction": 0.05,
  "_seed": 101,
  "_approach": "filter"
}