{
  "eval": {
    "RMSE": 1.0545916366362837,
    "MAE": 0.8177096766923809,
    "R2": 0.22163405977466244,
    "N": 848,
    "PS_RMSE": 1.0604881527462051,
    "PS_R2": -0.036315987816279434,
    "N_solvents": 25
  },
  "ood": {
    "RMSE": 1.0036666295810857,
    "MAE": 0.7942862930598203,
    "R2": 0.12894451898656456,
    "N": 1500,
    "PS_RMSE": 0.9004150353575112,
    "PS_R2": -131.2696519414936,
    "N_solvents": 95
  },
  "sc3_gold": {
    "RMSE": 0.9684255710286647,
    "MAE": 0.7375048179241909,
    "R2": 0.29036886037965126,
    "N": 477,
    "PS_RMSE": 0.9266987487288333,
    "PS_R2": -0.9698591354915597,
    "N_solvents": 17,
    "Z_RMSE": 57.87246666389365,
    "f_aleatoric": 0.046357615894039736,
    "N_with_uncertainty": 453
  },
  "_n_train": 376,
  "_n_trainable": 129,
  "_best_epoch": 300,
  "_val_RMSE": 1.0545916366362837,
  "_elapsed_s": 2.6780197620391846,
  "_protocol": "qm",
  "_variant": "head_only",
  "_fraction": 0.05,
  "_seed": 789,
  "_approach": "filter"
}