{
  "eval": {
    "RMSE": 1.0978989203433906,
    "MAE": 0.8489113320099005,
    "R2": 0.15639354517732784,
    "N": 848,
    "PS_RMSE": 1.0934671345059288,
    "PS_R2": -0.08998159818285398,
    "N_solvents": 25
  },
  "ood": {
    "RMSE": 1.0365384009841743,
    "MAE": 0.8214899401021345,
    "R2": 0.07095309533527905,
    "N": 1500,
    "PS_RMSE": 0.920663453996708,
    "PS_R2": -164.45557967877693,
    "N_solvents": 95
  },
  "sc3_gold": {
    "RMSE": 1.0557974860900958,
    "MAE": 0.7887587866763461,
    "R2": 0.15654597476348875,
    "N": 477,
    "PS_RMSE": 0.9764398083334767,
    "PS_R2": -1.0424979132816063,
    "N_solvents": 17,
    "Z_RMSE": 63.21978196197405,
    "f_aleatoric": 0.03532008830022075,
    "N_with_uncertainty": 453
  },
  "_n_train": 376,
  "_n_trainable": 129,
  "_best_epoch": 292,
  "_val_RMSE": 1.0978989203433906,
  "_elapsed_s": 2.9055745601654053,
  "_protocol": "qm",
  "_variant": "head_only",
  "_fraction": 0.05,
  "_seed": 42,
  "_approach": "filter"
}