{
  "eval": {
    "RMSE": 1.072997823981788,
    "MAE": 0.8264077779796317,
    "R2": 0.19422672235848593,
    "N": 848,
    "PS_RMSE": 1.088297079367087,
    "PS_R2": -0.09068786053367457,
    "N_solvents": 25
  },
  "ood": {
    "RMSE": 1.0260069891861707,
    "MAE": 0.810241318280731,
    "R2": 0.08973574931981376,
    "N": 1500,
    "PS_RMSE": 0.9163102656478274,
    "PS_R2": -145.5844972245185,
    "N_solvents": 95
  },
  "sc3_gold": {
    "RMSE": 0.9777809403508014,
    "MAE": 0.7429142422872582,
    "R2": 0.27659200732983813,
    "N": 477,
    "PS_RMSE": 0.9313735558690341,
    "PS_R2": -1.0427372890536704,
    "N_solvents": 17,
    "Z_RMSE": 57.22478261963899,
    "f_aleatoric": 0.05518763796909492,
    "N_with_uncertainty": 453
  },
  "_n_train": 376,
  "_n_trainable": 129,
  "_best_epoch": 289,
  "_val_RMSE": 1.072997823981788,
  "_elapsed_s": 2.9600305557250977,
  "_protocol": "qm",
  "_variant": "head_only",
  "_fraction": 0.05,
  "_seed": 123,
  "_approach": "filter"
}