{
  "eval": {
    "RMSE": 1.0844191481229208,
    "MAE": 0.8305955784266841,
    "R2": 0.17698162199839085,
    "N": 848,
    "PS_RMSE": 1.0736825186707448,
    "PS_R2": -0.052860314246630825,
    "N_solvents": 25
  },
  "ood": {
    "RMSE": 0.9924077472625542,
    "MAE": 0.779544920131797,
    "R2": 0.14837747411496305,
    "N": 1500,
    "PS_RMSE": 0.8788768596111077,
    "PS_R2": -94.69272503403828,
    "N_solvents": 95
  },
  "sc3_gold": {
    "RMSE": 1.0401772454329405,
    "MAE": 0.7644289056467872,
    "R2": 0.18131870829968622,
    "N": 477,
    "PS_RMSE": 0.9371876556276737,
    "PS_R2": -1.017926224555461,
    "N_solvents": 17,
    "Z_RMSE": 62.35227216149477,
    "f_aleatoric": 0.04194260485651214,
    "N_with_uncertainty": 453
  },
  "_n_train": 376,
  "_n_trainable": 129,
  "_best_epoch": 276,
  "_val_RMSE": 1.0844191481229208,
  "_elapsed_s": 2.5522141456604004,
  "_protocol": "qm",
  "_variant": "head_only",
  "_fraction": 0.05,
  "_seed": 456,
  "_approach": "filter"
}