{
  "featurizer": "maccs",
  "model": "lightgbm",
  "hp_key": "lgb_rdkit",
  "seed": 42,
  "params": {
    "n_estimators": 3000,
    "learning_rate": 0.05,
    "num_leaves": 127,
    "min_child_samples": 10,
    "feature_fraction": 0.8,
    "bagging_fraction": 0.8,
    "bagging_freq": 5,
    "reg_alpha": 0.1,
    "reg_lambda": 5
  },
  "n_features": 338,
  "train_time_s": 12.786196231842041,
  "best_iter": 726,
  "metrics": {
    "eval": {
      "RMSE": 0.5107173177182134,
      "MAE": 0.3418172167391782,
      "R2": 0.8024628096794695,
      "N": 6969,
      "PS_RMSE": 0.4928109516215962,
      "PS_R2": 0.7762584482911682,
      "N_solvents": 25
    },
    "ood": {
      "RMSE": 0.6818922562554128,
      "MAE": 0.5033925376354409,
      "R2": 0.5872216800224259,
      "N": 11940,
      "PS_RMSE": 0.6413520873407293,
      "PS_R2": -8.885340134878437,
      "N_solvents": 146
    }
  }
}