{
  "eval": {
    "RMSE": 0.6491169368092153,
    "MAE": 0.45806943058137584,
    "R2": 0.6976634509199235,
    "N": 717,
    "PS_RMSE": 0.6331172325288275,
    "PS_R2": 0.6228076792280556,
    "N_solvents": 25
  },
  "ood": {
    "RMSE": 0.7547811549086556,
    "MAE": 0.554735420732544,
    "R2": 0.5090966185629318,
    "N": 1159,
    "PS_RMSE": 0.666492311361838,
    "PS_R2": -2.030881863167774,
    "N_solvents": 77
  },
  "sc3_gold": {
    "RMSE": 0.6117256728365638,
    "MAE": 0.44405149138678013,
    "R2": 0.7155198506688589,
    "N": 666,
    "PS_RMSE": 0.5191420924933177,
    "PS_R2": -2513.837170785271,
    "N_solvents": 25
  },
  "_n_train": 2008,
  "_n_trainable": 330497,
  "_best_epoch": 133,
  "_val_RMSE": 0.6491169368092153,
  "_elapsed_s": 3.930553436279297,
  "_protocol": "qm",
  "_variant": "full",
  "_fraction": 0.25,
  "_seed": 789,
  "_approach": "interp"
}