{
  "eval": {
    "RMSE": 0.6712468896247116,
    "MAE": 0.4568305081730732,
    "R2": 0.6766972919032697,
    "N": 717,
    "PS_RMSE": 0.6465358267606781,
    "PS_R2": 0.6384024185488362,
    "N_solvents": 25
  },
  "ood": {
    "RMSE": 0.7680106327574135,
    "MAE": 0.5561251020596067,
    "R2": 0.4917371207910064,
    "N": 1159,
    "PS_RMSE": 0.6660415896330407,
    "PS_R2": -4.741487933192635,
    "N_solvents": 77
  },
  "sc3_gold": {
    "RMSE": 0.5974627573395154,
    "MAE": 0.4307871989496108,
    "R2": 0.7286310024464264,
    "N": 666,
    "PS_RMSE": 0.4898751932515601,
    "PS_R2": -1165.508381299169,
    "N_solvents": 25
  },
  "_n_train": 2008,
  "_n_trainable": 330497,
  "_best_epoch": 112,
  "_val_RMSE": 0.6712468896247116,
  "_elapsed_s": 3.559523582458496,
  "_protocol": "qm",
  "_variant": "full",
  "_fraction": 0.25,
  "_seed": 42,
  "_approach": "interp"
}