{
  "eval": {
    "RMSE": 0.6898704183156049,
    "MAE": 0.46125389975391723,
    "R2": 0.6585085651504048,
    "N": 717,
    "PS_RMSE": 0.6820782419375473,
    "PS_R2": 0.5864157082571999,
    "N_solvents": 25
  },
  "ood": {
    "RMSE": 0.7794207986813816,
    "MAE": 0.5514675159841704,
    "R2": 0.47652263423320074,
    "N": 1159,
    "PS_RMSE": 0.6781481355160733,
    "PS_R2": -3.052830961232468,
    "N_solvents": 77
  },
  "sc3_gold": {
    "RMSE": 0.6169745385554802,
    "MAE": 0.45930993391337943,
    "R2": 0.710616985523129,
    "N": 666,
    "PS_RMSE": 0.6293249292679397,
    "PS_R2": -4763.962193376417,
    "N_solvents": 25
  },
  "_n_train": 2008,
  "_n_trainable": 330497,
  "_best_epoch": 141,
  "_val_RMSE": 0.6898704183156049,
  "_elapsed_s": 4.247575998306274,
  "_protocol": "qm",
  "_variant": "full",
  "_fraction": 0.25,
  "_seed": 101,
  "_approach": "interp"
}