{
  "eval": {
    "RMSE": 0.7011698099682633,
    "MAE": 0.5022975768260086,
    "R2": 0.6472303721635506,
    "N": 717,
    "PS_RMSE": 0.6908878046803505,
    "PS_R2": 0.5438203932270099,
    "N_solvents": 25
  },
  "ood": {
    "RMSE": 0.8381713679314645,
    "MAE": 0.6169379340854676,
    "R2": 0.39463184795205,
    "N": 1159,
    "PS_RMSE": 0.7319513395662511,
    "PS_R2": -4.2776287829249675,
    "N_solvents": 77
  },
  "sc3_gold": {
    "RMSE": 0.6631468573563859,
    "MAE": 0.47225446350922856,
    "R2": 0.665683366918857,
    "N": 666,
    "PS_RMSE": 0.5557109421687702,
    "PS_R2": -3909.422227361163,
    "N_solvents": 25
  },
  "_n_train": 2008,
  "_n_trainable": 330497,
  "_best_epoch": 65,
  "_val_RMSE": 0.7011698099682633,
  "_elapsed_s": 2.306384801864624,
  "_protocol": "qm",
  "_variant": "full",
  "_fraction": 0.25,
  "_seed": 456,
  "_approach": "interp"
}