{
  "eval": {
    "RMSE": 0.6980107382047464,
    "MAE": 0.4818755365038522,
    "R2": 0.6504019693240645,
    "N": 717,
    "PS_RMSE": 0.668736280337958,
    "PS_R2": 0.5830191936749645,
    "N_solvents": 25
  },
  "ood": {
    "RMSE": 0.7643188660639624,
    "MAE": 0.5545822295907791,
    "R2": 0.49661173597070385,
    "N": 1159,
    "PS_RMSE": 0.6484620408610401,
    "PS_R2": -1.6603240745987362,
    "N_solvents": 77
  },
  "sc3_gold": {
    "RMSE": 0.6093415447733597,
    "MAE": 0.4542619358907613,
    "R2": 0.7177329846381135,
    "N": 666,
    "PS_RMSE": 0.4455905670183292,
    "PS_R2": -249.34785598381447,
    "N_solvents": 25
  },
  "_n_train": 2008,
  "_n_trainable": 330497,
  "_best_epoch": 154,
  "_val_RMSE": 0.6980107382047464,
  "_elapsed_s": 4.587701082229614,
  "_protocol": "qm",
  "_variant": "full",
  "_fraction": 0.25,
  "_seed": 123,
  "_approach": "interp"
}