{
  "method": "fastprop_big",
  "fraction": 0.2,
  "seed": 42,
  "params": {
    "lr": 0.0005,
    "batch_size": 256,
    "hidden_dims": [
      1024,
      768,
      512,
      256,
      128
    ],
    "dropout": 0.35,
    "weight_decay": 0.001,
    "epochs": 400,
    "patience": 50,
    "lr_patience": 20
  },
  "wall_time_s": 35.39868474006653,
  "metrics": {
    "eval": {
      "RMSE": 0.5041210790148326,
      "MAE": 0.32457980311448253,
      "R2": 0.8075324944653235,
      "N": 6969,
      "PS_RMSE": 0.47973849766339716,
      "PS_R2": 0.7871597544249777,
      "N_solvents": 25
    },
    "ood": {
      "RMSE": 0.6967044089455562,
      "MAE": 0.5070533069103837,
      "R2": 0.5690940609707686,
      "N": 11940,
      "PS_RMSE": 0.6139306056401427,
      "PS_R2": -14.116714306867975,
      "N_solvents": 146
    },
    "sc3_gold": {
      "RMSE": 0.7980470007752375,
      "MAE": 0.6021068037040352,
      "R2": 0.5369703150476677,
      "N": 4507,
      "PS_RMSE": 0.8119937726513946,
      "PS_R2": -15.248849362930097,
      "N_solvents": 26,
      "Z_RMSE": 46.12985935607169,
      "f_aleatoric": 0.060887213685126125,
      "N_with_uncertainty": 3449
    },
    "_n_train": 12281,
    "_best_epoch": 151,
    "_train_RMSE_at_best": 0.2709704130470636,
    "_val_RMSE_best": 0.5041210692517537,
    "_n_params": 1679361
  }
}