{
  "method": "fastprop",
  "fraction": 0.6,
  "seed": 42,
  "params": {
    "lr": 0.0005,
    "batch_size": 256,
    "hidden_dims": [
      512,
      256,
      128
    ],
    "dropout": 0.1,
    "epochs": 100,
    "patience": 20
  },
  "wall_time_s": 32.31946277618408,
  "metrics": {
    "eval": {
      "RMSE": 0.4565961654076383,
      "MAE": 0.2853025459381639,
      "R2": 0.8421108731068536,
      "N": 6969,
      "PS_RMSE": 0.444432548564018,
      "PS_R2": 0.8105963831206907,
      "N_solvents": 25
    },
    "ood": {
      "RMSE": 0.6904672929379994,
      "MAE": 0.5003619037984277,
      "R2": 0.5767747362503644,
      "N": 11940,
      "PS_RMSE": 0.6080975116633105,
      "PS_R2": -13.191018337180024,
      "N_solvents": 146
    },
    "sc3_gold": {
      "RMSE": 0.8392623704587311,
      "MAE": 0.5906418240285015,
      "R2": 0.4879086998045995,
      "N": 4507,
      "PS_RMSE": 0.7991864813486426,
      "PS_R2": -13.694325292351122,
      "N_solvents": 26,
      "Z_RMSE": 47.920692314801315,
      "f_aleatoric": 0.04812989272252827,
      "N_with_uncertainty": 3449
    },
    "_n_train": 36842,
    "_best_epoch": 65
  }
}