{
  "method": "fastprop_xl",
  "fraction": 0.4,
  "seed": 42,
  "params": {
    "lr": 0.0003,
    "batch_size": 256,
    "hidden_dims": [
      2048,
      1536,
      1024,
      768,
      512,
      256,
      128
    ],
    "dropout": 0.2,
    "epochs": 200,
    "patience": 30
  },
  "wall_time_s": 35.55030417442322,
  "metrics": {
    "eval": {
      "RMSE": 0.4769320317720096,
      "MAE": 0.30360741570615524,
      "R2": 0.8277335569482503,
      "N": 6969,
      "PS_RMSE": 0.46578675009309867,
      "PS_R2": 0.7976250519619371,
      "N_solvents": 25
    },
    "ood": {
      "RMSE": 0.676250224020916,
      "MAE": 0.4820733376644889,
      "R2": 0.5940241441237143,
      "N": 11940,
      "PS_RMSE": 0.6170151346053755,
      "PS_R2": -14.080362965242355,
      "N_solvents": 146
    },
    "sc3_gold": {
      "RMSE": 0.8419282247727997,
      "MAE": 0.6162650914561654,
      "R2": 0.48465029333797527,
      "N": 4507,
      "PS_RMSE": 0.8123199997488857,
      "PS_R2": -8.708058331997004,
      "N_solvents": 26,
      "Z_RMSE": 49.0941830433895,
      "f_aleatoric": 0.07567410843722819,
      "N_with_uncertainty": 3449
    },
    "_n_train": 24561,
    "_best_epoch": 49
  }
}