{
  "method": "fastprop_xl",
  "fraction": 0.05,
  "seed": 42,
  "params": {
    "lr": 0.0003,
    "batch_size": 256,
    "hidden_dims": [
      2048,
      1536,
      1024,
      768,
      512,
      256,
      128
    ],
    "dropout": 0.5,
    "weight_decay": 0.01,
    "epochs": 500,
    "patience": 60,
    "lr_patience": 25
  },
  "wall_time_s": 22.88637661933899,
  "metrics": {
    "eval": {
      "RMSE": 0.6642942665547786,
      "MAE": 0.4715592861346026,
      "R2": 0.6657982561951953,
      "N": 6969,
      "PS_RMSE": 0.652610818858643,
      "PS_R2": 0.5856802386342144,
      "N_solvents": 25
    },
    "ood": {
      "RMSE": 0.822338591612786,
      "MAE": 0.6165880965401291,
      "R2": 0.399674618303101,
      "N": 11940,
      "PS_RMSE": 0.7983442968990309,
      "PS_R2": -46.02244404787133,
      "N_solvents": 146
    },
    "sc3_gold": {
      "RMSE": 0.7604791503495488,
      "MAE": 0.5960485562818826,
      "R2": 0.5795382257722957,
      "N": 4507,
      "PS_RMSE": 0.7564392014122971,
      "PS_R2": -7.463205971347427,
      "N_solvents": 26,
      "Z_RMSE": 44.12240347571232,
      "f_aleatoric": 0.04986952739924616,
      "N_with_uncertainty": 3449
    },
    "_n_train": 3070,
    "_best_epoch": 241,
    "_train_RMSE_at_best": 0.37819317805628305,
    "_val_RMSE_best": 0.664294280946959,
    "_n_params": 6736385
  }
}