{
  "train_time_s": 234.48324632644653,
  "best_epoch": 41,
  "best_val_loss": 0.14902451634407043,
  "eval": {
    "RMSE": 0.47283015459717975,
    "MAE": 0.30732854826140893,
    "R2": 0.8306839860077788,
    "N": 6969,
    "PS_RMSE": 0.458319424995321,
    "PS_R2": 0.8042994231049069,
    "N_solvents": 25
  },
  "test_hard": {
    "RMSE": 0.8333457889241245,
    "MAE": 0.6294763113244183,
    "R2": 0.4951034720300519,
    "N": 4507,
    "PS_RMSE": 0.7907671054448646,
    "PS_R2": -13.126978619823861,
    "N_solvents": 26,
    "Z_RMSE": 47.25438388291991,
    "f_aleatoric": 0.060887213685126125,
    "N_with_uncertainty": 3449
  },
  "test_medium": {
    "RMSE": 0.8118144979030247,
    "MAE": 0.6151224618650107,
    "R2": 0.48797615074795353,
    "N": 5475,
    "PS_RMSE": 0.763027869871592,
    "PS_R2": -8.705550909134248,
    "N_solvents": 27,
    "Z_RMSE": 43.169899743641515,
    "f_aleatoric": 0.09639126305792972,
    "N_with_uncertainty": 4212
  },
  "test_easy": {
    "RMSE": 0.7900319227234076,
    "MAE": 0.5959715475811921,
    "R2": 0.49651697203527856,
    "N": 6331,
    "PS_RMSE": 0.7148545956120985,
    "PS_R2": -2.155335131017533,
    "N_solvents": 30,
    "Z_RMSE": 40.14602134492667,
    "f_aleatoric": 0.15406678959229667,
    "N_with_uncertainty": 4881
  },
  "artifacts": {
    "seed_dir": "/DATATWO/users/solubility/Dhairya/sc3-benchmark-descriptor-runner/results/hpo_fastsolv_trial_002/seed_42",
    "checkpoints_dir": "/DATATWO/users/solubility/Dhairya/sc3-benchmark-descriptor-runner/results/hpo_fastsolv_trial_002/seed_42/checkpoints",
    "predictions_dir": "/DATATWO/users/solubility/Dhairya/sc3-benchmark-descriptor-runner/results/hpo_fastsolv_trial_002/seed_42/predictions",
    "epoch_history_json": "/DATATWO/users/solubility/Dhairya/sc3-benchmark-descriptor-runner/results/hpo_fastsolv_trial_002/seed_42/epoch_history.json",
    "best_model_pkl": "/DATATWO/users/solubility/Dhairya/sc3-benchmark-descriptor-runner/results/hpo_fastsolv_trial_002/seed_42/best_model.pkl",
    "run_config_json": "/DATATWO/users/solubility/Dhairya/sc3-benchmark-descriptor-runner/results/hpo_fastsolv_trial_002/seed_42/run_config.json"
  }
}