{
  "method": "molmerger",
  "fraction": 0.4,
  "seed": 42,
  "params": {
    "lr": 0.001,
    "batch_size": 256,
    "hidden_dim": 200,
    "num_layers": 3,
    "num_timesteps": 2,
    "dropout": 0.2,
    "epochs": 200,
    "patience": 25
  },
  "wall_time_s": 317.37075543403625,
  "metrics": {
    "eval": {
      "RMSE": 0.5141987310930545,
      "MAE": 0.33036264825854966,
      "R2": 0.7997605219418087,
      "N": 6969,
      "PS_RMSE": 0.503303157917589,
      "PS_R2": 0.7621461359109623,
      "N_solvents": 25,
      "n_skipped_unparseable": 0
    },
    "ood": {
      "RMSE": 0.8387041186005345,
      "MAE": 0.6082279373079073,
      "R2": 0.3755424605153904,
      "N": 11940,
      "PS_RMSE": 0.7509850686832321,
      "PS_R2": -23.656900564474608,
      "N_solvents": 146,
      "n_skipped_unparseable": 0
    },
    "sc3_gold": {
      "RMSE": 0.8972665664368816,
      "MAE": 0.685239102865899,
      "R2": 0.41467797527723693,
      "N": 4507,
      "PS_RMSE": 0.8121341195512568,
      "PS_R2": -7.450826292205102,
      "N_solvents": 26,
      "Z_RMSE": 51.09786625302102,
      "f_aleatoric": 0.0779936213395187,
      "N_with_uncertainty": 3449,
      "n_skipped_unparseable": 0
    },
    "_n_train": 24561,
    "_n_train_skipped_unparseable": 0,
    "_best_epoch": 74
  }
}