{
  "eval": {
    "RMSE": 0.5394038956623087,
    "MAE": 0.3578461194260998,
    "R2": 0.7796485763489601,
    "N": 6969,
    "PS_RMSE": 0.5276248385947542,
    "PS_R2": 0.7437079742243148,
    "N_solvents": 25,
    "train_time_s": 9.428120136260986
  },
  "ood": {
    "RMSE": 0.7721650958329508,
    "MAE": 0.5755025506581445,
    "R2": 0.47069536777983145,
    "N": 11940,
    "PS_RMSE": 0.6442409116580584,
    "PS_R2": -13.043115309997722,
    "N_solvents": 146,
    "train_time_s": 9.428120136260986
  },
  "sc3_gold": {
    "RMSE": 0.9378773689738624,
    "MAE": 0.7402596945174154,
    "R2": 0.3604949063394085,
    "N": 4507,
    "PS_RMSE": 0.9132016351388171,
    "PS_R2": -13.152843645497159,
    "N_solvents": 26,
    "Z_RMSE": 53.42316299840454,
    "f_aleatoric": 0.060307335459553496,
    "N_with_uncertainty": 3449,
    "train_time_s": 9.428120136260986
  },
  "sc3_silver": {
    "RMSE": 0.8942426330879513,
    "MAE": 0.6969162092122613,
    "R2": 0.3787200662823549,
    "N": 5475,
    "PS_RMSE": 0.845851258105881,
    "PS_R2": -8.164193646339617,
    "N_solvents": 27,
    "Z_RMSE": 48.60575476915272,
    "f_aleatoric": 0.1047008547008547,
    "N_with_uncertainty": 4212,
    "train_time_s": 9.428120136260986
  },
  "sc3_bronze": {
    "RMSE": 0.8699191092649918,
    "MAE": 0.673145899489726,
    "R2": 0.3895455027531217,
    "N": 6331,
    "PS_RMSE": 0.7764989167962724,
    "PS_R2": -4.811053120120426,
    "N_solvents": 30,
    "Z_RMSE": 45.246590881810576,
    "f_aleatoric": 0.16410571604179472,
    "N_with_uncertainty": 4881,
    "train_time_s": 9.428120136260986
  }
}