{
  "eval": {
    "RMSE": 0.5342173568928719,
    "MAE": 0.3558322622974445,
    "R2": 0.7838657009383863,
    "N": 6969,
    "PS_RMSE": 0.5219347850080839,
    "PS_R2": 0.7479548600630977,
    "N_solvents": 25,
    "train_time_s": 9.94539999961853
  },
  "ood": {
    "RMSE": 0.7789927354214239,
    "MAE": 0.5836879375650229,
    "R2": 0.461293547617307,
    "N": 11940,
    "PS_RMSE": 0.6482293989248126,
    "PS_R2": -12.665656800505989,
    "N_solvents": 146,
    "train_time_s": 9.94539999961853
  },
  "sc3_gold": {
    "RMSE": 0.9320993273733517,
    "MAE": 0.7409456525028006,
    "R2": 0.36835031446899047,
    "N": 4507,
    "PS_RMSE": 0.9483685596176117,
    "PS_R2": -16.15006774167825,
    "N_solvents": 26,
    "Z_RMSE": 53.25422570819451,
    "f_aleatoric": 0.06204697013627138,
    "N_with_uncertainty": 3449,
    "train_time_s": 9.94539999961853
  },
  "sc3_silver": {
    "RMSE": 0.8909679584910108,
    "MAE": 0.7011971639657955,
    "R2": 0.38326193095889316,
    "N": 5475,
    "PS_RMSE": 0.8747855062925206,
    "PS_R2": -10.521849057576727,
    "N_solvents": 27,
    "Z_RMSE": 48.443666915628825,
    "f_aleatoric": 0.09995251661918328,
    "N_with_uncertainty": 4212,
    "train_time_s": 9.94539999961853
  },
  "sc3_bronze": {
    "RMSE": 0.8676268838947673,
    "MAE": 0.6762612533533214,
    "R2": 0.39275834335749393,
    "N": 6331,
    "PS_RMSE": 0.8092640191664023,
    "PS_R2": -5.548853900036401,
    "N_solvents": 30,
    "Z_RMSE": 45.04840973941417,
    "f_aleatoric": 0.16246670764187665,
    "N_with_uncertainty": 4881,
    "train_time_s": 9.94539999961853
  }
}