{
  "eval": {
    "RMSE": 0.5295861170822951,
    "MAE": 0.3499749321341994,
    "R2": 0.7875968824557599,
    "N": 6969,
    "PS_RMSE": 0.514056665665776,
    "PS_R2": 0.754798937416825,
    "N_solvents": 25,
    "train_time_s": 16.902108669281006
  },
  "ood": {
    "RMSE": 0.7854129679353121,
    "MAE": 0.5873349320893938,
    "R2": 0.45237723043461964,
    "N": 11940,
    "PS_RMSE": 0.6294305367401258,
    "PS_R2": -11.096938820318911,
    "N_solvents": 146,
    "train_time_s": 16.902108669281006
  },
  "sc3_gold": {
    "RMSE": 0.9206288292768164,
    "MAE": 0.7323869154840538,
    "R2": 0.38380093313788055,
    "N": 4507,
    "PS_RMSE": 0.9273652016053325,
    "PS_R2": -15.060922204294682,
    "N_solvents": 26,
    "Z_RMSE": 53.29284547718475,
    "f_aleatoric": 0.06059727457233981,
    "N_with_uncertainty": 3449,
    "train_time_s": 16.902108669281006
  },
  "sc3_silver": {
    "RMSE": 0.8798563461424266,
    "MAE": 0.6937036177781418,
    "R2": 0.3985491729577798,
    "N": 5475,
    "PS_RMSE": 0.8678736857845805,
    "PS_R2": -9.959787020392469,
    "N_solvents": 27,
    "Z_RMSE": 48.43114259759213,
    "f_aleatoric": 0.09710351377018044,
    "N_with_uncertainty": 4212,
    "train_time_s": 16.902108669281006
  },
  "sc3_bronze": {
    "RMSE": 0.8537325322148274,
    "MAE": 0.6672241041755769,
    "R2": 0.41205159381819,
    "N": 6331,
    "PS_RMSE": 0.7884706831760137,
    "PS_R2": -4.268069902047076,
    "N_solvents": 30,
    "Z_RMSE": 45.037369614889336,
    "f_aleatoric": 0.15550092194222495,
    "N_with_uncertainty": 4881,
    "train_time_s": 16.902108669281006
  }
}