{
  "eval": {
    "RMSE": 0.5300101915337656,
    "MAE": 0.3519244208440735,
    "R2": 0.7872565759520941,
    "N": 6969,
    "PS_RMSE": 0.5174623362545642,
    "PS_R2": 0.7519373871860651,
    "N_solvents": 25,
    "train_time_s": 10.114272594451904
  },
  "ood": {
    "RMSE": 0.7695844321703528,
    "MAE": 0.5775300611600116,
    "R2": 0.4742274482788946,
    "N": 11940,
    "PS_RMSE": 0.6435450888508472,
    "PS_R2": -13.631087736567002,
    "N_solvents": 146,
    "train_time_s": 10.114272594451904
  },
  "sc3_gold": {
    "RMSE": 0.9317181677845735,
    "MAE": 0.7337902192602601,
    "R2": 0.3688668047205159,
    "N": 4507,
    "PS_RMSE": 0.91189804889732,
    "PS_R2": -12.168159340843513,
    "N_solvents": 26,
    "Z_RMSE": 53.111950768865036,
    "f_aleatoric": 0.0742244128732966,
    "N_with_uncertainty": 3449,
    "train_time_s": 10.114272594451904
  },
  "sc3_silver": {
    "RMSE": 0.8902519029349655,
    "MAE": 0.6938941800292127,
    "R2": 0.3842528560669989,
    "N": 5475,
    "PS_RMSE": 0.8582988679384782,
    "PS_R2": -8.33060881310327,
    "N_solvents": 27,
    "Z_RMSE": 48.35501605924055,
    "f_aleatoric": 0.10944919278252611,
    "N_with_uncertainty": 4212,
    "train_time_s": 10.114272594451904
  },
  "sc3_bronze": {
    "RMSE": 0.8674600843701457,
    "MAE": 0.6703355790771848,
    "R2": 0.3929918028903132,
    "N": 6331,
    "PS_RMSE": 0.7931563492075959,
    "PS_R2": -5.0776950257754265,
    "N_solvents": 30,
    "Z_RMSE": 45.00137436757714,
    "f_aleatoric": 0.1698422454415079,
    "N_with_uncertainty": 4881,
    "train_time_s": 10.114272594451904
  }
}