{
  "method": "lgb",
  "featurizer": "morgan",
  "seeds": [
    42,
    101,
    123,
    456,
    789
  ],
  "params": {
    "n_estimators": 3000,
    "learning_rate": 0.05,
    "num_leaves": 127,
    "min_child_samples": 10,
    "feature_fraction": 0.8,
    "bagging_fraction": 0.8,
    "bagging_freq": 5,
    "reg_alpha": 0.1,
    "reg_lambda": 5
  },
  "aggregated": {
    "eval": {
      "RMSE_mean": 0.532395110408289,
      "RMSE_std": 0.003981220241719776,
      "MAE_mean": 0.35336762650944387,
      "MAE_std": 0.0029720349503652484,
      "R2_mean": 0.7853256756466754,
      "R2_std": 0.003220613904157693,
      "N_mean": 6969.0,
      "N_std": 0.0,
      "PS_RMSE_mean": 0.5195607193060554,
      "PS_RMSE_std": 0.004762467725471854,
      "PS_R2_mean": 0.7499369089085748,
      "PS_R2_std": 0.003799678118195857,
      "N_solvents_mean": 25.0,
      "N_solvents_std": 0.0,
      "train_time_s_mean": 12.133774995803833,
      "train_time_s_std": 2.950485596530553
    },
    "ood": {
      "RMSE_mean": 0.7776390084954532,
      "RMSE_std": 0.005940942775217474,
      "MAE_mean": 0.5815567262545777,
      "MAE_std": 0.004370626464718805,
      "R2_mean": 0.4631329071403417,
      "R2_std": 0.008198718255588449,
      "N_mean": 11940.0,
      "N_std": 0.0,
      "PS_RMSE_mean": 0.6419133671263063,
      "PS_RMSE_std": 0.006460131429895434,
      "PS_R2_mean": -12.614726271480157,
      "PS_R2_std": 0.8394366152920841,
      "N_solvents_mean": 146.0,
      "N_solvents_std": 0.0,
      "train_time_s_mean": 12.133774995803833,
      "train_time_s_std": 2.950485596530553
    },
    "sc3_gold": {
      "RMSE_mean": 0.931796953742189,
      "RMSE_std": 0.006090250718246176,
      "MAE_mean": 0.7394655193890763,
      "MAE_std": 0.00624434305470402,
      "R2_mean": 0.36873309678426247,
      "R2_std": 0.008226491305001188,
      "N_mean": 4507.0,
      "N_std": 0.0,
      "PS_RMSE_mean": 0.9241870597349269,
      "PS_RMSE_std": 0.013290852297126749,
      "PS_R2_mean": -13.754848245102247,
      "PS_R2_std": 1.5881344688031742,
      "N_solvents_mean": 26.0,
      "N_solvents_std": 0.0,
      "Z_RMSE_mean": 53.4880754282254,
      "Z_RMSE_std": 0.44622572421112994,
      "f_aleatoric_mean": 0.06193099449115687,
      "f_aleatoric_std": 0.006998532022560765,
      "N_with_uncertainty_mean": 3449.0,
      "N_with_uncertainty_std": 0.0,
      "train_time_s_mean": 12.133774995803833,
      "train_time_s_std": 2.950485596530553
    },
    "sc3_silver": {
      "RMSE_mean": 0.8902237998054371,
      "RMSE_std": 0.005572888895220687,
      "MAE_mean": 0.698980235549479,
      "MAE_std": 0.005781436852470423,
      "R2_mean": 0.38426760190063614,
      "R2_std": 0.007684398840047819,
      "N_mean": 5475.0,
      "N_std": 0.0,
      "PS_RMSE_mean": 0.8617194020157932,
      "PS_RMSE_std": 0.009717005688101328,
      "PS_R2_mean": -8.868976013454674,
      "PS_R2_std": 1.1798321165916212,
      "N_solvents_mean": 27.0,
      "N_solvents_std": 0.0,
      "Z_RMSE_mean": 48.6531122494397,
      "Z_RMSE_std": 0.39692993151103945,
      "f_aleatoric_mean": 0.0999525166191833,
      "f_aleatoric_std": 0.007081235282927729,
      "N_with_uncertainty_mean": 4212.0,
      "N_with_uncertainty_std": 0.0,
      "train_time_s_mean": 12.133774995803833,
      "train_time_s_std": 2.950485596530553
    },
    "sc3_bronze": {
      "RMSE_mean": 0.8660868812377297,
      "RMSE_std": 0.006372332951900397,
      "MAE_mean": 0.6741735839790106,
      "MAE_std": 0.005710767071827814,
      "R2_mean": 0.39487933293458494,
      "R2_std": 0.008862337865894604,
      "N_mean": 6331.0,
      "N_std": 0.0,
      "PS_RMSE_mean": 0.7917487558694549,
      "PS_RMSE_std": 0.010509282574539041,
      "PS_R2_mean": -4.728316991429354,
      "PS_R2_std": 0.5730484361116644,
      "N_solvents_mean": 30.0,
      "N_solvents_std": 0.0,
      "Z_RMSE_mean": 45.27076828232953,
      "Z_RMSE_std": 0.38433556350927023,
      "f_aleatoric_mean": 0.1604179471419791,
      "f_aleatoric_std": 0.006866252019062787,
      "N_with_uncertainty_mean": 4881.0,
      "N_with_uncertainty_std": 0.0,
      "train_time_s_mean": 12.133774995803833,
      "train_time_s_std": 2.950485596530553
    }
  },
  "per_seed": {
    "42": {
      "eval": {
        "RMSE": 0.5287579908702038,
        "MAE": 0.3512603978454021,
        "R2": 0.7882606425381766,
        "N": 6969,
        "PS_RMSE": 0.5167249710070988,
        "PS_R2": 0.7512853856525713,
        "N_solvents": 25,
        "train_time_s": 14.278973579406738
      },
      "ood": {
        "RMSE": 0.7820398111172259,
        "MAE": 0.5837281498003156,
        "R2": 0.45707094159105566,
        "N": 11940,
        "PS_RMSE": 0.6441208994576876,
        "PS_R2": -12.636832690011158,
        "N_solvents": 146,
        "train_time_s": 14.278973579406738
      },
      "sc3_gold": {
        "RMSE": 0.9366610753023406,
        "MAE": 0.7499451151808516,
        "R2": 0.3621525252545167,
        "N": 4507,
        "PS_RMSE": 0.920101853415553,
        "PS_R2": -12.242248293197635,
        "N_solvents": 26,
        "Z_RMSE": 54.358192188478114,
        "f_aleatoric": 0.052478979414322995,
        "N_with_uncertainty": 3449,
        "train_time_s": 14.278973579406738
      },
      "sc3_silver": {
        "RMSE": 0.8958001583708319,
        "MAE": 0.7091900067619838,
        "R2": 0.37655398323715383,
        "N": 5475,
        "PS_RMSE": 0.8617876919575054,
        "PS_R2": -7.36844152986129,
        "N_solvents": 27,
        "Z_RMSE": 49.42998090558431,
        "f_aleatoric": 0.08855650522317189,
        "N_with_uncertainty": 4212,
        "train_time_s": 14.278973579406738
      },
      "sc3_bronze": {
        "RMSE": 0.8716957964439168,
        "MAE": 0.683901083799244,
        "R2": 0.38704942185380575,
        "N": 6331,
        "PS_RMSE": 0.7913538110009901,
        "PS_R2": -3.9359130091674386,
        "N_solvents": 30,
        "Z_RMSE": 46.02009680795642,
        "f_aleatoric": 0.1501741446424913,
        "N_with_uncertainty": 4881,
        "train_time_s": 14.278973579406738
      }
    },
    "101": {
      "eval": {
        "RMSE": 0.5342173568928719,
        "MAE": 0.3558322622974445,
        "R2": 0.7838657009383863,
        "N": 6969,
        "PS_RMSE": 0.5219347850080839,
        "PS_R2": 0.7479548600630977,
        "N_solvents": 25,
        "train_time_s": 9.94539999961853
      },
      "ood": {
        "RMSE": 0.7789927354214239,
        "MAE": 0.5836879375650229,
        "R2": 0.461293547617307,
        "N": 11940,
        "PS_RMSE": 0.6482293989248126,
        "PS_R2": -12.665656800505989,
        "N_solvents": 146,
        "train_time_s": 9.94539999961853
      },
      "sc3_gold": {
        "RMSE": 0.9320993273733517,
        "MAE": 0.7409456525028006,
        "R2": 0.36835031446899047,
        "N": 4507,
        "PS_RMSE": 0.9483685596176117,
        "PS_R2": -16.15006774167825,
        "N_solvents": 26,
        "Z_RMSE": 53.25422570819451,
        "f_aleatoric": 0.06204697013627138,
        "N_with_uncertainty": 3449,
        "train_time_s": 9.94539999961853
      },
      "sc3_silver": {
        "RMSE": 0.8909679584910108,
        "MAE": 0.7011971639657955,
        "R2": 0.38326193095889316,
        "N": 5475,
        "PS_RMSE": 0.8747855062925206,
        "PS_R2": -10.521849057576727,
        "N_solvents": 27,
        "Z_RMSE": 48.443666915628825,
        "f_aleatoric": 0.09995251661918328,
        "N_with_uncertainty": 4212,
        "train_time_s": 9.94539999961853
      },
      "sc3_bronze": {
        "RMSE": 0.8676268838947673,
        "MAE": 0.6762612533533214,
        "R2": 0.39275834335749393,
        "N": 6331,
        "PS_RMSE": 0.8092640191664023,
        "PS_R2": -5.548853900036401,
        "N_solvents": 30,
        "Z_RMSE": 45.04840973941417,
        "f_aleatoric": 0.16246670764187665,
        "N_with_uncertainty": 4881,
        "train_time_s": 9.94539999961853
      }
    },