{
  "eval": {
    "RMSE": 1.0106940964891131,
    "MAE": 0.7833312775951784,
    "R2": 0.2850846268307422,
    "N": 848,
    "PS_RMSE": 1.0224410139283233,
    "PS_R2": 0.04250478705066927,
    "N_solvents": 25
  },
  "ood": {
    "RMSE": 0.9699414931597379,
    "MAE": 0.7687249528917018,
    "R2": 0.18649931080439153,
    "N": 1500,
    "PS_RMSE": 0.8529412495346892,
    "PS_R2": -101.6961649431783,
    "N_solvents": 95
  },
  "sc3_gold": {
    "RMSE": 0.9257671941438694,
    "MAE": 0.7065004682523712,
    "R2": 0.35150931566246446,
    "N": 477,
    "PS_RMSE": 0.902575427419742,
    "PS_R2": -0.7274518030404471,
    "N_solvents": 17,
    "Z_RMSE": 53.84801441215816,
    "f_aleatoric": 0.05518763796909492,
    "N_with_uncertainty": 453
  },
  "_n_train": 7506,
  "_n_trainable": 129,
  "_best_epoch": 266,
  "_val_RMSE": 1.0106940964891131,
  "_elapsed_s": 15.305331707000732,
  "_protocol": "qm",
  "_variant": "head_only",
  "_fraction": 1.0,
  "_seed": 123,
  "_approach": "filter"
}