{
  "eval": {
    "RMSE": 0.9918475989585467,
    "MAE": 0.7763012838895863,
    "R2": 0.31149821470729544,
    "N": 848,
    "PS_RMSE": 1.0077697564870511,
    "PS_R2": 0.06758748644715915,
    "N_solvents": 25
  },
  "ood": {
    "RMSE": 0.9675041843391529,
    "MAE": 0.7713130910150552,
    "R2": 0.19058256994621547,
    "N": 1500,
    "PS_RMSE": 0.8436612290180087,
    "PS_R2": -80.6844408492272,
    "N_solvents": 95
  },
  "sc3_gold": {
    "RMSE": 0.9029858634140948,
    "MAE": 0.7030729682260902,
    "R2": 0.3830328078067421,
    "N": 477,
    "PS_RMSE": 0.8936425134198255,
    "PS_R2": -0.776580664466695,
    "N_solvents": 17,
    "Z_RMSE": 53.40472049837317,
    "f_aleatoric": 0.04856512141280353,
    "N_with_uncertainty": 453
  },
  "_n_train": 7506,
  "_n_trainable": 129,
  "_best_epoch": 216,
  "_val_RMSE": 0.9918475989585467,
  "_elapsed_s": 12.267293930053711,
  "_protocol": "qm",
  "_variant": "head_only",
  "_fraction": 1.0,
  "_seed": 789,
  "_approach": "filter"
}