{
  "eval": {
    "RMSE": 1.0262113405206397,
    "MAE": 0.7938365646070177,
    "R2": 0.26296383669243983,
    "N": 848,
    "PS_RMSE": 1.0285980395548902,
    "PS_R2": 0.03416926067507237,
    "N_solvents": 25
  },
  "ood": {
    "RMSE": 0.9889915571255823,
    "MAE": 0.7848915223431928,
    "R2": 0.15423050598699206,
    "N": 1500,
    "PS_RMSE": 0.8613694992559492,
    "PS_R2": -76.3836532723281,
    "N_solvents": 95
  },
  "sc3_gold": {
    "RMSE": 0.9879260108319211,
    "MAE": 0.7346009230534049,
    "R2": 0.26150253649504607,
    "N": 477,
    "PS_RMSE": 0.9236359880225458,
    "PS_R2": -0.7462747661286534,
    "N_solvents": 17,
    "Z_RMSE": 60.34287945599022,
    "f_aleatoric": 0.05739514348785872,
    "N_with_uncertainty": 453
  },
  "_n_train": 7506,
  "_n_trainable": 129,
  "_best_epoch": 251,
  "_val_RMSE": 1.0262113405206397,
  "_elapsed_s": 14.631449937820435,
  "_protocol": "qm",
  "_variant": "head_only",
  "_fraction": 1.0,
  "_seed": 456,
  "_approach": "filter"
}