{
  "eval": {
    "RMSE": 1.0442371820678105,
    "MAE": 0.8087235278057875,
    "R2": 0.23684371690065364,
    "N": 848,
    "PS_RMSE": 1.0513739467315135,
    "PS_R2": -0.012718393687752383,
    "N_solvents": 25
  },
  "ood": {
    "RMSE": 1.0105040581628932,
    "MAE": 0.7988203205418928,
    "R2": 0.11703605019591512,
    "N": 1500,
    "PS_RMSE": 0.8964608336870447,
    "PS_R2": -97.80185756448103,
    "N_solvents": 95
  },
  "sc3_gold": {
    "RMSE": 0.9750520720873481,
    "MAE": 0.7396502782409109,
    "R2": 0.2806242610076527,
    "N": 477,
    "PS_RMSE": 0.9129224367419313,
    "PS_R2": -0.6645763840692667,
    "N_solvents": 17,
    "Z_RMSE": 57.086349939524816,
    "f_aleatoric": 0.039735099337748346,
    "N_with_uncertainty": 453
  },
  "_n_train": 7506,
  "_n_trainable": 129,
  "_best_epoch": 213,
  "_val_RMSE": 1.0442371820678105,
  "_elapsed_s": 13.34922456741333,
  "_protocol": "qm",
  "_variant": "head_only",
  "_fraction": 1.0,
  "_seed": 101,
  "_approach": "filter"
}