{
  "eval": {
    "RMSE": 1.0179822520252857,
    "MAE": 0.7995154981074178,
    "R2": 0.2747368852016552,
    "N": 848,
    "PS_RMSE": 1.0321020925067075,
    "PS_R2": 0.02350988338646384,
    "N_solvents": 25
  },
  "ood": {
    "RMSE": 0.9941217895027487,
    "MAE": 0.7882522221358959,
    "R2": 0.14543316505446902,
    "N": 1500,
    "PS_RMSE": 0.8674463951695764,
    "PS_R2": -112.45192977442241,
    "N_solvents": 95
  },
  "sc3_gold": {
    "RMSE": 0.9820885663703719,
    "MAE": 0.7535719768626448,
    "R2": 0.2702040013292222,
    "N": 477,
    "PS_RMSE": 0.9152741449078365,
    "PS_R2": -0.739137710174138,
    "N_solvents": 17,
    "Z_RMSE": 59.0528191754757,
    "f_aleatoric": 0.04856512141280353,
    "N_with_uncertainty": 453
  },
  "_n_train": 7506,
  "_n_trainable": 129,
  "_best_epoch": 152,
  "_val_RMSE": 1.0179822520252857,
  "_elapsed_s": 10.23867392539978,
  "_protocol": "qm",
  "_variant": "head_only",
  "_fraction": 1.0,
  "_seed": 42,
  "_approach": "filter"
}