{
  "method": "hpo_gnn_gcn",
  "n_seeds": 30,
  "eval_RMSE_mean": 0.5996445342234705,
  "eval_RMSE_std": 0.0413019634623003,
  "eval_MAE_mean": 0.4086003543146523,
  "eval_MAE_std": 0.03851802085828676,
  "eval_R2_mean": 0.7263906547087068,
  "eval_R2_std": 0.037903885729974794,
  "eval_PS_RMSE_mean": 0.5965794926214663,
  "eval_PS_RMSE_std": 0.04377949153389844,
  "eval_PS_R2_mean": 0.6597773641209125,
  "eval_PS_R2_std": 0.05108291606873064,
  "test_hard_RMSE_mean": 1.0905909976476498,
  "test_hard_RMSE_std": 0.054228979961817116,
  "test_hard_MAE_mean": 0.841352553998033,
  "test_hard_MAE_std": 0.04173196322537984,
  "test_hard_R2_mean": 0.13314155325495464,
  "test_hard_R2_std": 0.0858582196851924,
  "test_hard_PS_RMSE_mean": 1.0160785071381604,
  "test_hard_PS_RMSE_std": 0.07184509734240077,
  "test_hard_PS_R2_mean": -18.838529524470683,
  "test_hard_PS_R2_std": 9.903855273189683,
  "test_hard_Z_RMSE_mean": 60.86193798985214,
  "test_hard_Z_RMSE_std": 2.8216815036472993,
  "test_medium_RMSE_mean": 1.0507600793200855,
  "test_medium_RMSE_std": 0.04846940147294906,
  "test_medium_MAE_mean": 0.809237337130244,
  "test_medium_MAE_std": 0.03815837036002059,
  "test_medium_R2_mean": 0.14037939285663983,
  "test_medium_R2_std": 0.07908522963142146,
  "test_medium_PS_RMSE_mean": 0.9618643718910267,
  "test_medium_PS_RMSE_std": 0.06349198208852053,
  "test_medium_PS_R2_mean": -14.289144023268102,
  "test_medium_PS_R2_std": 9.38662193296474,
  "test_medium_Z_RMSE_mean": 55.54388861568581,
  "test_medium_Z_RMSE_std": 2.5319034714160162,
  "test_easy_RMSE_mean": 1.0448567957603547,
  "test_easy_RMSE_std": 0.04658416056989973,
  "test_easy_MAE_mean": 0.8040739231093613,
  "test_easy_MAE_std": 0.03624100285309295,
  "test_easy_R2_mean": 0.11758778144724137,
  "test_easy_R2_std": 0.0784785457619365,
  "test_easy_PS_RMSE_mean": 0.9314793909494767,
  "test_easy_PS_RMSE_std": 0.06608132758120044,
  "test_easy_PS_R2_mean": -5.13008474700139,
  "test_easy_PS_R2_std": 1.8414905430238064,
  "test_easy_Z_RMSE_mean": 51.99809395518751,
  "test_easy_Z_RMSE_std": 2.3714540255491188,
  "train_time_mean_s": 716.1915321747462
}