{
  "eval": {
    "RMSE": 0.5175581932760225,
    "MAE": 0.3352365013669482,
    "R2": 0.7971354884288364,
    "N": 6969,
    "PS_RMSE": 0.4962058487463487,
    "PS_R2": 0.7759245539777452,
    "N_solvents": 25,
    "train_time_s": 17.376376628875732
  },
  "ood": {
    "RMSE": 0.6241521772819612,
    "MAE": 0.4495389710987066,
    "R2": 0.6541670719055234,
    "N": 11940,
    "PS_RMSE": 0.5161065621636477,
    "PS_R2": -7.026929942291231,
    "N_solvents": 146,
    "train_time_s": 17.376376628875732
  },
  "sc3_gold": {
    "RMSE": 0.7513717787150236,
    "MAE": 0.5784226236417109,
    "R2": 0.5895486832449919,
    "N": 4507,
    "PS_RMSE": 0.6763999351599629,
    "PS_R2": -4.835541901770296,
    "N_solvents": 26,
    "Z_RMSE": 43.311119964272095,
    "f_aleatoric": 0.08756161206146709,
    "N_with_uncertainty": 3449,
    "train_time_s": 17.376376628875732
  },
  "sc3_silver": {
    "RMSE": 0.7169035143522706,
    "MAE": 0.5465458586415572,
    "R2": 0.6007012014146675,
    "N": 5475,
    "PS_RMSE": 0.6252903682228838,
    "PS_R2": -1.7535963397880456,
    "N_solvents": 27,
    "Z_RMSE": 39.46735489236153,
    "f_aleatoric": 0.14411206077872746,
    "N_with_uncertainty": 4212,
    "train_time_s": 17.376376628875732
  },
  "sc3_bronze": {
    "RMSE": 0.7062230703484624,
    "MAE": 0.5394751445561595,
    "R2": 0.5976728350622948,
    "N": 6331,
    "PS_RMSE": 0.634341700419131,
    "PS_R2": -2.298077863489959,
    "N_solvents": 30,
    "Z_RMSE": 36.78313924928707,
    "f_aleatoric": 0.19954927269002254,
    "N_with_uncertainty": 4881,
    "train_time_s": 17.376376628875732
  }
}