{
  "eval": {
    "RMSE": 0.5159366089126505,
    "MAE": 0.33407041921724084,
    "R2": 0.7984047044573965,
    "N": 6969,
    "PS_RMSE": 0.49660700237955735,
    "PS_R2": 0.7753032078012362,
    "N_solvents": 25,
    "train_time_s": 17.70158100128174
  },
  "ood": {
    "RMSE": 0.6237033973064454,
    "MAE": 0.4487441082797353,
    "R2": 0.6546642169973762,
    "N": 11940,
    "PS_RMSE": 0.515709934712255,
    "PS_R2": -6.806735072266758,
    "N_solvents": 146,
    "train_time_s": 17.70158100128174
  },
  "sc3_gold": {
    "RMSE": 0.7523834046547518,
    "MAE": 0.5799830815602218,
    "R2": 0.5884426988754852,
    "N": 4507,
    "PS_RMSE": 0.680361518653631,
    "PS_R2": -4.427083439227378,
    "N_solvents": 26,
    "Z_RMSE": 43.43941023926932,
    "f_aleatoric": 0.08350246448245868,
    "N_with_uncertainty": 3449,
    "train_time_s": 17.70158100128174
  },
  "sc3_silver": {
    "RMSE": 0.7176750559571287,
    "MAE": 0.5470755177516143,
    "R2": 0.5998412770109927,
    "N": 5475,
    "PS_RMSE": 0.6290109489712575,
    "PS_R2": -1.7352191277834141,
    "N_solvents": 27,
    "Z_RMSE": 39.56993309078022,
    "f_aleatoric": 0.14245014245014245,
    "N_with_uncertainty": 4212,
    "train_time_s": 17.70158100128174
  },
  "sc3_bronze": {
    "RMSE": 0.7053205906809211,
    "MAE": 0.5383055685064222,
    "R2": 0.5987004426393361,
    "N": 6331,
    "PS_RMSE": 0.6331076488157404,
    "PS_R2": -2.162659166282911,
    "N_solvents": 30,
    "Z_RMSE": 36.850173122394864,
    "f_aleatoric": 0.1997541487400123,
    "N_with_uncertainty": 4881,
    "train_time_s": 17.70158100128174
  }
}