{
  "eval": {
    "RMSE": 0.5178885420861983,
    "MAE": 0.3359875832682525,
    "R2": 0.7968764356749164,
    "N": 6969,
    "PS_RMSE": 0.49707272270807756,
    "PS_R2": 0.775052327966696,
    "N_solvents": 25,
    "train_time_s": 17.773659706115723
  },
  "ood": {
    "RMSE": 0.6243615624273244,
    "MAE": 0.44949832433629416,
    "R2": 0.6539349989378169,
    "N": 11940,
    "PS_RMSE": 0.5171680593813244,
    "PS_R2": -7.299686231532779,
    "N_solvents": 146,
    "train_time_s": 17.773659706115723
  },
  "sc3_gold": {
    "RMSE": 0.7498323934380273,
    "MAE": 0.5789923488387214,
    "R2": 0.5912287981568003,
    "N": 4507,
    "PS_RMSE": 0.6852836698755541,
    "PS_R2": -5.1778160225906,
    "N_solvents": 26,
    "Z_RMSE": 43.02363026370444,
    "f_aleatoric": 0.0779936213395187,
    "N_with_uncertainty": 3449,
    "train_time_s": 17.773659706115723
  },
  "sc3_silver": {
    "RMSE": 0.7159741346058789,
    "MAE": 0.5468556847040655,
    "R2": 0.6017358167155964,
    "N": 5475,
    "PS_RMSE": 0.6287573345182156,
    "PS_R2": -1.7666473135783038,
    "N_solvents": 27,
    "Z_RMSE": 39.20833949778708,
    "f_aleatoric": 0.13746438746438747,
    "N_with_uncertainty": 4212,
    "train_time_s": 17.773659706115723
  },
  "sc3_bronze": {
    "RMSE": 0.7053320069731761,
    "MAE": 0.5396115392301386,
    "R2": 0.5986874516954561,
    "N": 6331,
    "PS_RMSE": 0.6377316328163606,
    "PS_R2": -2.227710881707759,
    "N_solvents": 30,
    "Z_RMSE": 36.53585668041899,
    "f_aleatoric": 0.1946322474902684,
    "N_with_uncertainty": 4881,
    "train_time_s": 17.773659706115723
  }
}