{
  "eval": {
    "RMSE": 0.5192254024623066,
    "MAE": 0.335383711115797,
    "R2": 0.7958264092509949,
    "N": 6969,
    "PS_RMSE": 0.49812043414956064,
    "PS_R2": 0.7738987863164413,
    "N_solvents": 25,
    "train_time_s": 17.551425218582153
  },
  "ood": {
    "RMSE": 0.6259041768106832,
    "MAE": 0.45130986186654476,
    "R2": 0.6522228360903899,
    "N": 11940,
    "PS_RMSE": 0.5188617606921684,
    "PS_R2": -7.304799161817569,
    "N_solvents": 146,
    "train_time_s": 17.551425218582153
  },
  "sc3_gold": {
    "RMSE": 0.7529644500480651,
    "MAE": 0.5800984001806905,
    "R2": 0.5878067842325354,
    "N": 4507,
    "PS_RMSE": 0.6850236495422043,
    "PS_R2": -4.754251319110941,
    "N_solvents": 26,
    "Z_RMSE": 43.371526900037125,
    "f_aleatoric": 0.08640185561032183,
    "N_with_uncertainty": 3449,
    "train_time_s": 17.551425218582153
  },
  "sc3_silver": {
    "RMSE": 0.7185823961286121,
    "MAE": 0.5477818783551879,
    "R2": 0.5988288143421341,
    "N": 5475,
    "PS_RMSE": 0.6312690980802775,
    "PS_R2": -1.7947629761547996,
    "N_solvents": 27,
    "Z_RMSE": 39.523507590132354,
    "f_aleatoric": 0.14387464387464388,
    "N_with_uncertainty": 4212,
    "train_time_s": 17.551425218582153
  },
  "sc3_bronze": {
    "RMSE": 0.7068330987966914,
    "MAE": 0.5398206426432978,
    "R2": 0.5969774824836296,
    "N": 6331,
    "PS_RMSE": 0.6315793639459609,
    "PS_R2": -2.136189739471395,
    "N_solvents": 30,
    "Z_RMSE": 36.82528134124392,
    "f_aleatoric": 0.19954927269002254,
    "N_with_uncertainty": 4881,
    "train_time_s": 17.551425218582153
  }
}