{
  "eval": {
    "RMSE": 0.5167107690465476,
    "MAE": 0.33464623077609873,
    "R2": 0.7977992652341503,
    "N": 6969,
    "PS_RMSE": 0.4952449608515307,
    "PS_R2": 0.7766574246527466,
    "N_solvents": 25,
    "train_time_s": 17.6876380443573
  },
  "ood": {
    "RMSE": 0.6235606887110673,
    "MAE": 0.4486198398007973,
    "R2": 0.6548222303948545,
    "N": 11940,
    "PS_RMSE": 0.5157501342383951,
    "PS_R2": -7.0210025175436055,
    "N_solvents": 146,
    "train_time_s": 17.6876380443573
  },
  "sc3_gold": {
    "RMSE": 0.7495260124543633,
    "MAE": 0.5774845413235923,
    "R2": 0.5915627771568517,
    "N": 4507,
    "PS_RMSE": 0.686696023960298,
    "PS_R2": -5.307461709599742,
    "N_solvents": 26,
    "Z_RMSE": 43.11148203704894,
    "f_aleatoric": 0.09046100318933024,
    "N_with_uncertainty": 3449,
    "train_time_s": 17.6876380443573
  },
  "sc3_silver": {
    "RMSE": 0.7156846682230332,
    "MAE": 0.5455489391255365,
    "R2": 0.6020577858551499,
    "N": 5475,
    "PS_RMSE": 0.6303295496508377,
    "PS_R2": -1.8298030190288586,
    "N_solvents": 27,
    "Z_RMSE": 39.28377288239364,
    "f_aleatoric": 0.14316239316239315,
    "N_with_uncertainty": 4212,
    "train_time_s": 17.6876380443573
  },
  "sc3_bronze": {
    "RMSE": 0.7057067448813855,
    "MAE": 0.5390593620086968,
    "R2": 0.5982609093772737,
    "N": 6331,
    "PS_RMSE": 0.6356302544310307,
    "PS_R2": -2.3007414179141095,
    "N_solvents": 30,
    "Z_RMSE": 36.61167225194971,
    "f_aleatoric": 0.19954927269002254,
    "N_with_uncertainty": 4881,
    "train_time_s": 17.6876380443573
  }
}