{
  "method": "rf",
  "featurizer": "rdkit",
  "seeds": [
    42,
    101,
    123,
    456,
    789
  ],
  "params": {
    "n_estimators": 1000,
    "max_depth": null,
    "min_samples_split": 2,
    "min_samples_leaf": 1,
    "max_features": "sqrt"
  },
  "aggregated": {
    "eval": {
      "RMSE_mean": 0.5174639031567451,
      "RMSE_std": 0.0011128276907483826,
      "MAE_mean": 0.33506488914886745,
      "MAE_std": 0.0006552416219896269,
      "R2_mean": 0.7972084606092589,
      "R2_std": 0.0008724311894952358,
      "N_mean": 6969.0,
      "N_std": 0.0,
      "PS_RMSE_mean": 0.496650193767015,
      "PS_RMSE_std": 0.0009501710402454268,
      "PS_R2_mean": 0.7753672601429731,
      "PS_R2_std": 0.0009203044320114554,
      "N_solvents_mean": 25.0,
      "N_solvents_std": 0.0,
      "train_time_s_mean": 17.61813611984253,
      "train_time_s_std": 0.14062656040480567
    },
    "ood": {
      "RMSE_mean": 0.6243364005074963,
      "RMSE_std": 0.00083605211554427,
      "MAE_mean": 0.4495422210764156,
      "MAE_std": 0.0009606521433810398,
      "R2_mean": 0.6539622708651922,
      "R2_std": 0.0009274243176755947,
      "N_mean": 11940.0,
      "N_std": 0.0,
      "PS_RMSE_mean": 0.516719290237558,
      "PS_RMSE_std": 0.0011937395874315425,
      "PS_R2_mean": -7.091830585090389,
      "PS_R2_std": 0.1892446799524413,
      "N_solvents_mean": 146.0,
      "N_solvents_std": 0.0,
      "train_time_s_mean": 17.61813611984253,
      "train_time_s_std": 0.14062656040480567
    },
    "sc3_gold": {
      "RMSE_mean": 0.7512156078620462,
      "RMSE_std": 0.0013575420774657083,
      "MAE_mean": 0.5789961991089874,
      "MAE_std": 0.000980091534134041,
      "R2_mean": 0.5897179483333328,
      "R2_std": 0.0014828027951960616,
      "N_mean": 4507.0,
      "N_std": 0.0,
      "PS_RMSE_mean": 0.6827529594383301,
      "PS_RMSE_std": 0.003825916705772735,
      "PS_R2_mean": -4.900430878459791,
      "PS_R2_std": 0.3137685314935407,
      "N_solvents_mean": 26.0,
      "N_solvents_std": 0.0,
      "Z_RMSE_mean": 43.25143388086638,
      "Z_RMSE_std": 0.1579878980835276,
      "f_aleatoric_mean": 0.08518411133661932,
      "f_aleatoric_std": 0.004231124696307266,
      "N_with_uncertainty_mean": 3449.0,
      "N_with_uncertainty_std": 0.0,
      "train_time_s_mean": 17.61813611984253,
      "train_time_s_std": 0.14062656040480567
    },
    "sc3_silver": {
      "RMSE_mean": 0.7169639538533847,
      "RMSE_std": 0.0010719130935149467,
      "MAE_mean": 0.5467615757155924,
      "MAE_std": 0.0007301308013816804,
      "R2_mean": 0.6006329790677081,
      "R2_std": 0.0011943853692487783,
      "N_mean": 5475.0,
      "N_std": 0.0,
      "PS_RMSE_mean": 0.6289314598886944,
      "PS_RMSE_std": 0.0020353571664690553,
      "PS_R2_mean": -1.7760057552666844,
      "PS_R2_std": 0.033164107821952976,
      "N_solvents_mean": 27.0,
      "N_solvents_std": 0.0,
      "Z_RMSE_mean": 39.41058159069097,
      "Z_RMSE_std": 0.1402502779714093,
      "f_aleatoric_mean": 0.14221272554605888,
      "f_aleatoric_std": 0.0024443566336626323,
      "N_with_uncertainty_mean": 4212.0,
      "N_with_uncertainty_std": 0.0,
      "train_time_s_mean": 17.61813611984253,
      "train_time_s_std": 0.14062656040480567
    },
    "sc3_bronze": {
      "RMSE_mean": 0.7058831023361274,
      "RMSE_std": 0.0005778060120226466,
      "MAE_mean": 0.539254451388943,
      "MAE_std": 0.000535766428197863,
      "R2_mean": 0.5980598242515981,
      "R2_std": 0.0006581743978743843,
      "N_mean": 6331.0,
      "N_std": 0.0,
      "PS_RMSE_mean": 0.6344781200856449,
      "PS_RMSE_std": 0.0021077166613730353,
      "PS_R2_mean": -2.2250758137732265,
      "PS_R2_std": 0.06761375390346204,
      "N_solvents_mean": 30.0,
      "N_solvents_std": 0.0,
      "Z_RMSE_mean": 36.72122452905891,
      "Z_RMSE_std": 0.12462097190726977,
      "f_aleatoric_mean": 0.19860684286006966,
      "f_aleatoric_std": 0.00198888114722583,
      "N_with_uncertainty_mean": 4881.0,
      "N_with_uncertainty_std": 0.0,
      "train_time_s_mean": 17.61813611984253,
      "train_time_s_std": 0.14062656040480567
    }
  },
  "per_seed": {
    "42": {
      "eval": {
        "RMSE": 0.5175581932760225,
        "MAE": 0.3352365013669482,
        "R2": 0.7971354884288364,
        "N": 6969,
        "PS_RMSE": 0.4962058487463487,
        "PS_R2": 0.7759245539777452,
        "N_solvents": 25,
        "train_time_s": 17.376376628875732
      },
      "ood": {
        "RMSE": 0.6241521772819612,
        "MAE": 0.4495389710987066,
        "R2": 0.6541670719055234,
        "N": 11940,
        "PS_RMSE": 0.5161065621636477,
        "PS_R2": -7.026929942291231,
        "N_solvents": 146,
        "train_time_s": 17.376376628875732
      },
      "sc3_gold": {
        "RMSE": 0.7513717787150236,
        "MAE": 0.5784226236417109,
        "R2": 0.5895486832449919,
        "N": 4507,
        "PS_RMSE": 0.6763999351599629,
        "PS_R2": -4.835541901770296,
        "N_solvents": 26,
        "Z_RMSE": 43.311119964272095,
        "f_aleatoric": 0.08756161206146709,
        "N_with_uncertainty": 3449,
        "train_time_s": 17.376376628875732
      },
      "sc3_silver": {
        "RMSE": 0.7169035143522706,
        "MAE": 0.5465458586415572,
        "R2": 0.6007012014146675,
        "N": 5475,
        "PS_RMSE": 0.6252903682228838,
        "PS_R2": -1.7535963397880456,
        "N_solvents": 27,
        "Z_RMSE": 39.46735489236153,
        "f_aleatoric": 0.14411206077872746,
        "N_with_uncertainty": 4212,
        "train_time_s": 17.376376628875732
      },
      "sc3_bronze": {
        "RMSE": 0.7062230703484624,
        "MAE": 0.5394751445561595,
        "R2": 0.5976728350622948,
        "N": 6331,
        "PS_RMSE": 0.634341700419131,
        "PS_R2": -2.298077863489959,
        "N_solvents": 30,
        "Z_RMSE": 36.78313924928707,
        "f_aleatoric": 0.19954927269002254,
        "N_with_uncertainty": 4881,
        "train_time_s": 17.376376628875732
      }
    },
    "101": {
      "eval": {
        "RMSE": 0.5192254024623066,
        "MAE": 0.335383711115797,
        "R2": 0.7958264092509949,
        "N": 6969,
        "PS_RMSE": 0.49812043414956064,
        "PS_R2": 0.7738987863164413,
        "N_solvents": 25,
        "train_time_s": 17.551425218582153
      },
      "ood": {
        "RMSE": 0.6259041768106832,
        "MAE": 0.45130986186654476,
        "R2": 0.6522228360903899,
        "N": 11940,
        "PS_RMSE": 0.5188617606921684,
        "PS_R2": -7.304799161817569,
        "N_solvents": 146,
        "train_time_s": 17.551425218582153
      },
      "sc3_gold": {
        "RMSE": 0.7529644500480651,
        "MAE": 0.5800984001806905,
        "R2": 0.5878067842325354,
        "N": 4507,
        "PS_RMSE": 0.6850236495422043,
        "PS_R2": -4.754251319110941,
        "N_solvents": 26,
        "Z_RMSE": 43.371526900037125,
        "f_aleatoric": 0.08640185561032183,
        "N_with_uncertainty": 3449,
        "train_time_s": 17.551425218582153
      },
      "sc3_silver": {
        "RMSE": 0.7185823961286121,
        "MAE": 0.5477818783551879,
        "R2": 0.5988288143421341,
        "N": 5475,
        "PS_RMSE": 0.6312690980802775,
        "PS_R2": -1.7947629761547996,
        "N_solvents": 27,
        "Z_RMSE": 39.523507590132354,
        "f_aleatoric": 0.14387464387464388,
        "N_with_uncertainty": 4212,
        "train_time_s": 17.551425218582153
      },
      "sc3_bronze": {
        "RMSE": 0.7068330987966914,
        "MAE": 0.5398206426432978,
        "R2": 0.5969774824836296,
        "N": 6331,
        "PS_RMSE": 0.6315793639459609,
        "PS_R2": -2.136189739471395,
        "N_solvents": 30,
        "Z_RMSE": 36.82528134124392,
        "f_aleatoric": 0.19954927269002254,
        "N_with_uncertainty": 4881,
        "train_time_s": 17.551425218582153
      }
    },
    "123": {
      "eval": {
        "RMSE": 0.5159366089126505,
        "MAE": 0.33407041921724084,