{
  "featurizer": "dissolvr",
  "model": "lightgbm",
  "hp_key": "lgb_rdkit",
  "seed": 42,
  "params": {
    "n_estimators": 3000,
    "learning_rate": 0.05,
    "num_leaves": 127,
    "min_child_samples": 10,
    "feature_fraction": 0.8,
    "bagging_fraction": 0.8,
    "bagging_freq": 5,
    "reg_alpha": 0.1,
    "reg_lambda": 5
  },
  "n_features": 356,
  "train_time_s": 15.60969853401184,
  "best_iter": 569,
  "metrics": {
    "eval": {
      "RMSE": 0.49191110096486473,
      "MAE": 0.30977079952084885,
      "R2": 0.8167428407012042,
      "N": 6969,
      "PS_RMSE": 0.474971096848746,
      "PS_R2": 0.7948291369241112,
      "N_solvents": 25
    },
    "ood": {
      "RMSE": 0.615637031744547,
      "MAE": 0.43669902900261814,
      "R2": 0.6635389210487099,
      "N": 11940,
      "PS_RMSE": 0.5430229587026896,
      "PS_R2": -9.246659772646982,
      "N_solvents": 146
    }
  }
}