{
  "featurizer": "morgan",
  "model": "lightgbm",
  "hp_key": "lgb_rdkit",
  "seed": 42,
  "params": {
    "n_estimators": 3000,
    "learning_rate": 0.05,
    "num_leaves": 127,
    "min_child_samples": 10,
    "feature_fraction": 0.8,
    "bagging_fraction": 0.8,
    "bagging_freq": 5,
    "reg_alpha": 0.1,
    "reg_lambda": 5
  },
  "wall_time_s": 30.08130192756653,
  "metrics": {
    "eval": {
      "RMSE": 0.5287579908702038,
      "MAE": 0.3512603978454021,
      "R2": 0.7882606425381766,
      "N": 6969,
      "PS_RMSE": 0.5167249710070988,
      "PS_R2": 0.7512853856525713,
      "N_solvents": 25
    },
    "ood": {
      "RMSE": 0.7820398111172259,
      "MAE": 0.5837281498003156,
      "R2": 0.45707094159105566,
      "N": 11940,
      "PS_RMSE": 0.6441208994576876,
      "PS_R2": -12.636832690011158,
      "N_solvents": 146
    },
    "sc3_gold": {
      "RMSE": 0.9366610753023406,
      "MAE": 0.7499451151808516,
      "R2": 0.3621525252545167,
      "N": 4507,
      "PS_RMSE": 0.920101853415553,
      "PS_R2": -12.242248293197635,
      "N_solvents": 26,
      "Z_RMSE": 54.358192188478114,
      "f_aleatoric": 0.052478979414322995,
      "N_with_uncertainty": 3449
    },
    "sc3_silver": {
      "RMSE": 0.8958001583708319,
      "MAE": 0.7091900067619838,
      "R2": 0.37655398323715383,
      "N": 5475,
      "PS_RMSE": 0.8617876919575054,
      "PS_R2": -7.36844152986129,
      "N_solvents": 27,
      "Z_RMSE": 49.42998090558431,
      "f_aleatoric": 0.08855650522317189,
      "N_with_uncertainty": 4212
    },
    "sc3_bronze": {
      "RMSE": 0.8716957964439168,
      "MAE": 0.683901083799244,
      "R2": 0.38704942185380575,
      "N": 6331,
      "PS_RMSE": 0.7913538110009901,
      "PS_R2": -3.9359130091674386,
      "N_solvents": 30,
      "Z_RMSE": 46.02009680795642,
      "f_aleatoric": 0.1501741446424913,
      "N_with_uncertainty": 4881
    },
    "_n_features": 2052,
    "_n_train": 61403,
    "_best_iter": 1294,
    "_train_time_s": 28.02874255180359
  }
}