{
  "method": "fastprop_big",
  "fraction": 0.4,
  "seed": 42,
  "params": {
    "lr": 0.0005,
    "batch_size": 256,
    "hidden_dims": [
      1024,
      768,
      512,
      256,
      128
    ],
    "dropout": 0.15,
    "epochs": 150,
    "patience": 25
  },
  "wall_time_s": 25.35242772102356,
  "metrics": {
    "eval": {
      "RMSE": 0.4726420339732654,
      "MAE": 0.2968394460087201,
      "R2": 0.8308186880049782,
      "N": 6969,
      "PS_RMSE": 0.46592910320733305,
      "PS_R2": 0.796638933283329,
      "N_solvents": 25
    },
    "ood": {
      "RMSE": 0.6962023889335788,
      "MAE": 0.5007659912996444,
      "R2": 0.569714827724885,
      "N": 11940,
      "PS_RMSE": 0.6156367040686268,
      "PS_R2": -10.990947137917223,
      "N_solvents": 146
    },
    "sc3_gold": {
      "RMSE": 0.8076648165733616,
      "MAE": 0.6077039859322428,
      "R2": 0.5257424818038052,
      "N": 4507,
      "PS_RMSE": 0.8002485286099946,
      "PS_R2": -11.478930156575428,
      "N_solvents": 26,
      "Z_RMSE": 46.79950303370641,
      "f_aleatoric": 0.05769788344447666,
      "N_with_uncertainty": 3449
    },
    "_n_train": 24561,
    "_best_epoch": 47
  }
}