{
  "method": "fastprop",
  "fraction": 0.6,
  "seed": 42,
  "params": {
    "lr": 0.0005,
    "batch_size": 256,
    "hidden_dims": [
      512,
      256,
      128
    ],
    "dropout": 0.2,
    "weight_decay": 0.0001,
    "epochs": 300,
    "patience": 40,
    "lr_patience": 15
  },
  "wall_time_s": 34.4902286529541,
  "metrics": {
    "eval": {
      "RMSE": 0.4607673484764549,
      "MAE": 0.2956136620922546,
      "R2": 0.839212939592823,
      "N": 6969,
      "PS_RMSE": 0.4549540071697419,
      "PS_R2": 0.8051855849175543,
      "N_solvents": 25
    },
    "ood": {
      "RMSE": 0.6780440455039178,
      "MAE": 0.4913577010972836,
      "R2": 0.5918675042835284,
      "N": 11940,
      "PS_RMSE": 0.5978837515194223,
      "PS_R2": -11.966361970857665,
      "N_solvents": 146
    },
    "sc3_gold": {
      "RMSE": 0.844046567782433,
      "MAE": 0.6043580176993937,
      "R2": 0.4820537279949366,
      "N": 4507,
      "PS_RMSE": 0.7659736087613881,
      "PS_R2": -8.358856318085536,
      "N_solvents": 26,
      "Z_RMSE": 47.9917691630959,
      "f_aleatoric": 0.0585677007828356,
      "N_with_uncertainty": 3449
    },
    "_n_train": 36842,
    "_best_epoch": 50,
    "_train_RMSE_at_best": 0.2776066039266134,
    "_val_RMSE_best": 0.46076734279317666,
    "_n_params": 330497
  }
}