{
  "method": "fastprop_big",
  "fraction": 0.6,
  "seed": 42,
  "params": {
    "lr": 0.0005,
    "batch_size": 256,
    "hidden_dims": [
      1024,
      768,
      512,
      256,
      128
    ],
    "dropout": 0.15,
    "epochs": 150,
    "patience": 25
  },
  "wall_time_s": 38.34917879104614,
  "metrics": {
    "eval": {
      "RMSE": 0.46293598187722396,
      "MAE": 0.28570200468319956,
      "R2": 0.8376958670254668,
      "N": 6969,
      "PS_RMSE": 0.4514221709960892,
      "PS_R2": 0.8069017780671384,
      "N_solvents": 25
    },
    "ood": {
      "RMSE": 0.6569802625703054,
      "MAE": 0.4671031017576521,
      "R2": 0.6168313164459303,
      "N": 11940,
      "PS_RMSE": 0.5925021508963637,
      "PS_R2": -14.00821885982558,
      "N_solvents": 146
    },
    "sc3_gold": {
      "RMSE": 0.8065853414827516,
      "MAE": 0.5822793730468935,
      "R2": 0.5270093614475545,
      "N": 4507,
      "PS_RMSE": 0.7773311795852327,
      "PS_R2": -9.191221944024019,
      "N_solvents": 26,
      "Z_RMSE": 47.04838423329791,
      "f_aleatoric": 0.08118295158016817,
      "N_with_uncertainty": 3449
    },
    "_n_train": 36842,
    "_best_epoch": 47
  }
}