{
  "method": "fastprop",
  "fraction": 0.4,
  "seed": 42,
  "params": {
    "lr": 0.0005,
    "batch_size": 256,
    "hidden_dims": [
      512,
      256,
      128
    ],
    "dropout": 0.1,
    "epochs": 100,
    "patience": 20
  },
  "wall_time_s": 18.910716772079468,
  "metrics": {
    "eval": {
      "RMSE": 0.46458076472942544,
      "MAE": 0.292630045611177,
      "R2": 0.8365405051499187,
      "N": 6969,
      "PS_RMSE": 0.45517672387326263,
      "PS_R2": 0.8060844051242058,
      "N_solvents": 25
    },
    "ood": {
      "RMSE": 0.6902275879655076,
      "MAE": 0.5027217714679191,
      "R2": 0.577068541884658,
      "N": 11940,
      "PS_RMSE": 0.6395659025921142,
      "PS_R2": -15.934625118193116,
      "N_solvents": 146
    },
    "sc3_gold": {
      "RMSE": 0.7580788927247607,
      "MAE": 0.5715926502383595,
      "R2": 0.5821881969444407,
      "N": 4507,
      "PS_RMSE": 0.7915464494859228,
      "PS_R2": -11.60164472809643,
      "N_solvents": 26,
      "Z_RMSE": 42.98138854085624,
      "f_aleatoric": 0.0739344737605103,
      "N_with_uncertainty": 3449
    },
    "_n_train": 24561,
    "_best_epoch": 54
  }
}