{
  "featurizer": "maccs",
  "model": "lightgbm",
  "hp_key": "lgb_rdkit",
  "seed": 42,
  "params": {
    "n_estimators": 3000,
    "learning_rate": 0.05,
    "num_leaves": 127,
    "min_child_samples": 10,
    "feature_fraction": 0.8,
    "bagging_fraction": 0.8,
    "bagging_freq": 5,
    "reg_alpha": 0.1,
    "reg_lambda": 5
  },
  "wall_time_s": 14.49780011177063,
  "metrics": {
    "eval": {
      "RMSE": 0.5107173177182134,
      "MAE": 0.34181721673917814,
      "R2": 0.8024628096794695,
      "N": 6969,
      "PS_RMSE": 0.4928109516215962,
      "PS_R2": 0.776258448291168,
      "N_solvents": 25
    },
    "ood": {
      "RMSE": 0.6818938648261021,
      "MAE": 0.5033946723674149,
      "R2": 0.5872197325479274,
      "N": 11940,
      "PS_RMSE": 0.6413523797112628,
      "PS_R2": -8.885341705760418,
      "N_solvents": 146
    },
    "sc3_gold": {
      "RMSE": 0.8087599485839072,
      "MAE": 0.6616131819771864,
      "R2": 0.5244554956804593,
      "N": 4507,
      "PS_RMSE": 0.7588167961509834,
      "PS_R2": -5.967774713938563,
      "N_solvents": 26,
      "Z_RMSE": 45.66473574739648,
      "f_aleatoric": 0.05363873586546825,
      "N_with_uncertainty": 3449
    },
    "sc3_silver": {
      "RMSE": 0.782717521003826,
      "MAE": 0.6362307450363965,
      "R2": 0.5240222016307416,
      "N": 5475,
      "PS_RMSE": 0.7271197898071172,
      "PS_R2": -3.5487959228763457,
      "N_solvents": 27,
      "Z_RMSE": 41.721621666596334,
      "f_aleatoric": 0.09306742640075974,
      "N_with_uncertainty": 4212
    },
    "sc3_bronze": {
      "RMSE": 0.769304575635697,
      "MAE": 0.6215050344828459,
      "R2": 0.5225892579869404,
      "N": 6331,
      "PS_RMSE": 0.7064300950371076,
      "PS_R2": -3.315767811734566,
      "N_solvents": 30,
      "Z_RMSE": 38.8503235393598,
      "f_aleatoric": 0.14751075599262448,
      "N_with_uncertainty": 4881
    },
    "_n_features": 338,
    "_n_train": 61403,
    "_best_iter": 726,
    "_train_time_s": 14.03609585762024
  }
}