{
  "featurizer": "maccs",
  "seeds": [
    42
  ],
  "aggregated": {
    "eval": {
      "RMSE_mean": 0.5107173177182134,
      "RMSE_std": 0.0,
      "RMSE_n": 1,
      "MAE_mean": 0.34181721673917814,
      "MAE_std": 0.0,
      "MAE_n": 1,
      "R2_mean": 0.8024628096794695,
      "R2_std": 0.0,
      "R2_n": 1,
      "N_mean": 6969.0,
      "N_std": 0.0,
      "N_n": 1,
      "PS_RMSE_mean": 0.4928109516215962,
      "PS_RMSE_std": 0.0,
      "PS_RMSE_n": 1,
      "PS_R2_mean": 0.776258448291168,
      "PS_R2_std": 0.0,
      "PS_R2_n": 1,
      "N_solvents_mean": 25.0,
      "N_solvents_std": 0.0,
      "N_solvents_n": 1
    },
    "ood": {
      "RMSE_mean": 0.6818938648261021,
      "RMSE_std": 0.0,
      "RMSE_n": 1,
      "MAE_mean": 0.5033946723674149,
      "MAE_std": 0.0,
      "MAE_n": 1,
      "R2_mean": 0.5872197325479274,
      "R2_std": 0.0,
      "R2_n": 1,
      "N_mean": 11940.0,
      "N_std": 0.0,
      "N_n": 1,
      "PS_RMSE_mean": 0.6413523797112628,
      "PS_RMSE_std": 0.0,
      "PS_RMSE_n": 1,
      "PS_R2_mean": -8.885341705760418,
      "PS_R2_std": 0.0,
      "PS_R2_n": 1,
      "N_solvents_mean": 146.0,
      "N_solvents_std": 0.0,
      "N_solvents_n": 1
    },
    "sc3_gold": {
      "RMSE_mean": 0.8087599485839072,
      "RMSE_std": 0.0,
      "RMSE_n": 1,
      "MAE_mean": 0.6616131819771864,
      "MAE_std": 0.0,
      "MAE_n": 1,
      "R2_mean": 0.5244554956804593,
      "R2_std": 0.0,
      "R2_n": 1,
      "N_mean": 4507.0,
      "N_std": 0.0,
      "N_n": 1,
      "PS_RMSE_mean": 0.7588167961509834,
      "PS_RMSE_std": 0.0,
      "PS_RMSE_n": 1,
      "PS_R2_mean": -5.967774713938563,
      "PS_R2_std": 0.0,
      "PS_R2_n": 1,
      "N_solvents_mean": 26.0,
      "N_solvents_std": 0.0,
      "N_solvents_n": 1,
      "Z_RMSE_mean": 45.66473574739648,
      "Z_RMSE_std": 0.0,
      "Z_RMSE_n": 1,
      "f_aleatoric_mean": 0.05363873586546825,
      "f_aleatoric_std": 0.0,
      "f_aleatoric_n": 1,
      "N_with_uncertainty_mean": 3449.0,
      "N_with_uncertainty_std": 0.0,
      "N_with_uncertainty_n": 1
    },
    "sc3_silver": {
      "RMSE_mean": 0.782717521003826,
      "RMSE_std": 0.0,
      "RMSE_n": 1,
      "MAE_mean": 0.6362307450363965,
      "MAE_std": 0.0,
      "MAE_n": 1,
      "R2_mean": 0.5240222016307416,
      "R2_std": 0.0,
      "R2_n": 1,
      "N_mean": 5475.0,
      "N_std": 0.0,
      "N_n": 1,
      "PS_RMSE_mean": 0.7271197898071172,
      "PS_RMSE_std": 0.0,
      "PS_RMSE_n": 1,
      "PS_R2_mean": -3.5487959228763457,
      "PS_R2_std": 0.0,
      "PS_R2_n": 1,
      "N_solvents_mean": 27.0,
      "N_solvents_std": 0.0,
      "N_solvents_n": 1,
      "Z_RMSE_mean": 41.721621666596334,
      "Z_RMSE_std": 0.0,
      "Z_RMSE_n": 1,
      "f_aleatoric_mean": 0.09306742640075974,
      "f_aleatoric_std": 0.0,
      "f_aleatoric_n": 1,
      "N_with_uncertainty_mean": 4212.0,
      "N_with_uncertainty_std": 0.0,
      "N_with_uncertainty_n": 1
    },
    "sc3_bronze": {
      "RMSE_mean": 0.769304575635697,
      "RMSE_std": 0.0,
      "RMSE_n": 1,
      "MAE_mean": 0.6215050344828459,
      "MAE_std": 0.0,
      "MAE_n": 1,
      "R2_mean": 0.5225892579869404,
      "R2_std": 0.0,
      "R2_n": 1,
      "N_mean": 6331.0,
      "N_std": 0.0,
      "N_n": 1,
      "PS_RMSE_mean": 0.7064300950371076,
      "PS_RMSE_std": 0.0,
      "PS_RMSE_n": 1,
      "PS_R2_mean": -3.315767811734566,
      "PS_R2_std": 0.0,
      "PS_R2_n": 1,
      "N_solvents_mean": 30.0,
      "N_solvents_std": 0.0,
      "N_solvents_n": 1,
      "Z_RMSE_mean": 38.8503235393598,
      "Z_RMSE_std": 0.0,
      "Z_RMSE_n": 1,
      "f_aleatoric_mean": 0.14751075599262448,
      "f_aleatoric_std": 0.0,
      "f_aleatoric_n": 1,
      "N_with_uncertainty_mean": 4881.0,
      "N_with_uncertainty_std": 0.0,
      "N_with_uncertainty_n": 1
    }
  },
  "diagnostics": {
    "_n_features": 338.0,
    "_n_train": 61403.0,
    "_best_iter": 726.0,
    "_train_time_s": 14.03609585762024
  }
}