{
  "featurizer": "atompair",
  "model": "lightgbm",
  "hp_key": "lgb_rdkit",
  "seed": 42,
  "params": {
    "n_estimators": 3000,
    "learning_rate": 0.05,
    "num_leaves": 127,
    "min_child_samples": 10,
    "feature_fraction": 0.8,
    "bagging_fraction": 0.8,
    "bagging_freq": 5,
    "reg_alpha": 0.1,
    "reg_lambda": 5
  },
  "wall_time_s": 18.840514659881592,
  "metrics": {
    "eval": {
      "RMSE": 0.5532304600487369,
      "MAE": 0.37484684594998624,
      "R2": 0.7682072378226524,
      "N": 6969,
      "PS_RMSE": 0.5434303919013144,
      "PS_R2": 0.7278361251919189,
      "N_solvents": 25
    },
    "ood": {
      "RMSE": 0.8824276149788884,
      "MAE": 0.6416006875151327,
      "R2": 0.30873663153465203,
      "N": 11940,
      "PS_RMSE": 0.6923866128190284,
      "PS_R2": -13.912801557747537,
      "N_solvents": 146
    },
    "sc3_gold": {
      "RMSE": 0.9147542340370914,
      "MAE": 0.7209142016588237,
      "R2": 0.391639859123767,
      "N": 4507,
      "PS_RMSE": 0.9592789599996141,
      "PS_R2": -17.137129989186505,
      "N_solvents": 26,
      "Z_RMSE": 51.08071994614883,
      "f_aleatoric": 0.048709770948100896,
      "N_with_uncertainty": 3449
    },
    "sc3_silver": {
      "RMSE": 0.8819262888393798,
      "MAE": 0.6893616252997579,
      "R2": 0.3957159077230188,
      "N": 5475,
      "PS_RMSE": 0.8952672720540361,
      "PS_R2": -11.284152958471886,
      "N_solvents": 27,
      "Z_RMSE": 46.70819645440969,
      "f_aleatoric": 0.09140550807217473,
      "N_with_uncertainty": 4212
    },
    "sc3_bronze": {
      "RMSE": 0.8711341027260534,
      "MAE": 0.6753279025481737,
      "R2": 0.3878391000086312,
      "N": 6331,
      "PS_RMSE": 0.8960940778609428,
      "PS_R2": -10.113952622476965,
      "N_solvents": 30,
      "Z_RMSE": 43.56377207872394,
      "f_aleatoric": 0.14382298709280886,
      "N_with_uncertainty": 4881
    },
    "_n_features": 2052,
    "_n_train": 61403,
    "_best_iter": 668,
    "_train_time_s": 16.979915142059326
  }
}