{
  "featurizer": "atompair",
  "seeds": [
    42
  ],
  "aggregated": {
    "eval": {
      "RMSE_mean": 0.5532304600487369,
      "RMSE_std": 0.0,
      "RMSE_n": 1,
      "MAE_mean": 0.37484684594998624,
      "MAE_std": 0.0,
      "MAE_n": 1,
      "R2_mean": 0.7682072378226524,
      "R2_std": 0.0,
      "R2_n": 1,
      "N_mean": 6969.0,
      "N_std": 0.0,
      "N_n": 1,
      "PS_RMSE_mean": 0.5434303919013144,
      "PS_RMSE_std": 0.0,
      "PS_RMSE_n": 1,
      "PS_R2_mean": 0.7278361251919189,
      "PS_R2_std": 0.0,
      "PS_R2_n": 1,
      "N_solvents_mean": 25.0,
      "N_solvents_std": 0.0,
      "N_solvents_n": 1
    },
    "ood": {
      "RMSE_mean": 0.8824276149788884,
      "RMSE_std": 0.0,
      "RMSE_n": 1,
      "MAE_mean": 0.6416006875151327,
      "MAE_std": 0.0,
      "MAE_n": 1,
      "R2_mean": 0.30873663153465203,
      "R2_std": 0.0,
      "R2_n": 1,
      "N_mean": 11940.0,
      "N_std": 0.0,
      "N_n": 1,
      "PS_RMSE_mean": 0.6923866128190284,
      "PS_RMSE_std": 0.0,
      "PS_RMSE_n": 1,
      "PS_R2_mean": -13.912801557747537,
      "PS_R2_std": 0.0,
      "PS_R2_n": 1,
      "N_solvents_mean": 146.0,
      "N_solvents_std": 0.0,
      "N_solvents_n": 1
    },
    "sc3_gold": {
      "RMSE_mean": 0.9147542340370914,
      "RMSE_std": 0.0,
      "RMSE_n": 1,
      "MAE_mean": 0.7209142016588237,
      "MAE_std": 0.0,
      "MAE_n": 1,
      "R2_mean": 0.391639859123767,
      "R2_std": 0.0,
      "R2_n": 1,
      "N_mean": 4507.0,
      "N_std": 0.0,
      "N_n": 1,
      "PS_RMSE_mean": 0.9592789599996141,
      "PS_RMSE_std": 0.0,
      "PS_RMSE_n": 1,
      "PS_R2_mean": -17.137129989186505,
      "PS_R2_std": 0.0,
      "PS_R2_n": 1,
      "N_solvents_mean": 26.0,
      "N_solvents_std": 0.0,
      "N_solvents_n": 1,
      "Z_RMSE_mean": 51.08071994614883,
      "Z_RMSE_std": 0.0,
      "Z_RMSE_n": 1,
      "f_aleatoric_mean": 0.048709770948100896,
      "f_aleatoric_std": 0.0,
      "f_aleatoric_n": 1,
      "N_with_uncertainty_mean": 3449.0,
      "N_with_uncertainty_std": 0.0,
      "N_with_uncertainty_n": 1
    },
    "sc3_silver": {
      "RMSE_mean": 0.8819262888393798,
      "RMSE_std": 0.0,
      "RMSE_n": 1,
      "MAE_mean": 0.6893616252997579,
      "MAE_std": 0.0,
      "MAE_n": 1,
      "R2_mean": 0.3957159077230188,
      "R2_std": 0.0,
      "R2_n": 1,
      "N_mean": 5475.0,
      "N_std": 0.0,
      "N_n": 1,
      "PS_RMSE_mean": 0.8952672720540361,
      "PS_RMSE_std": 0.0,
      "PS_RMSE_n": 1,
      "PS_R2_mean": -11.284152958471886,
      "PS_R2_std": 0.0,
      "PS_R2_n": 1,
      "N_solvents_mean": 27.0,
      "N_solvents_std": 0.0,
      "N_solvents_n": 1,
      "Z_RMSE_mean": 46.70819645440969,
      "Z_RMSE_std": 0.0,
      "Z_RMSE_n": 1,
      "f_aleatoric_mean": 0.09140550807217473,
      "f_aleatoric_std": 0.0,
      "f_aleatoric_n": 1,
      "N_with_uncertainty_mean": 4212.0,
      "N_with_uncertainty_std": 0.0,
      "N_with_uncertainty_n": 1
    },
    "sc3_bronze": {
      "RMSE_mean": 0.8711341027260534,
      "RMSE_std": 0.0,
      "RMSE_n": 1,
      "MAE_mean": 0.6753279025481737,
      "MAE_std": 0.0,
      "MAE_n": 1,
      "R2_mean": 0.3878391000086312,
      "R2_std": 0.0,
      "R2_n": 1,
      "N_mean": 6331.0,
      "N_std": 0.0,
      "N_n": 1,
      "PS_RMSE_mean": 0.8960940778609428,
      "PS_RMSE_std": 0.0,
      "PS_RMSE_n": 1,
      "PS_R2_mean": -10.113952622476965,
      "PS_R2_std": 0.0,
      "PS_R2_n": 1,
      "N_solvents_mean": 30.0,
      "N_solvents_std": 0.0,
      "N_solvents_n": 1,
      "Z_RMSE_mean": 43.56377207872394,
      "Z_RMSE_std": 0.0,
      "Z_RMSE_n": 1,
      "f_aleatoric_mean": 0.14382298709280886,
      "f_aleatoric_std": 0.0,
      "f_aleatoric_n": 1,
      "N_with_uncertainty_mean": 4881.0,
      "N_with_uncertainty_std": 0.0,
      "N_with_uncertainty_n": 1
    }
  },
  "diagnostics": {
    "_n_features": 2052.0,
    "_n_train": 61403.0,
    "_best_iter": 668.0,
    "_train_time_s": 16.979915142059326
  }
}