{
  "eval": {
    "RMSE": 0.627144786190254,
    "MAE": 0.4518841513185752,
    "R2": 0.7021323517826785,
    "N": 6969,
    "PS_RMSE": 0.6322825879593897,
    "PS_R2": 0.6320655907892027,
    "N_solvents": 25
  },
  "ood": {
    "RMSE": 0.8226523219924156,
    "MAE": 0.6156221899225809,
    "R2": 0.39921646945169564,
    "N": 11940,
    "PS_RMSE": 0.7447318258835653,
    "PS_R2": -40.6789572954674,
    "N_solvents": 146
  },
  "sc3_gold": {
    "RMSE": 0.7743102293077653,
    "MAE": 0.6061172696104559,
    "R2": 0.5641050001598286,
    "N": 4507,
    "PS_RMSE": 0.7699021740825226,
    "PS_R2": -8.499839474097287,
    "N_solvents": 26,
    "Z_RMSE": 43.26276379297867,
    "f_aleatoric": 0.0623369092490577,
    "N_with_uncertainty": 3449
  },
  "_n_train": 3071,
  "_n_trainable": 330497,
  "_best_epoch": 132,
  "_val_RMSE": 0.627144786190254,
  "_elapsed_s": 5.9817116260528564,
  "_protocol": "scratch",
  "_variant": "full",
  "_fraction": 0.05,
  "_seed": 123
}