{
  "eval": {
    "RMSE": 0.6571129091198867,
    "MAE": 0.4691871425559205,
    "R2": 0.6729849785225845,
    "N": 6969,
    "PS_RMSE": 0.6617235858501148,
    "PS_R2": 0.5879309795395592,
    "N_solvents": 25
  },
  "ood": {
    "RMSE": 0.8001102359399915,
    "MAE": 0.6077990336033705,
    "R2": 0.43169036915132897,
    "N": 11940,
    "PS_RMSE": 0.7415521875733814,
    "PS_R2": -18.02539634151946,
    "N_solvents": 146
  },
  "sc3_gold": {
    "RMSE": 0.9571191896696161,
    "MAE": 0.6890468601903476,
    "R2": 0.3339851062915393,
    "N": 4507,
    "PS_RMSE": 0.9110313183404595,
    "PS_R2": -10.429430427635904,
    "N_solvents": 26,
    "Z_RMSE": 54.17548912964306,
    "f_aleatoric": 0.04812989272252827,
    "N_with_uncertainty": 3449
  },
  "_n_train": 3071,
  "_n_trainable": 330497,
  "_best_epoch": 131,
  "_val_RMSE": 0.6571129091198867,
  "_elapsed_s": 5.590573072433472,
  "_protocol": "scratch",
  "_variant": "full",
  "_fraction": 0.05,
  "_seed": 789
}