{
  "eval": {
    "RMSE": 0.6954712215009097,
    "MAE": 0.4722625833358538,
    "R2": 0.6336923136947115,
    "N": 6969,
    "PS_RMSE": 0.7034802556316551,
    "PS_R2": 0.5535793500678166,
    "N_solvents": 25
  },
  "ood": {
    "RMSE": 0.7799421182327068,
    "MAE": 0.591469397346252,
    "R2": 0.45997966956657044,
    "N": 11940,
    "PS_RMSE": 0.7103185667750777,
    "PS_R2": -15.287113520979327,
    "N_solvents": 146
  },
  "sc3_gold": {
    "RMSE": 0.9905235955529249,
    "MAE": 0.6788317813804231,
    "R2": 0.28668469117047424,
    "N": 4507,
    "PS_RMSE": 0.906372219007189,
    "PS_R2": -7.207489393328787,
    "N_solvents": 26,
    "Z_RMSE": 55.432673149932114,
    "f_aleatoric": 0.060307335459553496,
    "N_with_uncertainty": 3449
  },
  "_n_train": 3071,
  "_n_trainable": 330497,
  "_best_epoch": 105,
  "_val_RMSE": 0.6954712215009097,
  "_elapsed_s": 4.964677095413208,
  "_protocol": "scratch",
  "_variant": "full",
  "_fraction": 0.05,
  "_seed": 101
}