{
  "eval": {
    "RMSE": 0.65360570930847,
    "MAE": 0.45808140161155547,
    "R2": 0.6764664086395115,
    "N": 6969,
    "PS_RMSE": 0.6688008402293216,
    "PS_R2": 0.5815834162154608,
    "N_solvents": 25
  },
  "ood": {
    "RMSE": 0.8257889943765689,
    "MAE": 0.6269582501656589,
    "R2": 0.3946263074399531,
    "N": 11940,
    "PS_RMSE": 0.7919414537711007,
    "PS_R2": -25.67132199827902,
    "N_solvents": 146
  },
  "sc3_gold": {
    "RMSE": 0.9534955443631449,
    "MAE": 0.6294748170296165,
    "R2": 0.339018613528971,
    "N": 4507,
    "PS_RMSE": 0.8529717573031952,
    "PS_R2": -11.115965953960844,
    "N_solvents": 26,
    "Z_RMSE": 53.75171856057946,
    "f_aleatoric": 0.05885763989562192,
    "N_with_uncertainty": 3449
  },
  "_n_train": 3071,
  "_n_trainable": 330497,
  "_best_epoch": 115,
  "_val_RMSE": 0.65360570930847,
  "_elapsed_s": 5.17080545425415,
  "_protocol": "scratch",
  "_variant": "full",
  "_fraction": 0.05,
  "_seed": 42
}