{
  "eval": {
    "RMSE": 0.6703067793701074,
    "MAE": 0.45791849759133574,
    "R2": 0.659721172310781,
    "N": 6969,
    "PS_RMSE": 0.6779632636586795,
    "PS_R2": 0.5778091933794794,
    "N_solvents": 25
  },
  "ood": {
    "RMSE": 0.8332208629956941,
    "MAE": 0.6325054459314973,
    "R2": 0.38368088940620626,
    "N": 11940,
    "PS_RMSE": 0.7598443507550081,
    "PS_R2": -38.727822058482474,
    "N_solvents": 146
  },
  "sc3_gold": {
    "RMSE": 0.7757322173643384,
    "MAE": 0.5948688482642792,
    "R2": 0.5625025245295203,
    "N": 4507,
    "PS_RMSE": 0.7719053724727284,
    "PS_R2": -7.111107242041912,
    "N_solvents": 26,
    "Z_RMSE": 45.32370981438813,
    "f_aleatoric": 0.0565381269933314,
    "N_with_uncertainty": 3449
  },
  "_n_train": 3071,
  "_n_trainable": 330497,
  "_best_epoch": 100,
  "_val_RMSE": 0.6703067793701074,
  "_elapsed_s": 4.687097549438477,
  "_protocol": "scratch",
  "_variant": "full",
  "_fraction": 0.05,
  "_seed": 456
}