{
  "method": "fastprop",
  "fraction": 0.05,
  "seed": 42,
  "params": {
    "lr": 0.0005,
    "batch_size": 256,
    "hidden_dims": [
      512,
      256,
      128
    ],
    "dropout": 0.1,
    "epochs": 100,
    "patience": 20
  },
  "wall_time_s": 5.868902683258057,
  "metrics": {
    "eval": {
      "RMSE": 0.6764841992066688,
      "MAE": 0.4643704211586336,
      "R2": 0.6534203828153289,
      "N": 6969,
      "PS_RMSE": 0.6631851978696025,
      "PS_R2": 0.5693457972891454,
      "N_solvents": 25
    },
    "ood": {
      "RMSE": 0.8306370966396392,
      "MAE": 0.6300616817336715,
      "R2": 0.38749729912077613,
      "N": 11940,
      "PS_RMSE": 0.757835989414158,
      "PS_R2": -38.659211106150494,
      "N_solvents": 146
    },
    "sc3_gold": {
      "RMSE": 0.7372739797422558,
      "MAE": 0.5780841292765295,
      "R2": 0.6048065765241653,
      "N": 4507,
      "PS_RMSE": 0.6659832400287752,
      "PS_R2": -3.5137871597118844,
      "N_solvents": 26,
      "Z_RMSE": 43.286359374508464,
      "f_aleatoric": 0.07538416932444186,
      "N_with_uncertainty": 3449
    },
    "_n_train": 3070,
    "_best_epoch": 99
  }
}