{
  "train_time_s": 875.6023414134979,
  "best_epoch": 59,
  "best_val_loss": 0.298353374004364,
  "eval": {
    "RMSE": 0.5462173329090698,
    "MAE": 0.342965490432394,
    "R2": 0.7740467153526545,
    "N": 6969,
    "PS_RMSE": 0.5315907428239253,
    "PS_R2": 0.7273037592218546,
    "N_solvents": 25
  },
  "test_hard": {
    "RMSE": 1.2439671958350795,
    "MAE": 0.932739857471807,
    "R2": -0.1250446263174374,
    "N": 4507,
    "PS_RMSE": 1.0760509498624145,
    "PS_R2": -12.004040283285324,
    "N_solvents": 26,
    "Z_RMSE": 71.61418869621433,
    "f_aleatoric": 0.044940562481878804,
    "N_with_uncertainty": 3449
  },
  "test_medium": {
    "RMSE": 1.1891843624847018,
    "MAE": 0.8885518038359451,
    "R2": -0.09868947369778058,
    "N": 5475,
    "PS_RMSE": 1.0314225316758494,
    "PS_R2": -7.842534412901898,
    "N_solvents": 27,
    "Z_RMSE": 65.16355872623483,
    "f_aleatoric": 0.07621082621082621,
    "N_with_uncertainty": 4212
  },
  "test_easy": {
    "RMSE": 1.17567440180333,
    "MAE": 0.8749545596904583,
    "R2": -0.11498668150334357,
    "N": 6331,
    "PS_RMSE": 0.9735616869487802,
    "PS_R2": -6.2863920958268675,
    "N_solvents": 30,
    "Z_RMSE": 60.78882138939475,
    "f_aleatoric": 0.1221061257938947,
    "N_with_uncertainty": 4881
  },
  "artifacts": {
    "seed_dir": "/DATATWO/users/solubility/Dhairya/sc3-benchmark-gnn-runner/results/hpo_gin_trial_003/seed_42",
    "checkpoints_dir": "/DATATWO/users/solubility/Dhairya/sc3-benchmark-gnn-runner/results/hpo_gin_trial_003/seed_42/checkpoints",
    "predictions_dir": "/DATATWO/users/solubility/Dhairya/sc3-benchmark-gnn-runner/results/hpo_gin_trial_003/seed_42/predictions",
    "epoch_history_json": "/DATATWO/users/solubility/Dhairya/sc3-benchmark-gnn-runner/results/hpo_gin_trial_003/seed_42/epoch_history.json",
    "best_model_pkl": "/DATATWO/users/solubility/Dhairya/sc3-benchmark-gnn-runner/results/hpo_gin_trial_003/seed_42/best_model.pkl",
    "run_config_json": "/DATATWO/users/solubility/Dhairya/sc3-benchmark-gnn-runner/results/hpo_gin_trial_003/seed_42/run_config.json"
  }
}