{
  "eval": {
    "RMSE": 0.48218349794892773,
    "MAE": 0.3047294782626498,
    "R2": 0.8239190430719217,
    "N": 6969,
    "PS_RMSE": 0.4739697734820198,
    "PS_R2": 0.7956215653466594,
    "N_solvents": 25,
    "train_time_s": 6.086066961288452
  },
  "ood": {
    "RMSE": 0.6458455588287441,
    "MAE": 0.45746122360295655,
    "R2": 0.6297093747190452,
    "N": 11940,
    "PS_RMSE": 0.5543804739219961,
    "PS_R2": -7.794911381903917,
    "N_solvents": 146,
    "train_time_s": 6.086066961288452
  },
  "sc3_gold": {
    "RMSE": 0.7526618267799267,
    "MAE": 0.5781153745518245,
    "R2": 0.5881380460633703,
    "N": 4507,
    "PS_RMSE": 0.6526594043236469,
    "PS_R2": -4.355767136834712,
    "N_solvents": 26,
    "Z_RMSE": 42.57130602000619,
    "f_aleatoric": 0.09915917657291969,
    "N_with_uncertainty": 3449,
    "train_time_s": 6.086066961288452
  },
  "sc3_silver": {
    "RMSE": 0.7337102407215493,
    "MAE": 0.5609292145273459,
    "R2": 0.5817598262804173,
    "N": 5475,
    "PS_RMSE": 0.6137735613836213,
    "PS_R2": -2.6683751778175755,
    "N_solvents": 27,
    "Z_RMSE": 38.896902591910894,
    "f_aleatoric": 0.12867996201329535,
    "N_with_uncertainty": 4212,
    "train_time_s": 6.086066961288452
  },
  "sc3_bronze": {
    "RMSE": 0.7254717729394898,
    "MAE": 0.5544675240739921,
    "R2": 0.5754424247501364,
    "N": 6331,
    "PS_RMSE": 0.6066529390291362,
    "PS_R2": -2.7804912082814472,
    "N_solvents": 30,
    "Z_RMSE": 36.353886597877235,
    "f_aleatoric": 0.18172505634091374,
    "N_with_uncertainty": 4881,
    "train_time_s": 6.086066961288452
  }
}