{
  "eval": {
    "RMSE": 0.48310819600598426,
    "MAE": 0.30390640557863047,
    "R2": 0.8232430438162569,
    "N": 6969,
    "PS_RMSE": 0.4680670539425975,
    "PS_R2": 0.8015828197532603,
    "N_solvents": 25,
    "train_time_s": 5.7913618087768555
  },
  "ood": {
    "RMSE": 0.6637028344669786,
    "MAE": 0.4788753748304945,
    "R2": 0.6089496248512825,
    "N": 11940,
    "PS_RMSE": 0.5884004160618892,
    "PS_R2": -9.438961110416642,
    "N_solvents": 146,
    "train_time_s": 5.7913618087768555
  },
  "sc3_gold": {
    "RMSE": 0.7727033430691349,
    "MAE": 0.6033533957404601,
    "R2": 0.5659123026326253,
    "N": 4507,
    "PS_RMSE": 0.6523787279488693,
    "PS_R2": -3.4790514637999,
    "N_solvents": 26,
    "Z_RMSE": 44.788144874032795,
    "f_aleatoric": 0.06639605682806611,
    "N_with_uncertainty": 3449,
    "train_time_s": 5.7913618087768555
  },
  "sc3_silver": {
    "RMSE": 0.7454580436583255,
    "MAE": 0.574141865370506,
    "R2": 0.5682592961033464,
    "N": 5475,
    "PS_RMSE": 0.6211452506537137,
    "PS_R2": -1.180308435322649,
    "N_solvents": 27,
    "Z_RMSE": 40.85944123482798,
    "f_aleatoric": 0.11823361823361823,
    "N_with_uncertainty": 4212,
    "train_time_s": 5.7913618087768555
  },
  "sc3_bronze": {
    "RMSE": 0.7360878695681246,
    "MAE": 0.5660968552981855,
    "R2": 0.5629260960202711,
    "N": 6331,
    "PS_RMSE": 0.6212370253562028,
    "PS_R2": -1.4770707838524086,
    "N_solvents": 30,
    "Z_RMSE": 38.10933528339046,
    "f_aleatoric": 0.17291538619135424,
    "N_with_uncertainty": 4881,
    "train_time_s": 5.7913618087768555
  }
}