{
  "eval": {
    "RMSE": 0.4976429332139154,
    "MAE": 0.3116795784242272,
    "R2": 0.8124472718085584,
    "N": 6969,
    "PS_RMSE": 0.48311947340191436,
    "PS_R2": 0.7884811133202148,
    "N_solvents": 25,
    "train_time_s": 5.984898567199707
  },
  "ood": {
    "RMSE": 0.6357508112488045,
    "MAE": 0.4494802390766454,
    "R2": 0.6411944036786179,
    "N": 11940,
    "PS_RMSE": 0.5698891579189409,
    "PS_R2": -10.388277575201775,
    "N_solvents": 146,
    "train_time_s": 5.984898567199707
  },
  "sc3_gold": {
    "RMSE": 0.7625591221158234,
    "MAE": 0.5792955647689536,
    "R2": 0.5772350867598265,
    "N": 4507,
    "PS_RMSE": 0.6690673987784798,
    "PS_R2": -4.1440688528545255,
    "N_solvents": 26,
    "Z_RMSE": 43.055746609894335,
    "f_aleatoric": 0.08524209915917658,
    "N_with_uncertainty": 3449,
    "train_time_s": 5.984898567199707
  },
  "sc3_silver": {
    "RMSE": 0.7405427282964515,
    "MAE": 0.5593734207888512,
    "R2": 0.5739340496738112,
    "N": 5475,
    "PS_RMSE": 0.6281511090244459,
    "PS_R2": -2.3867961200694063,
    "N_solvents": 27,
    "Z_RMSE": 39.344824742563894,
    "f_aleatoric": 0.13247863247863248,
    "N_with_uncertainty": 4212,
    "train_time_s": 5.984898567199707
  },
  "sc3_bronze": {
    "RMSE": 0.7328399624197781,
    "MAE": 0.5540089588443537,
    "R2": 0.5667746680590073,
    "N": 6331,
    "PS_RMSE": 0.5991025684471977,
    "PS_R2": -1.3077453580806393,
    "N_solvents": 30,
    "Z_RMSE": 36.74564245966276,
    "f_aleatoric": 0.18274943659086254,
    "N_with_uncertainty": 4881,
    "train_time_s": 5.984898567199707
  }
}