{
  "eval": {
    "RMSE": 0.5082044528088474,
    "MAE": 0.31293977817766105,
    "R2": 0.8044018984293908,
    "N": 6969,
    "PS_RMSE": 0.4880011502313429,
    "PS_R2": 0.7833458949253,
    "N_solvents": 25,
    "train_time_s": 4.663021802902222
  },
  "ood": {
    "RMSE": 0.6309778398841791,
    "MAE": 0.45229402262772167,
    "R2": 0.6465617273345967,
    "N": 11940,
    "PS_RMSE": 0.5607758678815222,
    "PS_R2": -10.11583281735766,
    "N_solvents": 146,
    "train_time_s": 4.663021802902222
  },
  "sc3_gold": {
    "RMSE": 0.7620914665891727,
    "MAE": 0.5894470317106344,
    "R2": 0.5777534668250657,
    "N": 4507,
    "PS_RMSE": 0.6565160990797836,
    "PS_R2": -4.925722549015157,
    "N_solvents": 26,
    "Z_RMSE": 42.99097584859852,
    "f_aleatoric": 0.06755581327921137,
    "N_with_uncertainty": 3449,
    "train_time_s": 4.663021802902222
  },
  "sc3_silver": {
    "RMSE": 0.7417265876271358,
    "MAE": 0.5722225442150409,
    "R2": 0.5725707108425109,
    "N": 5475,
    "PS_RMSE": 0.6171428317196196,
    "PS_R2": -2.621417856633974,
    "N_solvents": 27,
    "Z_RMSE": 39.310769682106304,
    "f_aleatoric": 0.11016144349477683,
    "N_with_uncertainty": 4212,
    "train_time_s": 4.663021802902222
  },
  "sc3_bronze": {
    "RMSE": 0.7363608791464545,
    "MAE": 0.565420509892019,
    "R2": 0.5626018209014749,
    "N": 6331,
    "PS_RMSE": 0.6170486372822807,
    "PS_R2": -3.1486020514183646,
    "N_solvents": 30,
    "Z_RMSE": 36.761143832177424,
    "f_aleatoric": 0.1706617496414669,
    "N_with_uncertainty": 4881,
    "train_time_s": 4.663021802902222
  }
}