{
  "eval": {
    "RMSE": 0.49755177109912757,
    "MAE": 0.3153811590690468,
    "R2": 0.8125159802585323,
    "N": 6969,
    "PS_RMSE": 0.4790896057846517,
    "PS_R2": 0.7898666981037924,
    "N_solvents": 25,
    "train_time_s": 5.8234944343566895
  },
  "ood": {
    "RMSE": 0.6273334471931086,
    "MAE": 0.4494581918780744,
    "R2": 0.6506327040776825,
    "N": 11940,
    "PS_RMSE": 0.5737840216058286,
    "PS_R2": -11.637150754759402,
    "N_solvents": 146,
    "train_time_s": 5.8234944343566895
  },
  "sc3_gold": {
    "RMSE": 0.710787123191603,
    "MAE": 0.5497114633949685,
    "R2": 0.6326914836573618,
    "N": 4507,
    "PS_RMSE": 0.6240296453642268,
    "PS_R2": -4.901276380988602,
    "N_solvents": 26,
    "Z_RMSE": 41.00743777201402,
    "f_aleatoric": 0.07277471730936504,
    "N_with_uncertainty": 3449,
    "train_time_s": 5.8234944343566895
  },
  "sc3_silver": {
    "RMSE": 0.6979632794181365,
    "MAE": 0.5342956284215977,
    "R2": 0.6215210468236961,
    "N": 5475,
    "PS_RMSE": 0.5882316518088965,
    "PS_R2": -1.8982283521846304,
    "N_solvents": 27,
    "Z_RMSE": 37.44582046098038,
    "f_aleatoric": 0.12274453941120608,
    "N_with_uncertainty": 4212,
    "train_time_s": 5.8234944343566895
  },
  "sc3_bronze": {
    "RMSE": 0.6954226619988602,
    "MAE": 0.5317497684733512,
    "R2": 0.6098844749999957,
    "N": 6331,
    "PS_RMSE": 0.5749258281227747,
    "PS_R2": -1.2445497275031614,
    "N_solvents": 30,
    "Z_RMSE": 35.03268205748425,
    "f_aleatoric": 0.1768080311411596,
    "N_with_uncertainty": 4881,
    "train_time_s": 5.8234944343566895
  }
}