{
  "method": "xgb",
  "featurizer": "rdkit",
  "seeds": [
    42,
    101,
    123,
    456,
    789
  ],
  "params": {
    "n_estimators": 3000,
    "max_depth": 8,
    "learning_rate": 0.1,
    "subsample": 0.8,
    "colsample_bytree": 0.8,
    "reg_alpha": 0.0,
    "reg_lambda": 0,
    "min_child_weight": 5
  },
  "aggregated": {
    "eval": {
      "RMSE_mean": 0.4937381702153605,
      "RMSE_std": 0.009854652309714933,
      "MAE_mean": 0.30972727990244303,
      "MAE_std": 0.0045816713858882535,
      "R2_mean": 0.815305447476932,
      "R2_std": 0.007376139126481214,
      "N_mean": 6969.0,
      "N_std": 0.0,
      "PS_RMSE_mean": 0.4784494113685053,
      "PS_RMSE_std": 0.006947165535720802,
      "PS_R2_mean": 0.7917796182898453,
      "PS_R2_std": 0.006269456189849754,
      "N_solvents_mean": 25.0,
      "N_solvents_std": 0.0,
      "train_time_s_mean": 5.6697687149047855,
      "train_time_s_std": 0.5146973627044578
    },
    "ood": {
      "RMSE_mean": 0.6407220983243629,
      "RMSE_std": 0.01306357017088073,
      "MAE_mean": 0.4575138104031785,
      "MAE_std": 0.011072458106989924,
      "R2_mean": 0.635409566932245,
      "R2_std": 0.01498131935822798,
      "N_mean": 11940.0,
      "N_std": 0.0,
      "PS_RMSE_mean": 0.5694459874780354,
      "PS_RMSE_std": 0.01166555592845066,
      "PS_R2_mean": -9.87502672792788,
      "PS_R2_std": 1.2604386670053105,
      "N_solvents_mean": 146.0,
      "N_solvents_std": 0.0,
      "train_time_s_mean": 5.6697687149047855,
      "train_time_s_std": 0.5146973627044578
    },
    "sc3_gold": {
      "RMSE_mean": 0.7521605763491321,
      "RMSE_std": 0.021636873515860796,
      "MAE_mean": 0.5799845660333682,
      "MAE_std": 0.01764125733310768,
      "R2_mean": 0.5883460771876499,
      "R2_std": 0.023261513687974043,
      "N_mean": 4507.0,
      "N_std": 0.0,
      "PS_RMSE_mean": 0.6509302550990013,
      "PS_RMSE_std": 0.014757292899229384,
      "PS_R2_mean": -4.361177276698579,
      "PS_R2_std": 0.5358599992627618,
      "N_solvents_mean": 26.0,
      "N_solvents_std": 0.0,
      "Z_RMSE_mean": 42.882722224909166,
      "Z_RMSE_std": 1.2071423767378142,
      "f_aleatoric_mean": 0.07822557262974776,
      "f_aleatoric_std": 0.012417249703634866,
      "N_with_uncertainty_mean": 3449.0,
      "N_with_uncertainty_std": 0.0,
      "train_time_s_mean": 5.6697687149047855,
      "train_time_s_std": 0.5146973627044578
    },
    "sc3_silver": {
      "RMSE_mean": 0.7318801759443196,
      "RMSE_std": 0.01737846446034077,
      "MAE_mean": 0.5601925346646683,
      "MAE_std": 0.01422088854218964,
      "R2_mean": 0.5836089859447564,
      "R2_std": 0.019451501941288963,
      "N_mean": 5475.0,
      "N_std": 0.0,
      "PS_RMSE_mean": 0.6136888809180594,
      "PS_RMSE_std": 0.013599712881330965,
      "PS_R2_mean": -2.151025188405647,
      "PS_R2_std": 0.556903126442012,
      "N_solvents_mean": 27.0,
      "N_solvents_std": 0.0,
      "Z_RMSE_mean": 39.17155174247789,
      "Z_RMSE_std": 1.0910505687185408,
      "f_aleatoric_mean": 0.1224596391263058,
      "f_aleatoric_std": 0.007851861959580014,
      "N_with_uncertainty_mean": 4212.0,
      "N_with_uncertainty_std": 0.0,
      "train_time_s_mean": 5.6697687149047855,
      "train_time_s_std": 0.5146973627044578
    },
    "sc3_bronze": {
      "RMSE_mean": 0.7252366292145414,
      "RMSE_std": 0.015415816315056783,
      "MAE_mean": 0.5543487233163803,
      "MAE_std": 0.01242131536152381,
      "R2_mean": 0.5755258969461771,
      "R2_std": 0.01779263659779064,
      "N_mean": 6331.0,
      "N_std": 0.0,
      "PS_RMSE_mean": 0.6037933996475184,
      "PS_RMSE_std": 0.016392064855775875,
      "PS_R2_mean": -1.9916918258272045,
      "PS_R2_std": 0.8064099005483335,
      "N_solvents_mean": 30.0,
      "N_solvents_std": 0.0,
      "Z_RMSE_mean": 36.60053804611842,
      "Z_RMSE_std": 0.984106493278132,
      "f_aleatoric_mean": 0.1769719319811514,
      "f_aleatoric_std": 0.004738619610914907,
      "N_with_uncertainty_mean": 4881.0,
      "N_with_uncertainty_std": 0.0,
      "train_time_s_mean": 5.6697687149047855,
      "train_time_s_std": 0.5146973627044578
    }
  },
  "per_seed": {
    "42": {
      "eval": {
        "RMSE": 0.48310819600598426,
        "MAE": 0.30390640557863047,
        "R2": 0.8232430438162569,
        "N": 6969,
        "PS_RMSE": 0.4680670539425975,
        "PS_R2": 0.8015828197532603,
        "N_solvents": 25,
        "train_time_s": 5.7913618087768555
      },
      "ood": {
        "RMSE": 0.6637028344669786,
        "MAE": 0.4788753748304945,
        "R2": 0.6089496248512825,
        "N": 11940,
        "PS_RMSE": 0.5884004160618892,
        "PS_R2": -9.438961110416642,
        "N_solvents": 146,
        "train_time_s": 5.7913618087768555
      },
      "sc3_gold": {
        "RMSE": 0.7727033430691349,
        "MAE": 0.6033533957404601,
        "R2": 0.5659123026326253,
        "N": 4507,
        "PS_RMSE": 0.6523787279488693,
        "PS_R2": -3.4790514637999,
        "N_solvents": 26,
        "Z_RMSE": 44.788144874032795,
        "f_aleatoric": 0.06639605682806611,
        "N_with_uncertainty": 3449,
        "train_time_s": 5.7913618087768555
      },
      "sc3_silver": {
        "RMSE": 0.7454580436583255,
        "MAE": 0.574141865370506,
        "R2": 0.5682592961033464,
        "N": 5475,
        "PS_RMSE": 0.6211452506537137,
        "PS_R2": -1.180308435322649,
        "N_solvents": 27,
        "Z_RMSE": 40.85944123482798,
        "f_aleatoric": 0.11823361823361823,
        "N_with_uncertainty": 4212,
        "train_time_s": 5.7913618087768555
      },
      "sc3_bronze": {
        "RMSE": 0.7360878695681246,
        "MAE": 0.5660968552981855,
        "R2": 0.5629260960202711,
        "N": 6331,
        "PS_RMSE": 0.6212370253562028,
        "PS_R2": -1.4770707838524086,
        "N_solvents": 30,
        "Z_RMSE": 38.10933528339046,
        "f_aleatoric": 0.17291538619135424,
        "N_with_uncertainty": 4881,
        "train_time_s": 5.7913618087768555
      }
    },
    "101": {
      "eval": {
        "RMSE": 0.48218349794892773,
        "MAE": 0.3047294782626498,
        "R2": 0.8239190430719217,
        "N": 6969,
        "PS_RMSE": 0.4739697734820198,
        "PS_R2": 0.7956215653466594,
        "N_solvents": 25,
        "train_time_s": 6.086066961288452
      },
      "ood": {
        "RMSE": 0.6458455588287441,
        "MAE": 0.45746122360295655,
        "R2": 0.6297093747190452,
        "N": 11940,
        "PS_RMSE": 0.5543804739219961,
        "PS_R2": -7.794911381903917,
        "N_solvents": 146,
        "train_time_s": 6.086066961288452
      },
      "sc3_gold": {
        "RMSE": 0.7526618267799267,
        "MAE": 0.5781153745518245,
        "R2": 0.5881380460633703,
        "N": 4507,
        "PS_RMSE": 0.6526594043236469,
        "PS_R2": -4.355767136834712,
        "N_solvents": 26,
        "Z_RMSE": 42.57130602000619,
        "f_aleatoric": 0.09915917657291969,
        "N_with_uncertainty": 3449,
        "train_time_s": 6.086066961288452
      },
      "sc3_silver": {
        "RMSE": 0.7337102407215493,
        "MAE": 0.5609292145273459,
        "R2": 0.5817598262804173,
        "N": 5475,
        "PS_RMSE": 0.6137735613836213,
        "PS_R2": -2.6683751778175755,
        "N_solvents": 27,
        "Z_RMSE": 38.896902591910894,
        "f_aleatoric": 0.12867996201329535,
        "N_with_uncertainty": 4212,
        "train_time_s": 6.086066961288452
      },
      "sc3_bronze": {
        "RMSE": 0.7254717729394898,
        "MAE": 0.5544675240739921,
        "R2": 0.5754424247501364,
        "N": 6331,
        "PS_RMSE": 0.6066529390291362,
        "PS_R2": -2.7804912082814472,
        "N_solvents": 30,
        "Z_RMSE": 36.353886597877235,
        "f_aleatoric": 0.18172505634091374,
        "N_with_uncertainty": 4881,
        "train_time_s": 6.086066961288452
      }
    },
    "123": {
      "eval": {
        "RMSE": 0.49755177109912757,
        "MAE": 0.3153811590690468,