{
  "eval": {
    "RMSE": 0.7135936994601447,
    "MAE": 0.5148284817962014,
    "R2": 0.6346183071956615,
    "N": 717,
    "PS_RMSE": 0.695009338300143,
    "PS_R2": 0.5539428238671982,
    "N_solvents": 25
  },
  "ood": {
    "RMSE": 0.9707485423756637,
    "MAE": 0.7310539354678991,
    "R2": 0.18797870024212493,
    "N": 1159,
    "PS_RMSE": 0.805919540213,
    "PS_R2": -3.1713630243365074,
    "N_solvents": 77
  },
  "sc3_gold": {
    "RMSE": 0.6823024959236473,
    "MAE": 0.5071920195416836,
    "R2": 0.6460902946213007,
    "N": 666,
    "PS_RMSE": 0.6014785740258418,
    "PS_R2": -2104.392641435875,
    "N_solvents": 25
  },
  "_n_train": 2008,
  "_n_trainable": 330497,
  "_best_epoch": 143,
  "_val_RMSE": 0.7135936994601447,
  "_elapsed_s": 4.231147527694702,
  "_protocol": "scratch",
  "_variant": "full",
  "_fraction": 0.25,
  "_seed": 789,
  "_approach": "interp"
}