{
  "eval": {
    "RMSE": 0.7608648332905632,
    "MAE": 0.5380137833760794,
    "R2": 0.5846064074203796,
    "N": 717,
    "PS_RMSE": 0.7647743421820051,
    "PS_R2": 0.4528416203918578,
    "N_solvents": 25
  },
  "ood": {
    "RMSE": 0.8689289226655695,
    "MAE": 0.644813632686123,
    "R2": 0.34938745467375765,
    "N": 1159,
    "PS_RMSE": 0.7372657223885085,
    "PS_R2": -3.113815141489376,
    "N_solvents": 77
  },
  "sc3_gold": {
    "RMSE": 0.6486585604691104,
    "MAE": 0.48581352004468126,
    "R2": 0.6801319516668483,
    "N": 666,
    "PS_RMSE": 0.5041970682211918,
    "PS_R2": -76.44560444805717,
    "N_solvents": 25
  },
  "_n_train": 2008,
  "_n_trainable": 330497,
  "_best_epoch": 87,
  "_val_RMSE": 0.7608648332905632,
  "_elapsed_s": 2.7380058765411377,
  "_protocol": "scratch",
  "_variant": "full",
  "_fraction": 0.25,
  "_seed": 123,
  "_approach": "interp"
}