{
  "eval": {
    "RMSE": 0.7849966554621962,
    "MAE": 0.5638662358405616,
    "R2": 0.5578390520916392,
    "N": 717,
    "PS_RMSE": 0.7831593419261155,
    "PS_R2": 0.44614583294271776,
    "N_solvents": 25
  },
  "ood": {
    "RMSE": 0.9219010703174448,
    "MAE": 0.6874741422983447,
    "R2": 0.26764345807910095,
    "N": 1159,
    "PS_RMSE": 0.781686886193137,
    "PS_R2": -5.523153186019256,
    "N_solvents": 77
  },
  "sc3_gold": {
    "RMSE": 0.6674845143808106,
    "MAE": 0.4957448456551063,
    "R2": 0.6612955194642438,
    "N": 666,
    "PS_RMSE": 0.6135623207405922,
    "PS_R2": -6173.681484957088,
    "N_solvents": 25
  },
  "_n_train": 2008,
  "_n_trainable": 330497,
  "_best_epoch": 88,
  "_val_RMSE": 0.7849966554621962,
  "_elapsed_s": 2.7793612480163574,
  "_protocol": "scratch",
  "_variant": "full",
  "_fraction": 0.25,
  "_seed": 456,
  "_approach": "interp"
}