{
  "eval": {
    "RMSE": 0.7614628130856292,
    "MAE": 0.5362901430725766,
    "R2": 0.5839532175902988,
    "N": 717,
    "PS_RMSE": 0.7578761039768465,
    "PS_R2": 0.48285446513927,
    "N_solvents": 25
  },
  "ood": {
    "RMSE": 0.8738136827713435,
    "MAE": 0.6365258404377883,
    "R2": 0.342051942947341,
    "N": 1159,
    "PS_RMSE": 0.758230073010079,
    "PS_R2": -8.404611680627035,
    "N_solvents": 77
  },
  "sc3_gold": {
    "RMSE": 0.6403797985612609,
    "MAE": 0.47251323288217095,
    "R2": 0.6882447333021043,
    "N": 666,
    "PS_RMSE": 0.5622913349357421,
    "PS_R2": -1632.7665110901874,
    "N_solvents": 25
  },
  "_n_train": 2008,
  "_n_trainable": 330497,
  "_best_epoch": 61,
  "_val_RMSE": 0.7614628130856292,
  "_elapsed_s": 2.0207831859588623,
  "_protocol": "scratch",
  "_variant": "full",
  "_fraction": 0.25,
  "_seed": 101,
  "_approach": "interp"
}