{
  "eval": {
    "RMSE": 0.6856836215401791,
    "MAE": 0.49938355740893636,
    "R2": 0.6626409837493589,
    "N": 717,
    "PS_RMSE": 0.6830451125069785,
    "PS_R2": 0.5826799567579792,
    "N_solvents": 25
  },
  "ood": {
    "RMSE": 0.9001817761046877,
    "MAE": 0.683289432033888,
    "R2": 0.30174450834749067,
    "N": 1159,
    "PS_RMSE": 0.7475032453089991,
    "PS_R2": -3.6848583296177444,
    "N_solvents": 77
  },
  "sc3_gold": {
    "RMSE": 0.6270980072897538,
    "MAE": 0.47114012373175035,
    "R2": 0.7010425406102613,
    "N": 666,
    "PS_RMSE": 0.5301889775052953,
    "PS_R2": -783.8389633387503,
    "N_solvents": 25
  },
  "_n_train": 2008,
  "_n_trainable": 330497,
  "_best_epoch": 112,
  "_val_RMSE": 0.6856836215401791,
  "_elapsed_s": 3.070518970489502,
  "_protocol": "scratch",
  "_variant": "full",
  "_fraction": 0.25,
  "_seed": 42,
  "_approach": "interp"
}