{
  "method": "fastprop_big",
  "fraction": 1.0,
  "seed": 101,
  "params": {
    "lr": 0.0005,
    "batch_size": 256,
    "hidden_dims": [
      1024,
      768,
      512,
      256,
      128
    ],
    "dropout": 0.35,
    "weight_decay": 0.001,
    "epochs": 400,
    "patience": 50,
    "lr_patience": 20
  },
  "wall_time_s": 86.33330512046814,
  "metrics": {
    "eval": {
      "RMSE": 0.49176935185946674,
      "MAE": 0.307073987703757,
      "R2": 0.8168484402521706,
      "N": 6969,
      "PS_RMSE": 0.47035066550648863,
      "PS_R2": 0.7915236228644027,
      "N_solvents": 25
    },
    "ood": {
      "RMSE": 0.683971850676958,
      "MAE": 0.4866460758843447,
      "R2": 0.5847001072964901,
      "N": 11940,
      "PS_RMSE": 0.6241016945703124,
      "PS_R2": -19.100874077619302,
      "N_solvents": 146
    },
    "sc3_gold": {
      "RMSE": 0.7916841712161251,
      "MAE": 0.5932399647952135,
      "R2": 0.5443243531415263,
      "N": 4507,
      "PS_RMSE": 0.7719010696906928,
      "PS_R2": -11.393425058073516,
      "N_solvents": 26,
      "Z_RMSE": 46.149484490279356,
      "f_aleatoric": 0.05885763989562192,
      "N_with_uncertainty": 3449
    },
    "_n_train": 61403,
    "_best_epoch": 44,
    "_train_RMSE_at_best": 0.30642196111092546,
    "_val_RMSE_best": 0.49176934053818916,
    "_n_params": 1679361
  }
}