{
  "method": "fastprop_xl",
  "fraction": 0.8,
  "seed": 42,
  "params": {
    "lr": 0.0003,
    "batch_size": 256,
    "hidden_dims": [
      2048,
      1536,
      1024,
      768,
      512,
      256,
      128
    ],
    "dropout": 0.2,
    "epochs": 200,
    "patience": 30
  },
  "wall_time_s": 103.66652178764343,
  "metrics": {
    "eval": {
      "RMSE": 0.46587865572789333,
      "MAE": 0.2819261776892271,
      "R2": 0.8356259216519069,
      "N": 6969,
      "PS_RMSE": 0.45287683559004327,
      "PS_R2": 0.8073481930299838,
      "N_solvents": 25
    },
    "ood": {
      "RMSE": 0.6625369872625004,
      "MAE": 0.46455936203754006,
      "R2": 0.6103222408661741,
      "N": 11940,
      "PS_RMSE": 0.586144306969706,
      "PS_R2": -14.975496582127239,
      "N_solvents": 146
    },
    "sc3_gold": {
      "RMSE": 0.8432160838521442,
      "MAE": 0.6229103417268,
      "R2": 0.48307247377261353,
      "N": 4507,
      "PS_RMSE": 0.8041227988235183,
      "PS_R2": -8.141411456681027,
      "N_solvents": 26,
      "Z_RMSE": 49.5553975932102,
      "f_aleatoric": 0.06900550884314294,
      "N_with_uncertainty": 3449
    },
    "_n_train": 49122,
    "_best_epoch": 87
  }
}