{
  "eval": {
    "RMSE": 1.0159457766557356,
    "MAE": 0.7859877248503893,
    "R2": 0.21832042726791545,
    "N": 6969,
    "PS_RMSE": 1.0150279752935467,
    "PS_R2": 0.06183155908984816,
    "N_solvents": 25
  },
  "ood": {
    "RMSE": 1.0961284608211463,
    "MAE": 0.8660328619507651,
    "R2": -0.0666164357900163,
    "N": 11940,
    "PS_RMSE": 0.9723453138499433,
    "PS_R2": -43.62166823705229,
    "N_solvents": 146
  },
  "sc3_gold": {
    "RMSE": 1.032369169142278,
    "MAE": 0.8032090076275421,
    "R2": 0.225142312217137,
    "N": 4507,
    "PS_RMSE": 0.8553952998196329,
    "PS_R2": -11.189869651254806,
    "N_solvents": 26,
    "Z_RMSE": 59.84705401053231,
    "f_aleatoric": 0.04059147579008408,
    "N_with_uncertainty": 3449
  },
  "_n_train": 61403,
  "_n_trainable": 129,
  "_best_epoch": 51,
  "_val_RMSE": 1.0159457766557356,
  "_elapsed_s": 27.172930479049683,
  "_protocol": "scratch",
  "_variant": "head_only",
  "_fraction": 1.0,
  "_seed": 42
}