{
  "eval": {
    "RMSE": 0.9854207764410012,
    "MAE": 0.7652455522134048,
    "R2": 0.2645872863516755,
    "N": 6969,
    "PS_RMSE": 0.9739723309424941,
    "PS_R2": 0.16258456746058172,
    "N_solvents": 25
  },
  "ood": {
    "RMSE": 1.052805883989515,
    "MAE": 0.8401427974092464,
    "R2": 0.016029745301333498,
    "N": 11940,
    "PS_RMSE": 0.9676705311157212,
    "PS_R2": -44.99154108471591,
    "N_solvents": 146
  },
  "sc3_gold": {
    "RMSE": 1.0410699141731685,
    "MAE": 0.7939342514904679,
    "R2": 0.21202636632148675,
    "N": 4507,
    "PS_RMSE": 0.8689214983931799,
    "PS_R2": -8.09793606773207,
    "N_solvents": 26,
    "Z_RMSE": 60.64485221289252,
    "f_aleatoric": 0.04928964917367353,
    "N_with_uncertainty": 3449
  },
  "_n_train": 61403,
  "_n_trainable": 129,
  "_best_epoch": 71,
  "_val_RMSE": 0.9854207764410012,
  "_elapsed_s": 32.981526374816895,
  "_protocol": "scratch",
  "_variant": "head_only",
  "_fraction": 1.0,
  "_seed": 456
}