{
  "eval": {
    "RMSE": 0.9826941649748087,
    "MAE": 0.7634472999070513,
    "R2": 0.26865135859545486,
    "N": 6969,
    "PS_RMSE": 0.9600787680154973,
    "PS_R2": 0.1762633095042515,
    "N_solvents": 25
  },
  "ood": {
    "RMSE": 1.023494998777841,
    "MAE": 0.8201467585632424,
    "R2": 0.0700559657385802,
    "N": 11940,
    "PS_RMSE": 0.9740917621211209,
    "PS_R2": -64.07807128978375,
    "N_solvents": 146
  },
  "sc3_gold": {
    "RMSE": 1.0961089268991095,
    "MAE": 0.8455364650763069,
    "R2": 0.1265072125643384,
    "N": 4507,
    "PS_RMSE": 0.8874226875780138,
    "PS_R2": -6.7211672660390125,
    "N_solvents": 26,
    "Z_RMSE": 62.89835341539459,
    "f_aleatoric": 0.035372571759930416,
    "N_with_uncertainty": 3449
  },
  "_n_train": 61403,
  "_n_trainable": 129,
  "_best_epoch": 91,
  "_val_RMSE": 0.9826941649748087,
  "_elapsed_s": 38.779154777526855,
  "_protocol": "scratch",
  "_variant": "head_only",
  "_fraction": 1.0,
  "_seed": 789
}