{
  "eval": {
    "RMSE": 0.9791654326643208,
    "MAE": 0.7672419397874135,
    "R2": 0.2738942920056603,
    "N": 6969,
    "PS_RMSE": 0.9887043661027687,
    "PS_R2": 0.12476740703495608,
    "N_solvents": 25
  },
  "ood": {
    "RMSE": 1.0509185394135547,
    "MAE": 0.8426256939430745,
    "R2": 0.019554471684397723,
    "N": 11940,
    "PS_RMSE": 0.9389745666110123,
    "PS_R2": -33.420580082169046,
    "N_solvents": 146
  },
  "sc3_gold": {
    "RMSE": 1.0248176049935764,
    "MAE": 0.7760829804493782,
    "R2": 0.23643669580163018,
    "N": 4507,
    "PS_RMSE": 0.8521144713523469,
    "PS_R2": -5.7986851237241,
    "N_solvents": 26,
    "Z_RMSE": 59.268059536945565,
    "f_aleatoric": 0.04697013627138301,
    "N_with_uncertainty": 3449
  },
  "_n_train": 61403,
  "_n_trainable": 129,
  "_best_epoch": 121,
  "_val_RMSE": 0.9791654326643208,
  "_elapsed_s": 48.31396198272705,
  "_protocol": "scratch",
  "_variant": "head_only",
  "_fraction": 1.0,
  "_seed": 101
}