{
  "eval": {
    "RMSE": 0.9750276258209908,
    "MAE": 0.7559516674405403,
    "R2": 0.2800181538471047,
    "N": 6969,
    "PS_RMSE": 0.972276295306534,
    "PS_R2": 0.15344101826583778,
    "N_solvents": 25
  },
  "ood": {
    "RMSE": 1.0808285261794521,
    "MAE": 0.8524158562907459,
    "R2": -0.03704824262195916,
    "N": 11940,
    "PS_RMSE": 1.0981976212531515,
    "PS_R2": -99.17915377481648,
    "N_solvents": 146
  },
  "sc3_gold": {
    "RMSE": 0.9946352547570538,
    "MAE": 0.7756707393852222,
    "R2": 0.28075046261603076,
    "N": 4507,
    "PS_RMSE": 0.8259923237437048,
    "PS_R2": -5.378273247039119,
    "N_solvents": 26,
    "Z_RMSE": 57.39588315066585,
    "f_aleatoric": 0.04146129312844303,
    "N_with_uncertainty": 3449
  },
  "_n_train": 61403,
  "_n_trainable": 129,
  "_best_epoch": 140,
  "_val_RMSE": 0.9750276258209908,
  "_elapsed_s": 53.603984117507935,
  "_protocol": "scratch",
  "_variant": "head_only",
  "_fraction": 1.0,
  "_seed": 123
}