{
  "train_time_s": 1342.5419042110443,
  "best_epoch": 62,
  "best_val_loss": 0.3086376190185547,
  "eval": {
    "RMSE": 0.5555516116721003,
    "MAE": 0.3675670225954501,
    "R2": 0.766258122570282,
    "N": 6969,
    "PS_RMSE": 0.5523537170697952,
    "PS_R2": 0.7101731115145694,
    "N_solvents": 25
  },
  "test_hard": {
    "RMSE": 1.0395458897317877,
    "MAE": 0.8148417766300052,
    "R2": 0.2143317102125426,
    "N": 4507,
    "PS_RMSE": 0.9893707319923413,
    "PS_R2": -35.80808060584461,
    "N_solvents": 26,
    "Z_RMSE": 59.76469325998644,
    "f_aleatoric": 0.03827196288779356,
    "N_with_uncertainty": 3449
  },
  "test_medium": {
    "RMSE": 0.9994563852227115,
    "MAE": 0.7811956499562945,
    "R2": 0.22392395547670962,
    "N": 5475,
    "PS_RMSE": 0.9196242363362508,
    "PS_R2": -33.779402563084695,
    "N_solvents": 27,
    "Z_RMSE": 54.64040365647371,
    "f_aleatoric": 0.058167141500474834,
    "N_with_uncertainty": 4212
  },
  "test_easy": {
    "RMSE": 1.0029187511363093,
    "MAE": 0.784281917235777,
    "R2": 0.18861484518745586,
    "N": 6331,
    "PS_RMSE": 0.8675548466207169,
    "PS_R2": -5.585745529783158,
    "N_solvents": 30,
    "Z_RMSE": 50.85681587567612,
    "f_aleatoric": 0.09649661954517517,
    "N_with_uncertainty": 4881
  },
  "artifacts": {
    "seed_dir": "/DATATWO/users/solubility/Dhairya/sc3-benchmark-gnn-runner/results/hpo_gat_trial_012/seed_42",
    "checkpoints_dir": "/DATATWO/users/solubility/Dhairya/sc3-benchmark-gnn-runner/results/hpo_gat_trial_012/seed_42/checkpoints",
    "predictions_dir": "/DATATWO/users/solubility/Dhairya/sc3-benchmark-gnn-runner/results/hpo_gat_trial_012/seed_42/predictions",
    "epoch_history_json": "/DATATWO/users/solubility/Dhairya/sc3-benchmark-gnn-runner/results/hpo_gat_trial_012/seed_42/epoch_history.json",
    "best_model_pkl": "/DATATWO/users/solubility/Dhairya/sc3-benchmark-gnn-runner/results/hpo_gat_trial_012/seed_42/best_model.pkl",
    "run_config_json": "/DATATWO/users/solubility/Dhairya/sc3-benchmark-gnn-runner/results/hpo_gat_trial_012/seed_42/run_config.json"
  }
}