{
  "eval": {
    "RMSE": 0.6205953142670974,
    "MAE": 0.43295817257115915,
    "R2": 0.7083213187612004,
    "N": 6969,
    "PS_RMSE": 0.6230519062200333,
    "PS_R2": 0.6352035626882819,
    "N_solvents": 25,
    "train_time_s": 732.3517544269562
  },
  "ood": {
    "RMSE": 0.7610573122924096,
    "MAE": 0.5645495030118479,
    "R2": 0.48581418887478,
    "N": 11940,
    "PS_RMSE": 0.6750743052048604,
    "PS_R2": -22.669739089419014,
    "N_solvents": 146,
    "train_time_s": 732.3517544269562
  },
  "sc3_gold": {
    "RMSE": 1.0798021414304309,
    "MAE": 0.839369547788869,
    "R2": 0.15230374611750164,
    "N": 4507,
    "PS_RMSE": 1.010974693562237,
    "PS_R2": -15.322604751751411,
    "N_solvents": 26,
    "Z_RMSE": 59.548855262342315,
    "f_aleatoric": 0.04610031893302406,
    "N_with_uncertainty": 3449,
    "train_time_s": 732.3517544269562
  },
  "sc3_silver": {
    "RMSE": 1.0459434329977222,
    "MAE": 0.8064499640896695,
    "R2": 0.15005077969068747,
    "N": 5475,
    "PS_RMSE": 0.9487581963075683,
    "PS_R2": -11.164862940149082,
    "N_solvents": 27,
    "Z_RMSE": 54.45158062403483,
    "f_aleatoric": 0.09069325735992402,
    "N_with_uncertainty": 4212,
    "train_time_s": 732.3517544269562
  },
  "sc3_bronze": {
    "RMSE": 1.037392906043466,
    "MAE": 0.795172408213218,
    "R2": 0.1318753193711868,
    "N": 6331,
    "PS_RMSE": 0.904130354445638,
    "PS_R2": -4.010603426030775,
    "N_solvents": 30,
    "Z_RMSE": 51.030037165569816,
    "f_aleatoric": 0.1389059618930547,
    "N_with_uncertainty": 4881,
    "train_time_s": 732.3517544269562
  }
}