{
  "eval": {
    "RMSE": 0.5808319602522618,
    "MAE": 0.3922177397544235,
    "R2": 0.7445012885709588,
    "N": 6969,
    "PS_RMSE": 0.5787843780151903,
    "PS_R2": 0.6893470950529939,
    "N_solvents": 25,
    "train_time_s": 805.9179611206055
  },
  "ood": {
    "RMSE": 0.7309538475303919,
    "MAE": 0.5246406521769816,
    "R2": 0.5256867302419777,
    "N": 11940,
    "PS_RMSE": 0.6386632991501758,
    "PS_R2": -12.802906227863105,
    "N_solvents": 146,
    "train_time_s": 805.9179611206055
  },
  "sc3_gold": {
    "RMSE": 1.2443840256019973,
    "MAE": 0.9216143146395968,
    "R2": -0.12579871809125986,
    "N": 4507,
    "PS_RMSE": 1.0473223164835543,
    "PS_R2": -11.138305352689175,
    "N_solvents": 26,
    "Z_RMSE": 65.83370522486082,
    "f_aleatoric": 0.03363293708321253,
    "N_with_uncertainty": 3449,
    "train_time_s": 805.9179611206055
  },
  "sc3_silver": {
    "RMSE": 1.203450806524222,
    "MAE": 0.8860046832173241,
    "R2": -0.12520918700212347,
    "N": 5475,
    "PS_RMSE": 0.9785421112294793,
    "PS_R2": -7.206527670168064,
    "N_solvents": 27,
    "Z_RMSE": 60.27970482986168,
    "f_aleatoric": 0.06647673314339982,
    "N_with_uncertainty": 4212,
    "train_time_s": 805.9179611206055
  },
  "sc3_bronze": {
    "RMSE": 1.2444622585867937,
    "MAE": 0.8959717588000562,
    "R2": -0.24927778061320116,
    "N": 6331,
    "PS_RMSE": 1.0074415429341286,
    "PS_R2": -6.225271358685354,
    "N_solvents": 30,
    "Z_RMSE": 57.51331226191396,
    "f_aleatoric": 0.1057160417947142,
    "N_with_uncertainty": 4881,
    "train_time_s": 805.9179611206055
  }
}