{
  "eval": {
    "RMSE": 0.6057460131485022,
    "MAE": 0.4153211138598133,
    "R2": 0.722112614820906,
    "N": 6969,
    "PS_RMSE": 0.6080430662685773,
    "PS_R2": 0.6501025931478178,
    "N_solvents": 25,
    "train_time_s": 705.8893222808838
  },
  "ood": {
    "RMSE": 0.7780862843180522,
    "MAE": 0.5617739380965665,
    "R2": 0.46254651682187276,
    "N": 11940,
    "PS_RMSE": 0.7055506778646367,
    "PS_R2": -17.993506192040066,
    "N_solvents": 146,
    "train_time_s": 705.8893222808838
  },
  "sc3_gold": {
    "RMSE": 1.0758345669398652,
    "MAE": 0.8085587378696372,
    "R2": 0.15852177242314192,
    "N": 4507,
    "PS_RMSE": 1.0499445737668893,
    "PS_R2": -23.963953324935485,
    "N_solvents": 26,
    "Z_RMSE": 60.380270632678226,
    "f_aleatoric": 0.06378660481298927,
    "N_with_uncertainty": 3449,
    "train_time_s": 705.8893222808838
  },
  "sc3_silver": {
    "RMSE": 1.0384009446642197,
    "MAE": 0.772482448456713,
    "R2": 0.16226485819479808,
    "N": 5475,
    "PS_RMSE": 1.0016766224506162,
    "PS_R2": -21.091587516983033,
    "N_solvents": 27,
    "Z_RMSE": 55.12253937942922,
    "f_aleatoric": 0.09615384615384616,
    "N_with_uncertainty": 4212,
    "train_time_s": 705.8893222808838
  },
  "sc3_bronze": {
    "RMSE": 1.085991928849554,
    "MAE": 0.7999931822150659,
    "R2": 0.04863153725809233,
    "N": 6331,
    "PS_RMSE": 0.9849772463044311,
    "PS_R2": -5.722951024714657,
    "N_solvents": 30,
    "Z_RMSE": 52.286989808357575,
    "f_aleatoric": 0.11555009219422249,
    "N_with_uncertainty": 4881,
    "train_time_s": 705.8893222808838
  }
}