{
  "eval": {
    "RMSE": 0.6075294790821634,
    "MAE": 0.4315680143616476,
    "R2": 0.7204738676811221,
    "N": 6969,
    "PS_RMSE": 0.6128674345174014,
    "PS_R2": 0.6417244019649102,
    "N_solvents": 25,
    "train_time_s": 886.8827750682831
  },
  "ood": {
    "RMSE": 0.7862426318246308,
    "MAE": 0.5708250004749262,
    "R2": 0.4512196666410232,
    "N": 11940,
    "PS_RMSE": 0.7376468614062518,
    "PS_R2": -20.665726762117544,
    "N_solvents": 146,
    "train_time_s": 886.8827750682831
  },
  "sc3_gold": {
    "RMSE": 1.2299226842985194,
    "MAE": 0.9027674614222944,
    "R2": -0.09978430669081395,
    "N": 4507,
    "PS_RMSE": 1.1138464116523188,
    "PS_R2": -21.71780204718601,
    "N_solvents": 26,
    "Z_RMSE": 66.96863326112303,
    "f_aleatoric": 0.03827196288779356,
    "N_with_uncertainty": 3449,
    "train_time_s": 886.8827750682831
  },
  "sc3_silver": {
    "RMSE": 1.2017730191938374,
    "MAE": 0.899445560434969,
    "R2": -0.12207395998763704,
    "N": 5475,
    "PS_RMSE": 1.068770841851717,
    "PS_R2": -13.179490758256707,
    "N_solvents": 27,
    "Z_RMSE": 61.1050700580734,
    "f_aleatoric": 0.05056980056980057,
    "N_with_uncertainty": 4212,
    "train_time_s": 886.8827750682831
  },
  "sc3_bronze": {
    "RMSE": 1.1927693734667095,
    "MAE": 0.8895637872510945,
    "R2": -0.14764749790688225,
    "N": 6331,
    "PS_RMSE": 0.9733280526286506,
    "PS_R2": -5.687049231619485,
    "N_solvents": 30,
    "Z_RMSE": 57.423759540808355,
    "f_aleatoric": 0.09157959434542103,
    "N_with_uncertainty": 4881,
    "train_time_s": 886.8827750682831
  }
}