{
  "eval": {
    "RMSE": 0.5791631959594792,
    "MAE": 0.3919441613213444,
    "R2": 0.7459673051359478,
    "N": 6969,
    "PS_RMSE": 0.5770422866300351,
    "PS_R2": 0.6861808275820566,
    "N_solvents": 25,
    "train_time_s": 791.2940022945404
  },
  "ood": {
    "RMSE": 0.825456133030563,
    "MAE": 0.5910055128960046,
    "R2": 0.39511424176998944,
    "N": 11940,
    "PS_RMSE": 0.7610427616067587,
    "PS_R2": -24.922154718962766,
    "N_solvents": 146,
    "train_time_s": 791.2940022945404
  },
  "sc3_gold": {
    "RMSE": 1.1982621033292349,
    "MAE": 0.9226860679553434,
    "R2": -0.04389193880392939,
    "N": 4507,
    "PS_RMSE": 1.108524787390711,
    "PS_R2": -21.179546758487444,
    "N_solvents": 26,
    "Z_RMSE": 66.25536349345593,
    "f_aleatoric": 0.03218324151928095,
    "N_with_uncertainty": 3449,
    "train_time_s": 791.2940022945404
  },
  "sc3_silver": {
    "RMSE": 1.1818670912379332,
    "MAE": 0.897736998977629,
    "R2": -0.08521019425041132,
    "N": 5475,
    "PS_RMSE": 1.0699214349381092,
    "PS_R2": -16.19897261900181,
    "N_solvents": 27,
    "Z_RMSE": 60.668346807629604,
    "f_aleatoric": 0.06196581196581197,
    "N_with_uncertainty": 4212,
    "train_time_s": 791.2940022945404
  },
  "sc3_bronze": {
    "RMSE": 1.210142783291425,
    "MAE": 0.8982698959787354,
    "R2": -0.18132334389237958,
    "N": 6331,
    "PS_RMSE": 1.0251958670171153,
    "PS_R2": -4.917275232715856,
    "N_solvents": 30,
    "Z_RMSE": 57.52081521114417,
    "f_aleatoric": 0.11042819094447859,
    "N_with_uncertainty": 4881,
    "train_time_s": 791.2940022945404
  }
}