{
  "method": "gcn",
  "display": "GCN",
  "family": "GNN",
  "seeds": [
    42,
    101,
    123,
    456,
    789
  ],
  "params": {
    "lr": 0.001,
    "batch_size": 64,
    "hidden_dim": 96,
    "num_layers": 4,
    "epochs": 100,
    "patience": 20
  },
  "aggregated": {
    "eval": {
      "RMSE_mean": 0.5987731925419009,
      "RMSE_std": 0.016173667239124813,
      "MAE_mean": 0.4128018403736776,
      "MAE_std": 0.01801966551550642,
      "R2_mean": 0.728275278994027,
      "R2_std": 0.014651226248707672,
      "N_mean": 6969.0,
      "N_std": 0.0,
      "PS_RMSE_mean": 0.5999578143302475,
      "PS_RMSE_std": 0.018648337661377166,
      "PS_R2_mean": 0.6605116960872122,
      "PS_R2_std": 0.02276926878840976,
      "N_solvents_mean": 25.0,
      "N_solvents_std": 0.0,
      "train_time_s_mean": 784.4671630382538,
      "train_time_s_std": 63.0653517121717
    },
    "ood": {
      "RMSE_mean": 0.7763592417992096,
      "RMSE_std": 0.031006346699273317,
      "MAE_mean": 0.5625589213312654,
      "MAE_std": 0.021540243201147433,
      "R2_mean": 0.46407626886992864,
      "R2_std": 0.042876053131200485,
      "N_mean": 11940.0,
      "N_std": 0.0,
      "PS_RMSE_mean": 0.7035955810465366,
      "PS_RMSE_std": 0.04357328323624068,
      "PS_R2_mean": -19.810806598080497,
      "PS_R2_std": 4.181949580146625,
      "N_solvents_mean": 146.0,
      "N_solvents_std": 0.0,
      "train_time_s_mean": 784.4671630382538,
      "train_time_s_std": 63.0653517121717
    },
    "sc3_gold": {
      "RMSE_mean": 1.1656411043200094,
      "RMSE_std": 0.07325331454491939,
      "MAE_mean": 0.878999225935148,
      "MAE_std": 0.04652287333783894,
      "R2_mean": 0.00827011099092807,
      "R2_std": 0.12303847964090422,
      "N_mean": 4507.0,
      "N_std": 0.0,
      "PS_RMSE_mean": 1.066122556571142,
      "PS_RMSE_std": 0.03932423800075406,
      "PS_R2_mean": -18.664442447009908,
      "PS_R2_std": 4.72322323916228,
      "N_solvents_mean": 26.0,
      "N_solvents_std": 0.0,
      "Z_RMSE_mean": 63.79736557489207,
      "Z_RMSE_std": 3.161384171383695,
      "f_aleatoric_mean": 0.04279501304726008,
      "f_aleatoric_std": 0.011563591877401693,
      "N_with_uncertainty_mean": 3449.0,
      "N_with_uncertainty_std": 0.0,
      "train_time_s_mean": 784.4671630382538,
      "train_time_s_std": 63.0653517121717
    },
    "sc3_silver": {
      "RMSE_mean": 1.134287058923587,
      "RMSE_std": 0.07563145038974983,
      "MAE_mean": 0.8524239310352609,
      "MAE_std": 0.05271853743881163,
      "R2_mean": -0.004035540670937254,
      "R2_std": 0.13160840563521464,
      "N_mean": 5475.0,
      "N_std": 0.0,
      "PS_RMSE_mean": 1.013533841355498,
      "PS_RMSE_std": 0.048562508054265124,
      "PS_R2_mean": -13.76828830091174,
      "PS_R2_std": 4.684445461157507,
      "N_solvents_mean": 27.0,
      "N_solvents_std": 0.0,
      "Z_RMSE_mean": 58.325448339805746,
      "Z_RMSE_std": 2.9086101644556885,
      "f_aleatoric_mean": 0.0731718898385565,
      "f_aleatoric_std": 0.0174150761104983,
      "N_with_uncertainty_mean": 4212.0,
      "N_with_uncertainty_std": 0.0,
      "train_time_s_mean": 784.4671630382538,
      "train_time_s_std": 63.0653517121717
    },
    "sc3_bronze": {
      "RMSE_mean": 1.1541518500475898,
      "RMSE_std": 0.07881712183750479,
      "MAE_mean": 0.855794206491634,
      "MAE_std": 0.047639398040683706,
      "R2_mean": -0.07954835315663678,
      "R2_std": 0.14486806025593973,
      "N_mean": 6331.0,
      "N_std": 0.0,
      "PS_RMSE_mean": 0.9790146126659927,
      "PS_RMSE_std": 0.04151226496371843,
      "PS_R2_mean": -5.3126300547532255,
      "PS_R2_std": 0.7736983837709347,
      "N_solvents_mean": 30.0,
      "N_solvents_std": 0.0,
      "Z_RMSE_mean": 55.15498279755877,
      "Z_RMSE_std": 2.8825956717964902,
      "f_aleatoric_mean": 0.1124359762343782,
      "f_aleatoric_std": 0.015456618292004481,
      "N_with_uncertainty_mean": 4881.0,
      "N_with_uncertainty_std": 0.0,
      "train_time_s_mean": 784.4671630382538,
      "train_time_s_std": 63.0653517121717
    }
  },
  "per_seed": {
    "42": {
      "eval": {
        "RMSE": 0.6075294790821634,
        "MAE": 0.4315680143616476,
        "R2": 0.7204738676811221,
        "N": 6969,
        "PS_RMSE": 0.6128674345174014,
        "PS_R2": 0.6417244019649102,
        "N_solvents": 25,
        "train_time_s": 886.8827750682831
      },
      "ood": {
        "RMSE": 0.7862426318246308,
        "MAE": 0.5708250004749262,
        "R2": 0.4512196666410232,
        "N": 11940,
        "PS_RMSE": 0.7376468614062518,
        "PS_R2": -20.665726762117544,
        "N_solvents": 146,
        "train_time_s": 886.8827750682831
      },
      "sc3_gold": {
        "RMSE": 1.2299226842985194,
        "MAE": 0.9027674614222944,
        "R2": -0.09978430669081395,
        "N": 4507,
        "PS_RMSE": 1.1138464116523188,
        "PS_R2": -21.71780204718601,
        "N_solvents": 26,
        "Z_RMSE": 66.96863326112303,
        "f_aleatoric": 0.03827196288779356,
        "N_with_uncertainty": 3449,
        "train_time_s": 886.8827750682831
      },
      "sc3_silver": {
        "RMSE": 1.2017730191938374,
        "MAE": 0.899445560434969,
        "R2": -0.12207395998763704,
        "N": 5475,
        "PS_RMSE": 1.068770841851717,
        "PS_R2": -13.179490758256707,
        "N_solvents": 27,
        "Z_RMSE": 61.1050700580734,
        "f_aleatoric": 0.05056980056980057,
        "N_with_uncertainty": 4212,
        "train_time_s": 886.8827750682831
      },
      "sc3_bronze": {
        "RMSE": 1.1927693734667095,
        "MAE": 0.8895637872510945,
        "R2": -0.14764749790688225,
        "N": 6331,
        "PS_RMSE": 0.9733280526286506,
        "PS_R2": -5.687049231619485,
        "N_solvents": 30,
        "Z_RMSE": 57.423759540808355,
        "f_aleatoric": 0.09157959434542103,
        "N_with_uncertainty": 4881,
        "train_time_s": 886.8827750682831
      }
    },
    "101": {
      "eval": {
        "RMSE": 0.5808319602522618,
        "MAE": 0.3922177397544235,
        "R2": 0.7445012885709588,
        "N": 6969,
        "PS_RMSE": 0.5787843780151903,
        "PS_R2": 0.6893470950529939,
        "N_solvents": 25,
        "train_time_s": 805.9179611206055
      },
      "ood": {
        "RMSE": 0.7309538475303919,
        "MAE": 0.5246406521769816,
        "R2": 0.5256867302419777,
        "N": 11940,
        "PS_RMSE": 0.6386632991501758,
        "PS_R2": -12.802906227863105,
        "N_solvents": 146,
        "train_time_s": 805.9179611206055
      },
      "sc3_gold": {
        "RMSE": 1.2443840256019973,
        "MAE": 0.9216143146395968,
        "R2": -0.12579871809125986,
        "N": 4507,
        "PS_RMSE": 1.0473223164835543,
        "PS_R2": -11.138305352689175,
        "N_solvents": 26,
        "Z_RMSE": 65.83370522486082,
        "f_aleatoric": 0.03363293708321253,
        "N_with_uncertainty": 3449,
        "train_time_s": 805.9179611206055
      },
      "sc3_silver": {
        "RMSE": 1.203450806524222,
        "MAE": 0.8860046832173241,
        "R2": -0.12520918700212347,
        "N": 5475,
        "PS_RMSE": 0.9785421112294793,
        "PS_R2": -7.206527670168064,
        "N_solvents": 27,
        "Z_RMSE": 60.27970482986168,
        "f_aleatoric": 0.06647673314339982,
        "N_with_uncertainty": 4212,
        "train_time_s": 805.9179611206055
      },
      "sc3_bronze": {
        "RMSE": 1.2444622585867937,
        "MAE": 0.8959717588000562,
        "R2": -0.24927778061320116,
        "N": 6331,
        "PS_RMSE": 1.0074415429341286,
        "PS_R2": -6.225271358685354,
        "N_solvents": 30,
        "Z_RMSE": 57.51331226191396,
        "f_aleatoric": 0.1057160417947142,
        "N_with_uncertainty": 4881,
        "train_time_s": 805.9179611206055
      }
    },
    "123": {
      "eval": {
        "RMSE": 0.5791631959594792,
        "MAE": 0.3919441613213444,
        "R2": 0.7459673051359478,
        "N": 6969,