{
  "method": "molmerger",
  "fraction": 0.05,
  "seed": 42,
  "params": {
    "lr": 0.001,
    "batch_size": 256,
    "hidden_dim": 200,
    "num_layers": 3,
    "num_timesteps": 2,
    "dropout": 0.2,
    "epochs": 200,
    "patience": 25
  },
  "wall_time_s": 102.12518620491028,
  "metrics": {
    "eval": {
      "RMSE": 0.7656602126354803,
      "MAE": 0.5587015989283569,
      "R2": 0.5560236231515248,
      "N": 6969,
      "PS_RMSE": 0.78903832956049,
      "PS_R2": 0.38083801152014246,
      "N_solvents": 25,
      "n_skipped_unparseable": 0
    },
    "ood": {
      "RMSE": 0.9882035966110138,
      "MAE": 0.7581568140103466,
      "R2": 0.13308159661044217,
      "N": 11940,
      "PS_RMSE": 0.964414797504349,
      "PS_R2": -69.14559281956186,
      "N_solvents": 146,
      "n_skipped_unparseable": 0
    },
    "sc3_gold": {
      "RMSE": 0.9275973411171843,
      "MAE": 0.7248658935149402,
      "R2": 0.3744372425857806,
      "N": 4507,
      "PS_RMSE": 0.9288946222289067,
      "PS_R2": -13.652541287774351,
      "N_solvents": 26,
      "Z_RMSE": 51.934039434426005,
      "f_aleatoric": 0.0545085532038272,
      "N_with_uncertainty": 3449,
      "n_skipped_unparseable": 0
    },
    "_n_train": 3070,
    "_n_train_skipped_unparseable": 0,
    "_best_epoch": 123
  }
}