{
  "method": "fastprop",
  "fraction": 0.2,
  "seed": 42,
  "params": {
    "lr": 0.0005,
    "batch_size": 256,
    "hidden_dims": [
      512,
      256,
      128
    ],
    "dropout": 0.2,
    "weight_decay": 0.0001,
    "epochs": 300,
    "patience": 40,
    "lr_patience": 15
  },
  "wall_time_s": 22.462640285491943,
  "metrics": {
    "eval": {
      "RMSE": 0.49254193023050774,
      "MAE": 0.3208340435979854,
      "R2": 0.8162725195209783,
      "N": 6969,
      "PS_RMSE": 0.4821377077595945,
      "PS_R2": 0.7827409631477016,
      "N_solvents": 25
    },
    "ood": {
      "RMSE": 0.7168985152861999,
      "MAE": 0.521663023635438,
      "R2": 0.5437522623254047,
      "N": 11940,
      "PS_RMSE": 0.6121361231142146,
      "PS_R2": -13.397710106776755,
      "N_solvents": 146
    },
    "sc3_gold": {
      "RMSE": 0.8076377881088098,
      "MAE": 0.6100648591905268,
      "R2": 0.5257742232831208,
      "N": 4507,
      "PS_RMSE": 0.8313348771516288,
      "PS_R2": -16.78729148428438,
      "N_solvents": 26,
      "Z_RMSE": 46.12782180360924,
      "f_aleatoric": 0.05015946651203247,
      "N_with_uncertainty": 3449
    },
    "_n_train": 12281,
    "_best_epoch": 140,
    "_train_RMSE_at_best": 0.26461893746706244,
    "_val_RMSE_best": 0.4925419273054146,
    "_n_params": 330497
  }
}