{
  "eval": {
    "RMSE": 0.4621609187824555,
    "MAE": 0.2842397318270091,
    "R2": 0.8382388818821878,
    "N": 6969,
    "PS_RMSE": 0.43821072906736275,
    "PS_R2": 0.819438114313851,
    "N_solvents": 25
  },
  "ood": {
    "RMSE": 0.6454885428093337,
    "MAE": 0.451823312449395,
    "R2": 0.6301186456365088,
    "N": 11940,
    "PS_RMSE": 0.5755104006605961,
    "PS_R2": -10.736227216933072,
    "N_solvents": 146
  },
  "sc3_gold": {
    "RMSE": 0.7489570153447824,
    "MAE": 0.5856328008634045,
    "R2": 0.5921826671462498,
    "N": 4507,
    "PS_RMSE": 0.7840506994331279,
    "PS_R2": -15.127401632385043,
    "N_solvents": 26,
    "Z_RMSE": 43.497044788054005,
    "f_aleatoric": 0.07857349956509133,
    "N_with_uncertainty": 3449
  },
  "_n_train": 61403,
  "_n_trainable": 330497,
  "_best_epoch": 38,
  "_val_RMSE": 0.4621609187824555,
  "_elapsed_s": 48.23925161361694,
  "_protocol": "qm",
  "_variant": "full",
  "_fraction": 1.0,
  "_seed": 123
}