{
  "eval": {
    "RMSE": 0.46276391588749116,
    "MAE": 0.27631579332488776,
    "R2": 0.8378164960212614,
    "N": 6969,
    "PS_RMSE": 0.4412652099488924,
    "PS_R2": 0.814023601991446,
    "N_solvents": 25
  },
  "ood": {
    "RMSE": 0.6500966838052393,
    "MAE": 0.4468297594386029,
    "R2": 0.6248186305120842,
    "N": 11940,
    "PS_RMSE": 0.5501183253360556,
    "PS_R2": -10.614096244514416,
    "N_solvents": 146
  },
  "sc3_gold": {
    "RMSE": 0.7495795065875667,
    "MAE": 0.5788217063787209,
    "R2": 0.5915044754438945,
    "N": 4507,
    "PS_RMSE": 0.7210342453328693,
    "PS_R2": -7.792489124737547,
    "N_solvents": 26,
    "Z_RMSE": 43.271748641055176,
    "f_aleatoric": 0.06204697013627138,
    "N_with_uncertainty": 3449
  },
  "_n_train": 61403,
  "_n_trainable": 330497,
  "_best_epoch": 140,
  "_val_RMSE": 0.46276391588749116,
  "_elapsed_s": 110.84936881065369,
  "_protocol": "qm",
  "_variant": "full",
  "_fraction": 1.0,
  "_seed": 101
}