{
  "eval": {
    "RMSE": 0.45436876181726255,
    "MAE": 0.27326164750208026,
    "R2": 0.8436475698871024,
    "N": 6969,
    "PS_RMSE": 0.433426335466856,
    "PS_R2": 0.8250417442736687,
    "N_solvents": 25
  },
  "ood": {
    "RMSE": 0.6546677831931595,
    "MAE": 0.45249456170949603,
    "R2": 0.6195239696441595,
    "N": 11940,
    "PS_RMSE": 0.5680738401779739,
    "PS_R2": -13.651304387049354,
    "N_solvents": 146
  },
  "sc3_gold": {
    "RMSE": 0.7532584371640406,
    "MAE": 0.5777653809176091,
    "R2": 0.5874848495245387,
    "N": 4507,
    "PS_RMSE": 0.761789372644911,
    "PS_R2": -13.853732054166844,
    "N_solvents": 26,
    "Z_RMSE": 43.50221283662117,
    "f_aleatoric": 0.0742244128732966,
    "N_with_uncertainty": 3449
  },
  "_n_train": 61403,
  "_n_trainable": 330497,
  "_best_epoch": 55,
  "_val_RMSE": 0.45436876181726255,
  "_elapsed_s": 58.07463836669922,
  "_protocol": "qm",
  "_variant": "full",
  "_fraction": 1.0,
  "_seed": 789
}