{
  "eval": {
    "RMSE": 0.46887601573512694,
    "MAE": 0.2908095777002271,
    "R2": 0.833504024506309,
    "N": 6969,
    "PS_RMSE": 0.45208374480414476,
    "PS_R2": 0.8058608707277461,
    "N_solvents": 25
  },
  "ood": {
    "RMSE": 0.6472813828792532,
    "MAE": 0.44914105048019504,
    "R2": 0.6280611062690551,
    "N": 11940,
    "PS_RMSE": 0.569768458966664,
    "PS_R2": -10.713999100417514,
    "N_solvents": 146
  },
  "sc3_gold": {
    "RMSE": 0.7607638010750944,
    "MAE": 0.5849387672140314,
    "R2": 0.5792234066787129,
    "N": 4507,
    "PS_RMSE": 0.7540432370931204,
    "PS_R2": -9.724854265189897,
    "N_solvents": 26,
    "Z_RMSE": 44.57030281322797,
    "f_aleatoric": 0.06581617860249347,
    "N_with_uncertainty": 3449
  },
  "_n_train": 61403,
  "_n_trainable": 330497,
  "_best_epoch": 25,
  "_val_RMSE": 0.46887601573512694,
  "_elapsed_s": 39.293580770492554,
  "_protocol": "qm",
  "_variant": "full",
  "_fraction": 1.0,
  "_seed": 456
}