{
  "eval": {
    "RMSE": 0.44768244229091375,
    "MAE": 0.27666205886625916,
    "R2": 0.848215358754865,
    "N": 6969,
    "PS_RMSE": 0.42657476581139725,
    "PS_R2": 0.8289345320616149,
    "N_solvents": 25
  },
  "ood": {
    "RMSE": 0.6675008823094797,
    "MAE": 0.4603192198515076,
    "R2": 0.6044612368496012,
    "N": 11940,
    "PS_RMSE": 0.5785947660401746,
    "PS_R2": -12.477346755265476,
    "N_solvents": 146
  },
  "sc3_gold": {
    "RMSE": 0.7643827878371706,
    "MAE": 0.6103727067876327,
    "R2": 0.5752105793170883,
    "N": 4507,
    "PS_RMSE": 0.7974262376072422,
    "PS_R2": -14.179154716226236,
    "N_solvents": 26,
    "Z_RMSE": 43.941621482988026,
    "f_aleatoric": 0.04986952739924616,
    "N_with_uncertainty": 3449
  },
  "_n_train": 61403,
  "_n_trainable": 330497,
  "_best_epoch": 37,
  "_val_RMSE": 0.44768244229091375,
  "_elapsed_s": 47.140228271484375,
  "_protocol": "qm",
  "_variant": "full",
  "_fraction": 1.0,
  "_seed": 42
}