{
  "eval": {
    "RMSE": 0.8640549902421243,
    "MAE": 0.6347940832190875,
    "R2": 0.47748598514577134,
    "N": 848,
    "PS_RMSE": 0.8511516917411004,
    "PS_R2": 0.3432877434102491,
    "N_solvents": 25
  },
  "ood": {
    "RMSE": 0.8966807011031583,
    "MAE": 0.6730945014508907,
    "R2": 0.3047476046977845,
    "N": 1500,
    "PS_RMSE": 0.7117618669909233,
    "PS_R2": -11.947312010953432,
    "N_solvents": 95
  },
  "sc3_gold": {
    "RMSE": 0.8975678533883162,
    "MAE": 0.7144848771971227,
    "R2": 0.3904143321230318,
    "N": 477,
    "PS_RMSE": 0.9114815750326929,
    "PS_R2": -0.5433344863527108,
    "N_solvents": 17,
    "Z_RMSE": 54.55244792631255,
    "f_aleatoric": 0.04415011037527594,
    "N_with_uncertainty": 453
  },
  "_n_train": 376,
  "_n_trainable": 330497,
  "_best_epoch": 54,
  "_val_RMSE": 0.8640549902421243,
  "_elapsed_s": 1.430490493774414,
  "_protocol": "qm",
  "_variant": "full",
  "_fraction": 0.05,
  "_seed": 42,
  "_approach": "filter"
}