{
  "eval": {
    "RMSE": 0.9263991030841174,
    "MAE": 0.6950384599375231,
    "R2": 0.3993639015804019,
    "N": 848,
    "PS_RMSE": 0.9269922514082133,
    "PS_R2": 0.22051085203159393,
    "N_solvents": 25
  },
  "ood": {
    "RMSE": 0.9048418183605139,
    "MAE": 0.7117167093520208,
    "R2": 0.2920343671646566,
    "N": 1500,
    "PS_RMSE": 0.7679806023290682,
    "PS_R2": -54.44047332346622,
    "N_solvents": 95
  },
  "sc3_gold": {
    "RMSE": 0.8854939464663496,
    "MAE": 0.6933967812021948,
    "R2": 0.40670408092820987,
    "N": 477,
    "PS_RMSE": 0.8574877560727178,
    "PS_R2": -1.30782567119244,
    "N_solvents": 17,
    "Z_RMSE": 47.90142872655412,
    "f_aleatoric": 0.04415011037527594,
    "N_with_uncertainty": 453
  },
  "_n_train": 376,
  "_n_trainable": 330497,
  "_best_epoch": 16,
  "_val_RMSE": 0.9263991030841174,
  "_elapsed_s": 0.844435453414917,
  "_protocol": "qm",
  "_variant": "full",
  "_fraction": 0.05,
  "_seed": 123,
  "_approach": "filter"
}