{
  "eval": {
    "RMSE": 0.9050042096654032,
    "MAE": 0.67048767070398,
    "R2": 0.4267865440097035,
    "N": 848,
    "PS_RMSE": 0.8972931463687225,
    "PS_R2": 0.28428414215231324,
    "N_solvents": 25
  },
  "ood": {
    "RMSE": 0.9126072888005703,
    "MAE": 0.7165771028252784,
    "R2": 0.2798305166968237,
    "N": 1500,
    "PS_RMSE": 0.7725417755147533,
    "PS_R2": -45.86461104110022,
    "N_solvents": 95
  },
  "sc3_gold": {
    "RMSE": 0.9365264602518624,
    "MAE": 0.7187910946339868,
    "R2": 0.3363482063008477,
    "N": 477,
    "PS_RMSE": 0.887124650901326,
    "PS_R2": -0.8753019075511875,
    "N_solvents": 17,
    "Z_RMSE": 55.87207486064042,
    "f_aleatoric": 0.046357615894039736,
    "N_with_uncertainty": 453
  },
  "_n_train": 376,
  "_n_trainable": 330497,
  "_best_epoch": 59,
  "_val_RMSE": 0.9050042096654032,
  "_elapsed_s": 1.3567068576812744,
  "_protocol": "qm",
  "_variant": "full",
  "_fraction": 0.05,
  "_seed": 456,
  "_approach": "filter"
}