{
  "eval": {
    "RMSE": 0.8727253004448372,
    "MAE": 0.6473791870142482,
    "R2": 0.46694709941024737,
    "N": 848,
    "PS_RMSE": 0.9033441583344515,
    "PS_R2": 0.18753344672914943,
    "N_solvents": 25
  },
  "ood": {
    "RMSE": 0.8975142453826568,
    "MAE": 0.6930238763741994,
    "R2": 0.3034544063150597,
    "N": 1500,
    "PS_RMSE": 0.7667120945826954,
    "PS_R2": -48.78180678286927,
    "N_solvents": 95
  },
  "sc3_gold": {
    "RMSE": 0.8783314779351495,
    "MAE": 0.710202341844607,
    "R2": 0.4162632136881024,
    "N": 477,
    "PS_RMSE": 0.8400940015945072,
    "PS_R2": -1.2277719737477466,
    "N_solvents": 17,
    "Z_RMSE": 47.7116954020884,
    "f_aleatoric": 0.046357615894039736,
    "N_with_uncertainty": 453
  },
  "_n_train": 376,
  "_n_trainable": 330497,
  "_best_epoch": 75,
  "_val_RMSE": 0.8727253004448372,
  "_elapsed_s": 1.5947191715240479,
  "_protocol": "qm",
  "_variant": "full",
  "_fraction": 0.05,
  "_seed": 789,
  "_approach": "filter"
}