{
  "eval": {
    "RMSE": 0.8707256969425535,
    "MAE": 0.6476173006598882,
    "R2": 0.4693869813487247,
    "N": 848,
    "PS_RMSE": 0.8798923637886154,
    "PS_R2": 0.27250786340151084,
    "N_solvents": 25
  },
  "ood": {
    "RMSE": 0.8898401298061522,
    "MAE": 0.6910472607316915,
    "R2": 0.31531498425408566,
    "N": 1500,
    "PS_RMSE": 0.7405738949201321,
    "PS_R2": -45.67252984135506,
    "N_solvents": 95
  },
  "sc3_gold": {
    "RMSE": 0.9403342685231186,
    "MAE": 0.736095665764665,
    "R2": 0.33094057232330276,
    "N": 477,
    "PS_RMSE": 0.9752110064432964,
    "PS_R2": -2.0275612138081662,
    "N_solvents": 17,
    "Z_RMSE": 53.175553833173794,
    "f_aleatoric": 0.04194260485651214,
    "N_with_uncertainty": 453
  },
  "_n_train": 376,
  "_n_trainable": 330497,
  "_best_epoch": 90,
  "_val_RMSE": 0.8707256969425535,
  "_elapsed_s": 1.9213294982910156,
  "_protocol": "qm",
  "_variant": "full",
  "_fraction": 0.05,
  "_seed": 101,
  "_approach": "filter"
}