{
  "train_time_s": 463.54868817329407,
  "best_epoch": 30,
  "best_val_loss": 0.5208880305290222,
  "eval": {
    "RMSE": 0.7217257697757603,
    "MAE": 0.5348999255622123,
    "R2": 0.6055135148803006,
    "N": 6969,
    "PS_RMSE": 0.7380545919317356,
    "PS_R2": 0.48675653055116014,
    "N_solvents": 25
  },
  "test_hard": {
    "RMSE": 1.0565799386046657,
    "MAE": 0.8280312396417827,
    "R2": 0.18837275960201383,
    "N": 4507,
    "PS_RMSE": 0.9873976652398908,
    "PS_R2": -10.813221149209795,
    "N_solvents": 26,
    "Z_RMSE": 60.43161894175457,
    "f_aleatoric": 0.039721658451725136,
    "N_with_uncertainty": 3449
  },
  "test_medium": {
    "RMSE": 1.0376733723739446,
    "MAE": 0.8252393962512352,
    "R2": 0.16343839303408803,
    "N": 5475,
    "PS_RMSE": 0.9605786427747774,
    "PS_R2": -5.9401554267026215,
    "N_solvents": 27,
    "Z_RMSE": 55.224081517664615,
    "f_aleatoric": 0.05745489078822412,
    "N_with_uncertainty": 4212
  },
  "test_easy": {
    "RMSE": 1.0217277930324535,
    "MAE": 0.8186713173546363,
    "R2": 0.1578955359729256,
    "N": 6331,
    "PS_RMSE": 0.9359984772909076,
    "PS_R2": -4.680827727201812,
    "N_solvents": 30,
    "Z_RMSE": 51.450555593667374,
    "f_aleatoric": 0.0911698422454415,
    "N_with_uncertainty": 4881
  },
  "artifacts": {
    "seed_dir": "/DATATWO/users/solubility/Dhairya/sc3-benchmark-gnn-runner/results/hpo_gat_trial_000/seed_42",
    "checkpoints_dir": "/DATATWO/users/solubility/Dhairya/sc3-benchmark-gnn-runner/results/hpo_gat_trial_000/seed_42/checkpoints",
    "predictions_dir": "/DATATWO/users/solubility/Dhairya/sc3-benchmark-gnn-runner/results/hpo_gat_trial_000/seed_42/predictions",
    "epoch_history_json": "/DATATWO/users/solubility/Dhairya/sc3-benchmark-gnn-runner/results/hpo_gat_trial_000/seed_42/epoch_history.json",
    "best_model_pkl": "/DATATWO/users/solubility/Dhairya/sc3-benchmark-gnn-runner/results/hpo_gat_trial_000/seed_42/best_model.pkl",
    "run_config_json": "/DATATWO/users/solubility/Dhairya/sc3-benchmark-gnn-runner/results/hpo_gat_trial_000/seed_42/run_config.json"
  }
}