{
  "eval": {
    "solute": {
      "sum_mean_abs": 2.3710010051727295,
      "n_features": 1024,
      "share": 0.7412600517272949
    },
    "solvent": {
      "sum_mean_abs": 0.6414665579795837,
      "n_features": 1024,
      "share": 0.20054547488689423
    },
    "T": {
      "sum_mean_abs": 0.1861412227153778,
      "n_features": 4,
      "share": 0.05819443240761757
    }
  },
  "ood": {
    "solute": {
      "sum_mean_abs": 2.3061444759368896,
      "n_features": 1024,
      "share": 0.7240868806838989
    },
    "solvent": {
      "sum_mean_abs": 0.6758195161819458,
      "n_features": 1024,
      "share": 0.21219487488269806
    },
    "T": {
      "sum_mean_abs": 0.20293618738651276,
      "n_features": 4,
      "share": 0.06371822208166122
    }
  }
}