{
  "method": "fastprop",
  "fraction": 0.1,
  "seed": 42,
  "params": {
    "lr": 0.0005,
    "batch_size": 256,
    "hidden_dims": [
      512,
      256,
      128
    ],
    "dropout": 0.2,
    "weight_decay": 0.0001,
    "epochs": 300,
    "patience": 40,
    "lr_patience": 15
  },
  "wall_time_s": 15.931863069534302,
  "metrics": {
    "eval": {
      "RMSE": 0.5513121664563985,
      "MAE": 0.3615696710438115,
      "R2": 0.7698119060749296,
      "N": 6969,
      "PS_RMSE": 0.5466420153812094,
      "PS_R2": 0.7052448953923371,
      "N_solvents": 25
    },
    "ood": {
      "RMSE": 0.7579815313730759,
      "MAE": 0.5540837479438233,
      "R2": 0.4899619108726103,
      "N": 11940,
      "PS_RMSE": 0.686801415339299,
      "PS_R2": -39.649575165699524,
      "N_solvents": 146
    },
    "sc3_gold": {
      "RMSE": 0.7434172994315981,
      "MAE": 0.5768437181129078,
      "R2": 0.5981932566446415,
      "N": 4507,
      "PS_RMSE": 0.7504238614060473,
      "PS_R2": -10.919150505376425,
      "N_solvents": 26,
      "Z_RMSE": 42.88542533912524,
      "f_aleatoric": 0.0701652652942882,
      "N_with_uncertainty": 3449
    },
    "_n_train": 6140,
    "_best_epoch": 216,
    "_train_RMSE_at_best": 0.26045620355540167,
    "_val_RMSE_best": 0.5513121569011518,
    "_n_params": 330497
  }
}