{
  "eval": {
    "RMSE": 0.46928799662892856,
    "MAE": 0.2964882961743555,
    "R2": 0.8332113108245583,
    "N": 6969,
    "PS_RMSE": 0.4611954159356742,
    "PS_R2": 0.8054325837917444,
    "N_solvents": 25,
    "train_time_s": 120.76549768447876
  },
  "ood": {
    "RMSE": 0.7009175959719179,
    "MAE": 0.5122564319595856,
    "R2": 0.5638666598085571,
    "N": 11940,
    "PS_RMSE": 0.6907120821456958,
    "PS_R2": -20.505807847299423,
    "N_solvents": 146,
    "train_time_s": 120.76549768447876
  },
  "sc3_gold": {
    "RMSE": 0.7918437795172292,
    "MAE": 0.5840757919879386,
    "R2": 0.5441406007062533,
    "N": 4507,
    "PS_RMSE": 0.7790682080158956,
    "PS_R2": -10.853318525722678,
    "N_solvents": 26,
    "Z_RMSE": 45.60414411235459,
    "f_aleatoric": 0.07567410843722819,
    "N_with_uncertainty": 3449,
    "train_time_s": 120.76549768447876
  },
  "sc3_silver": {
    "RMSE": 0.7670299655022952,
    "MAE": 0.5696519718281893,
    "R2": 0.5429104985340236,
    "N": 5475,
    "PS_RMSE": 0.719792441892435,
    "PS_R2": -4.79866797200883,
    "N_solvents": 27,
    "Z_RMSE": 41.59548280667465,
    "f_aleatoric": 0.11324786324786325,
    "N_with_uncertainty": 4212,
    "train_time_s": 120.76549768447876
  },
  "sc3_bronze": {
    "RMSE": 0.7465523830006638,
    "MAE": 0.5553219396165516,
    "R2": 0.5504105332671135,
    "N": 6331,
    "PS_RMSE": 0.6760810831069102,
    "PS_R2": -1.534462215087857,
    "N_solvents": 30,
    "Z_RMSE": 38.675343630134655,
    "f_aleatoric": 0.17516902274124155,
    "N_with_uncertainty": 4881,
    "train_time_s": 120.76549768447876
  }
}