{
  "eval": {
    "RMSE": 0.4762182529817544,
    "MAE": 0.3027156245166644,
    "R2": 0.828248800688541,
    "N": 6969,
    "PS_RMSE": 0.46316317526024536,
    "PS_R2": 0.8026393933541419,
    "N_solvents": 25,
    "train_time_s": 155.00660848617554
  },
  "ood": {
    "RMSE": 0.7063637463897058,
    "MAE": 0.5169631991723708,
    "R2": 0.5570627911105401,
    "N": 11940,
    "PS_RMSE": 0.6998562844325085,
    "PS_R2": -25.06598140085942,
    "N_solvents": 146,
    "train_time_s": 155.00660848617554
  },
  "sc3_gold": {
    "RMSE": 0.796940444661517,
    "MAE": 0.6097780747022246,
    "R2": 0.5382534803458239,
    "N": 4507,
    "PS_RMSE": 0.7815382725639298,
    "PS_R2": -9.706060924574766,
    "N_solvents": 26,
    "Z_RMSE": 45.35095799051105,
    "f_aleatoric": 0.06668599594085242,
    "N_with_uncertainty": 3449,
    "train_time_s": 155.00660848617554
  },
  "sc3_silver": {
    "RMSE": 0.7708235461231712,
    "MAE": 0.5897031837076204,
    "R2": 0.5383779666111759,
    "N": 5475,
    "PS_RMSE": 0.7418622317610498,
    "PS_R2": -3.7825488679436066,
    "N_solvents": 27,
    "Z_RMSE": 41.40807307979611,
    "f_aleatoric": 0.1030389363722697,
    "N_with_uncertainty": 4212,
    "train_time_s": 155.00660848617554
  },
  "sc3_bronze": {
    "RMSE": 0.7511596956856007,
    "MAE": 0.5708458645346917,
    "R2": 0.5448441696157127,
    "N": 6331,
    "PS_RMSE": 0.7019741233202541,
    "PS_R2": -2.123363998357862,
    "N_solvents": 30,
    "Z_RMSE": 38.489772644684436,
    "f_aleatoric": 0.1702519975414874,
    "N_with_uncertainty": 4881,
    "train_time_s": 155.00660848617554
  }
}