{
  "eval": {
    "RMSE": 0.47819695989027605,
    "MAE": 0.3067275712754869,
    "R2": 0.8268185685702576,
    "N": 6969,
    "PS_RMSE": 0.47320082151423376,
    "PS_R2": 0.7909348046485168,
    "N_solvents": 25,
    "train_time_s": 130.67423748970032
  },
  "ood": {
    "RMSE": 0.719570338340333,
    "MAE": 0.523900276079025,
    "R2": 0.5403451278985651,
    "N": 11940,
    "PS_RMSE": 0.6357767504955875,
    "PS_R2": -17.185299569667354,
    "N_solvents": 146,
    "train_time_s": 130.67423748970032
  },
  "sc3_gold": {
    "RMSE": 0.8376933594121531,
    "MAE": 0.6211019633443863,
    "R2": 0.48982163163681613,
    "N": 4507,
    "PS_RMSE": 0.9125608876495197,
    "PS_R2": -17.978602271586745,
    "N_solvents": 26,
    "Z_RMSE": 46.54654005228518,
    "f_aleatoric": 0.0565381269933314,
    "N_with_uncertainty": 3449,
    "train_time_s": 130.67423748970032
  },
  "sc3_silver": {
    "RMSE": 0.8194034890995064,
    "MAE": 0.6069546009407596,
    "R2": 0.4783584189509795,
    "N": 5475,
    "PS_RMSE": 0.8347425063357485,
    "PS_R2": -6.292720659872451,
    "N_solvents": 27,
    "Z_RMSE": 42.5182758759777,
    "f_aleatoric": 0.10731244064577398,
    "N_with_uncertainty": 4212,
    "train_time_s": 130.67423748970032
  },
  "sc3_bronze": {
    "RMSE": 0.7923041047742757,
    "MAE": 0.5859865696557275,
    "R2": 0.49361670839134686,
    "N": 6331,
    "PS_RMSE": 0.7652884969146727,
    "PS_R2": -3.059889609428941,
    "N_solvents": 30,
    "Z_RMSE": 39.545793382210476,
    "f_aleatoric": 0.16635935259168202,
    "N_with_uncertainty": 4881,
    "train_time_s": 130.67423748970032
  }
}