{
  "eval": {
    "RMSE": 0.4656748336375438,
    "MAE": 0.2901930669106143,
    "R2": 0.8357697176341171,
    "N": 6969,
    "PS_RMSE": 0.4564314748856176,
    "PS_R2": 0.7997819379962072,
    "N_solvents": 25,
    "train_time_s": 159.16361141204834
  },
  "ood": {
    "RMSE": 0.697473477322596,
    "MAE": 0.5103093214491419,
    "R2": 0.5681422109884644,
    "N": 11940,
    "PS_RMSE": 0.677784958655337,
    "PS_R2": -17.894578186975767,
    "N_solvents": 146,
    "train_time_s": 159.16361141204834
  },
  "sc3_gold": {
    "RMSE": 0.8029248904167171,
    "MAE": 0.6172087864104462,
    "R2": 0.5312926786999197,
    "N": 4507,
    "PS_RMSE": 0.7542832770768733,
    "PS_R2": -7.004423427745371,
    "N_solvents": 26,
    "Z_RMSE": 44.61746588925863,
    "f_aleatoric": 0.05044940562481879,
    "N_with_uncertainty": 3449,
    "train_time_s": 159.16361141204834
  },
  "sc3_silver": {
    "RMSE": 0.784538651047971,
    "MAE": 0.6004439484194757,
    "R2": 0.5218047327550502,
    "N": 5475,
    "PS_RMSE": 0.7377087902774302,
    "PS_R2": -3.5602357293136553,
    "N_solvents": 27,
    "Z_RMSE": 40.814863453559944,
    "f_aleatoric": 0.08879392212725547,
    "N_with_uncertainty": 4212,
    "train_time_s": 159.16361141204834
  },
  "sc3_bronze": {
    "RMSE": 0.7619612612776211,
    "MAE": 0.5842414768037215,
    "R2": 0.5316599050544563,
    "N": 6331,
    "PS_RMSE": 0.6639167417530345,
    "PS_R2": -0.6799791434168279,
    "N_solvents": 30,
    "Z_RMSE": 37.96468742851241,
    "f_aleatoric": 0.1505838967424708,
    "N_with_uncertainty": 4881,
    "train_time_s": 159.16361141204834
  }
}