{
  "eval": {
    "RMSE": 0.46445265316861456,
    "MAE": 0.28664128204319084,
    "R2": 0.8366306430345658,
    "N": 6969,
    "PS_RMSE": 0.4483110245805886,
    "PS_R2": 0.8107693642120603,
    "N_solvents": 25,
    "train_time_s": 154.96700024604797
  },
  "ood": {
    "RMSE": 0.7154015190485987,
    "MAE": 0.5337340991492375,
    "R2": 0.545655706189633,
    "N": 11940,
    "PS_RMSE": 0.6790929267076938,
    "PS_R2": -19.32903274120687,
    "N_solvents": 146,
    "train_time_s": 154.96700024604797
  },
  "sc3_gold": {
    "RMSE": 0.7848373650342245,
    "MAE": 0.5924336428308548,
    "R2": 0.5521720069636412,
    "N": 4507,
    "PS_RMSE": 0.7299545811418545,
    "PS_R2": -5.9901164529896915,
    "N_solvents": 26,
    "Z_RMSE": 43.216367114853256,
    "f_aleatoric": 0.05102928385039142,
    "N_with_uncertainty": 3449,
    "train_time_s": 154.96700024604797
  },
  "sc3_silver": {
    "RMSE": 0.7684883783678345,
    "MAE": 0.5819077174108847,
    "R2": 0.5411706474396597,
    "N": 5475,
    "PS_RMSE": 0.7079099021748299,
    "PS_R2": -2.4619262028475157,
    "N_solvents": 27,
    "Z_RMSE": 39.49712761511124,
    "f_aleatoric": 0.09140550807217473,
    "N_with_uncertainty": 4212,
    "train_time_s": 154.96700024604797
  },
  "sc3_bronze": {
    "RMSE": 0.7454977945231086,
    "MAE": 0.5630584202473871,
    "R2": 0.5516798266213901,
    "N": 6331,
    "PS_RMSE": 0.65779911632299,
    "PS_R2": -0.984723566539383,
    "N_solvents": 30,
    "Z_RMSE": 36.73340325701007,
    "f_aleatoric": 0.15488629379225569,
    "N_with_uncertainty": 4881,
    "train_time_s": 154.96700024604797
  }
}