{
  "method": "fastsolv",
  "seeds": [
    42,
    101,
    123,
    456,
    789
  ],
  "params": {
    "lr": 0.0005,
    "batch_size": 256,
    "hidden_dims": [
      512,
      256,
      128
    ],
    "dropout": 0.05,
    "epochs": 100,
    "patience": 20
  },
  "aggregated": {
    "eval": {
      "RMSE_mean": 0.4707661392614234,
      "RMSE_std": 0.0055300821780411395,
      "MAE_mean": 0.2965531681840624,
      "MAE_std": 0.007485919179015705,
      "R2_mean": 0.832135808150408,
      "R2_std": 0.003948351770930883,
      "N_mean": 6969.0,
      "N_std": 0.0,
      "PS_RMSE_mean": 0.46046038243527193,
      "PS_RMSE_std": 0.008173165158627312,
      "PS_R2_mean": 0.8019116168005341,
      "PS_R2_std": 0.006578943582397482,
      "N_solvents_mean": 25.0,
      "N_solvents_std": 0.0,
      "train_time_s_mean": 144.1153910636902,
      "train_time_s_std": 15.418865747280783
    },
    "ood": {
      "RMSE_mean": 0.7079453354146303,
      "RMSE_std": 0.008393875443728908,
      "MAE_mean": 0.5194326655618722,
      "MAE_std": 0.00854777804051499,
      "R2_mean": 0.5550144991991519,
      "R2_std": 0.010560970835881672,
      "N_mean": 11940.0,
      "N_std": 0.0,
      "PS_RMSE_mean": 0.6766446004873646,
      "PS_RMSE_std": 0.021973402980692572,
      "PS_R2_mean": -19.99613994920177,
      "PS_R2_std": 2.7830009420741426,
      "N_solvents_mean": 146.0,
      "N_solvents_std": 0.0,
      "train_time_s_mean": 144.1153910636902,
      "train_time_s_std": 15.418865747280783
    },
    "sc3_gold": {
      "RMSE_mean": 0.8028479678083681,
      "RMSE_std": 0.018409671561840594,
      "MAE_mean": 0.60491965185517,
      "MAE_std": 0.014330814501154837,
      "R2_mean": 0.5311360796704909,
      "R2_std": 0.02176783561316445,
      "N_mean": 4507.0,
      "N_std": 0.0,
      "PS_RMSE_mean": 0.7914810452896146,
      "PS_RMSE_std": 0.06337577650031967,
      "PS_R2_mean": -10.306504320523851,
      "PS_R2_std": 4.220321491614078,
      "N_solvents_mean": 26.0,
      "N_solvents_std": 0.0,
      "Z_RMSE_mean": 45.06709503185254,
      "Z_RMSE_std": 1.1122155952224044,
      "f_aleatoric_mean": 0.06007538416932444,
      "f_aleatoric_std": 0.009736775328912043,
      "N_with_uncertainty_mean": 3449.0,
      "N_with_uncertainty_std": 0.0,
      "train_time_s_mean": 144.1153910636902,
      "train_time_s_std": 15.418865747280783
    },
    "sc3_silver": {
      "RMSE_mean": 0.7820568060281556,
      "RMSE_std": 0.0196826247466655,
      "MAE_mean": 0.5897322844613859,
      "MAE_std": 0.013234738996257704,
      "R2_mean": 0.5245244528581778,
      "R2_std": 0.02427246125593072,
      "N_mean": 5475.0,
      "N_std": 0.0,
      "PS_RMSE_mean": 0.7484031744882987,
      "PS_RMSE_std": 0.04487741777687226,
      "PS_R2_mean": -4.179219886397211,
      "PS_R2_std": 1.2915253252963703,
      "N_solvents_mean": 27.0,
      "N_solvents_std": 0.0,
      "Z_RMSE_mean": 41.16676456622393,
      "Z_RMSE_std": 0.9980114118009837,
      "f_aleatoric_mean": 0.10075973409306742,
      "f_aleatoric_std": 0.0093248945992261,
      "N_with_uncertainty_mean": 4212.0,
      "N_with_uncertainty_std": 0.0,
      "train_time_s_mean": 144.1153910636902,
      "train_time_s_std": 15.418865747280783
    },
    "sc3_bronze": {
      "RMSE_mean": 0.7594950478522541,
      "RMSE_std": 0.017409366414289248,
      "MAE_mean": 0.5718908541716159,
      "MAE_std": 0.011873162142494903,
      "R2_mean": 0.5344422285900039,
      "R2_std": 0.02160919406642641,
      "N_mean": 6331.0,
      "N_std": 0.0,
      "PS_RMSE_mean": 0.6930119122835723,
      "PS_RMSE_std": 0.03918507072030017,
      "PS_R2_mean": -1.6764837065661742,
      "PS_R2_std": 0.8491451497849415,
      "N_solvents_mean": 30.0,
      "N_solvents_std": 0.0,
      "Z_RMSE_mean": 38.28180006851041,
      "Z_RMSE_std": 0.9267039804301868,
      "f_aleatoric_mean": 0.16345011268182746,
      "f_aleatoric_std": 0.009283756503154744,
      "N_with_uncertainty_mean": 4881.0,
      "N_with_uncertainty_std": 0.0,
      "train_time_s_mean": 144.1153910636902,
      "train_time_s_std": 15.418865747280783
    }
  },
  "per_seed": {
    "42": {
      "eval": {
        "RMSE": 0.47819695989027605,
        "MAE": 0.3067275712754869,
        "R2": 0.8268185685702576,
        "N": 6969,
        "PS_RMSE": 0.47320082151423376,
        "PS_R2": 0.7909348046485168,
        "N_solvents": 25,
        "train_time_s": 130.67423748970032
      },
      "ood": {
        "RMSE": 0.719570338340333,
        "MAE": 0.523900276079025,
        "R2": 0.5403451278985651,
        "N": 11940,
        "PS_RMSE": 0.6357767504955875,
        "PS_R2": -17.185299569667354,
        "N_solvents": 146,
        "train_time_s": 130.67423748970032
      },
      "sc3_gold": {
        "RMSE": 0.8376933594121531,
        "MAE": 0.6211019633443863,
        "R2": 0.48982163163681613,
        "N": 4507,
        "PS_RMSE": 0.9125608876495197,
        "PS_R2": -17.978602271586745,
        "N_solvents": 26,
        "Z_RMSE": 46.54654005228518,
        "f_aleatoric": 0.0565381269933314,
        "N_with_uncertainty": 3449,
        "train_time_s": 130.67423748970032
      },
      "sc3_silver": {
        "RMSE": 0.8194034890995064,
        "MAE": 0.6069546009407596,
        "R2": 0.4783584189509795,
        "N": 5475,
        "PS_RMSE": 0.8347425063357485,
        "PS_R2": -6.292720659872451,
        "N_solvents": 27,
        "Z_RMSE": 42.5182758759777,
        "f_aleatoric": 0.10731244064577398,
        "N_with_uncertainty": 4212,
        "train_time_s": 130.67423748970032
      },
      "sc3_bronze": {
        "RMSE": 0.7923041047742757,
        "MAE": 0.5859865696557275,
        "R2": 0.49361670839134686,
        "N": 6331,
        "PS_RMSE": 0.7652884969146727,
        "PS_R2": -3.059889609428941,
        "N_solvents": 30,
        "Z_RMSE": 39.545793382210476,
        "f_aleatoric": 0.16635935259168202,
        "N_with_uncertainty": 4881,
        "train_time_s": 130.67423748970032
      }
    },
    "101": {
      "eval": {
        "RMSE": 0.46445265316861456,
        "MAE": 0.28664128204319084,
        "R2": 0.8366306430345658,
        "N": 6969,
        "PS_RMSE": 0.4483110245805886,
        "PS_R2": 0.8107693642120603,
        "N_solvents": 25,
        "train_time_s": 154.96700024604797
      },
      "ood": {
        "RMSE": 0.7154015190485987,
        "MAE": 0.5337340991492375,
        "R2": 0.545655706189633,
        "N": 11940,
        "PS_RMSE": 0.6790929267076938,
        "PS_R2": -19.32903274120687,
        "N_solvents": 146,
        "train_time_s": 154.96700024604797
      },
      "sc3_gold": {
        "RMSE": 0.7848373650342245,
        "MAE": 0.5924336428308548,
        "R2": 0.5521720069636412,
        "N": 4507,
        "PS_RMSE": 0.7299545811418545,
        "PS_R2": -5.9901164529896915,
        "N_solvents": 26,
        "Z_RMSE": 43.216367114853256,
        "f_aleatoric": 0.05102928385039142,
        "N_with_uncertainty": 3449,
        "train_time_s": 154.96700024604797
      },
      "sc3_silver": {
        "RMSE": 0.7684883783678345,
        "MAE": 0.5819077174108847,
        "R2": 0.5411706474396597,
        "N": 5475,
        "PS_RMSE": 0.7079099021748299,
        "PS_R2": -2.4619262028475157,
        "N_solvents": 27,
        "Z_RMSE": 39.49712761511124,
        "f_aleatoric": 0.09140550807217473,
        "N_with_uncertainty": 4212,
        "train_time_s": 154.96700024604797
      },
      "sc3_bronze": {
        "RMSE": 0.7454977945231086,
        "MAE": 0.5630584202473871,
        "R2": 0.5516798266213901,
        "N": 6331,
        "PS_RMSE": 0.65779911632299,
        "PS_R2": -0.984723566539383,
        "N_solvents": 30,
        "Z_RMSE": 36.73340325701007,
        "f_aleatoric": 0.15488629379225569,
        "N_with_uncertainty": 4881,
        "train_time_s": 154.96700024604797
      }
    },
    "123": {
      "eval": {
        "RMSE": 0.4762182529817544,
        "MAE": 0.3027156245166644,
        "R2": 0.828248800688541,
        "N": 6969,