{
  "method": "UniMolCatBoost",
  "n_seeds": 5,
  "eval_RMSE_mean": 0.4944439615851294,
  "eval_RMSE_std": 0.004265132175354485,
  "eval_MAE_mean": 0.30910778506116754,
  "eval_MAE_std": 0.0035196752869712153,
  "eval_R2_mean": 0.8148370148322573,
  "eval_R2_std": 0.003192467898988153,
  "eval_PS_RMSE_mean": 0.48012622445240705,
  "eval_PS_RMSE_std": 0.003964298201690005,
  "eval_PS_R2_mean": 0.7828202535581497,
  "eval_PS_R2_std": 0.0027438968671892714,
  "test_ood_RMSE_mean": 0.7316627440228536,
  "test_ood_RMSE_std": 0.007281114264222308,
  "test_ood_MAE_mean": 0.545607181363614,
  "test_ood_MAE_std": 0.0045509092504024936,
  "test_ood_R2_mean": 0.5247192193303934,
  "test_ood_R2_std": 0.009441029188120538,
  "test_ood_PS_RMSE_mean": 0.5872168619372964,
  "test_ood_PS_RMSE_std": 0.005687829554149492,
  "test_ood_PS_R2_mean": -9.904035587697068,
  "test_ood_PS_R2_std": 0.5373239702599423,
  "test_gold_RMSE_mean": 0.8190813904310812,
  "test_gold_RMSE_std": 0.017887341801195902,
  "test_gold_MAE_mean": 0.6408861224852751,
  "test_gold_MAE_std": 0.01737298102669357,
  "test_gold_R2_mean": 0.5120075733624466,
  "test_gold_R2_std": 0.021232342488468368,
  "test_gold_PS_RMSE_mean": 0.8167674760887597,
  "test_gold_PS_RMSE_std": 0.02959836918935778,
  "test_gold_PS_R2_mean": -12.367178679726788,
  "test_gold_PS_R2_std": 1.1058722224005157,
  "test_gold_Z_RMSE_mean": 45.54504183604019,
  "test_gold_Z_RMSE_std": 1.0492457879340933,
  "test_gold_f_aleatoric_mean": 0.054160626268483614,
  "test_gold_f_aleatoric_std": 0.007100608280182736,
  "test_silver_RMSE_mean": 0.7892781243829396,
  "test_silver_RMSE_std": 0.017552529892694346,
  "test_silver_MAE_mean": 0.6161429981948087,
  "test_silver_MAE_std": 0.018483802675119926,
  "test_silver_R2_mean": 0.5157702721314964,
  "test_silver_R2_std": 0.0214548097261353,
  "test_silver_PS_RMSE_mean": 0.7730494309977941,
  "test_silver_PS_RMSE_std": 0.022621646756813104,
  "test_silver_PS_R2_mean": -6.57620183374978,
  "test_silver_PS_R2_std": 0.595148091906151,
  "test_silver_Z_RMSE_mean": 41.564423989577726,
  "test_silver_Z_RMSE_std": 0.9550048541694774,
  "test_silver_f_aleatoric_mean": 0.09002849002849003,
  "test_silver_f_aleatoric_std": 0.00783461394440374,
  "test_bronze_RMSE_mean": 0.7771604855777803,
  "test_bronze_RMSE_std": 0.017594655409896492,
  "test_bronze_MAE_mean": 0.6079979013041662,
  "test_bronze_MAE_std": 0.019292085586628597,
  "test_bronze_R2_mean": 0.512539398958961,
  "test_bronze_R2_std": 0.022028970872594224,
  "test_bronze_PS_RMSE_mean": 0.7560918442572572,
  "test_bronze_PS_RMSE_std": 0.024941765904047765,
  "test_bronze_PS_R2_mean": -6.1063117308881365,
  "test_bronze_PS_R2_std": 0.5912602709699543,
  "test_bronze_Z_RMSE_mean": 38.71045736852751,
  "test_bronze_Z_RMSE_std": 0.886574759406789,
  "test_bronze_f_aleatoric_mean": 0.14206105306289696,
  "test_bronze_f_aleatoric_std": 0.010957785526430439,
  "train_time_mean_s": 61.16844229698181,
  "best_iteration_mean": 4516.6
}