{
  "train_time_s": 1095.5812027454376,
  "best_epoch": 95,
  "best_val_loss": 0.44180023670196533,
  "eval": {
    "RMSE": 0.6646805447150671,
    "MAE": 0.4608227409239232,
    "R2": 0.6654094748631357,
    "N": 6969,
    "PS_RMSE": 0.6758702754097718,
    "PS_R2": 0.560935233182008,
    "N_solvents": 25
  },
  "test_hard": {
    "RMSE": 1.1434192554423812,
    "MAE": 0.8750565533538911,
    "R2": 0.04947641583017315,
    "N": 4507,
    "PS_RMSE": 1.0497712599372186,
    "PS_R2": -30.567230050708233,
    "N_solvents": 26,
    "Z_RMSE": 64.81408126294377,
    "f_aleatoric": 0.044070745143519864,
    "N_with_uncertainty": 3449
  },
  "test_medium": {
    "RMSE": 1.0876300843076663,
    "MAE": 0.8279250725891205,
    "R2": 0.0809502781016046,
    "N": 5475,
    "PS_RMSE": 0.9782243111591156,
    "PS_R2": -23.609861702894,
    "N_solvents": 27,
    "Z_RMSE": 59.02132553122942,
    "f_aleatoric": 0.07763532763532764,
    "N_with_uncertainty": 4212
  },
  "test_easy": {
    "RMSE": 1.0872178314748242,
    "MAE": 0.8254011268763936,
    "R2": 0.04648245534666595,
    "N": 6331,
    "PS_RMSE": 0.9528759427661276,
    "PS_R2": -5.385691393046943,
    "N_solvents": 30,
    "Z_RMSE": 55.21450784300583,
    "f_aleatoric": 0.1141159598442942,
    "N_with_uncertainty": 4881
  },
  "artifacts": {
    "seed_dir": "/DATATWO/users/solubility/Dhairya/sc3-benchmark-gnn-runner/results/hpo_gcn_trial_001/seed_42",
    "checkpoints_dir": "/DATATWO/users/solubility/Dhairya/sc3-benchmark-gnn-runner/results/hpo_gcn_trial_001/seed_42/checkpoints",
    "predictions_dir": "/DATATWO/users/solubility/Dhairya/sc3-benchmark-gnn-runner/results/hpo_gcn_trial_001/seed_42/predictions",
    "epoch_history_json": "/DATATWO/users/solubility/Dhairya/sc3-benchmark-gnn-runner/results/hpo_gcn_trial_001/seed_42/epoch_history.json",
    "best_model_pkl": "/DATATWO/users/solubility/Dhairya/sc3-benchmark-gnn-runner/results/hpo_gcn_trial_001/seed_42/best_model.pkl",
    "run_config_json": "/DATATWO/users/solubility/Dhairya/sc3-benchmark-gnn-runner/results/hpo_gcn_trial_001/seed_42/run_config.json"
  }
}