{
  "eval": {
    "RMSE": 0.49253678632813525,
    "MAE": 0.30687327080179566,
    "R2": 0.816276357047206,
    "N": 6969,
    "PS_RMSE": 0.4787276839117422,
    "PS_R2": 0.7917815193040191,
    "N_solvents": 25,
    "train_time_s": 14.48581838607788
  },
  "ood": {
    "RMSE": 0.6050775001102661,
    "MAE": 0.43254727145199495,
    "R2": 0.6749820326180901,
    "N": 11940,
    "PS_RMSE": 0.524033586353045,
    "PS_R2": -8.214180135281005,
    "N_solvents": 146,
    "train_time_s": 14.48581838607788
  },
  "sc3_gold": {
    "RMSE": 0.7367045699828555,
    "MAE": 0.566168951116512,
    "R2": 0.605416770569233,
    "N": 4507,
    "PS_RMSE": 0.6106128017070487,
    "PS_R2": -3.1034713698296565,
    "N_solvents": 26,
    "Z_RMSE": 41.147377593972124,
    "f_aleatoric": 0.0779936213395187,
    "N_with_uncertainty": 3449,
    "train_time_s": 14.48581838607788
  },
  "sc3_silver": {
    "RMSE": 0.7073531633564133,
    "MAE": 0.5433225401000706,
    "R2": 0.6112689916026905,
    "N": 5475,
    "PS_RMSE": 0.5687142236018365,
    "PS_R2": -0.6357019461498832,
    "N_solvents": 27,
    "Z_RMSE": 37.515515710884976,
    "f_aleatoric": 0.1201329534662868,
    "N_with_uncertainty": 4212,
    "train_time_s": 14.48581838607788
  },
  "sc3_bronze": {
    "RMSE": 0.7061836288609219,
    "MAE": 0.5411056423753487,
    "R2": 0.597717772531536,
    "N": 6331,
    "PS_RMSE": 0.5588963691142337,
    "PS_R2": -0.7914779497174254,
    "N_solvents": 30,
    "Z_RMSE": 35.01302869182236,
    "f_aleatoric": 0.17701290719114934,
    "N_with_uncertainty": 4881,
    "train_time_s": 14.48581838607788
  }
}