{
  "eval": {
    "RMSE": 0.4931643991372954,
    "MAE": 0.3039840315148246,
    "R2": 0.8158078406651612,
    "N": 6969,
    "PS_RMSE": 0.47647138384716103,
    "PS_R2": 0.792414071984241,
    "N_solvents": 25,
    "train_time_s": 12.013059854507446
  },
  "ood": {
    "RMSE": 0.6134059976453919,
    "MAE": 0.4374771599445993,
    "R2": 0.6659731345012865,
    "N": 11940,
    "PS_RMSE": 0.5430205211136333,
    "PS_R2": -9.837623878405982,
    "N_solvents": 146,
    "train_time_s": 12.013059854507446
  },
  "sc3_gold": {
    "RMSE": 0.7244336675503038,
    "MAE": 0.556631689990568,
    "R2": 0.6184520307604204,
    "N": 4507,
    "PS_RMSE": 0.589599900591461,
    "PS_R2": -2.403707401881586,
    "N_solvents": 26,
    "Z_RMSE": 41.0212160408516,
    "f_aleatoric": 0.08031313424180922,
    "N_with_uncertainty": 3449,
    "train_time_s": 12.013059854507446
  },
  "sc3_silver": {
    "RMSE": 0.698058019421528,
    "MAE": 0.5327682482145621,
    "R2": 0.6214182920457678,
    "N": 5475,
    "PS_RMSE": 0.5483108035214139,
    "PS_R2": -0.5506679077995914,
    "N_solvents": 27,
    "Z_RMSE": 37.42731371622435,
    "f_aleatoric": 0.13342830009496676,
    "N_with_uncertainty": 4212,
    "train_time_s": 12.013059854507446
  },
  "sc3_bronze": {
    "RMSE": 0.6947229168777643,
    "MAE": 0.5305963984991605,
    "R2": 0.6106691606627,
    "N": 6331,
    "PS_RMSE": 0.5458494844645146,
    "PS_R2": -0.8802737746706496,
    "N_solvents": 30,
    "Z_RMSE": 34.922775228353466,
    "f_aleatoric": 0.18643720549067813,
    "N_with_uncertainty": 4881,
    "train_time_s": 12.013059854507446
  }
}