{
  "eval": {
    "RMSE": 0.4995460678968796,
    "MAE": 0.30838450350311797,
    "R2": 0.8110100139001133,
    "N": 6969,
    "PS_RMSE": 0.48092066462235294,
    "PS_R2": 0.7888549413553289,
    "N_solvents": 25,
    "train_time_s": 13.120174169540405
  },
  "ood": {
    "RMSE": 0.6173809440633833,
    "MAE": 0.4373310664476806,
    "R2": 0.6616300375853099,
    "N": 11940,
    "PS_RMSE": 0.5368186188749846,
    "PS_R2": -8.147602833088369,
    "N_solvents": 146,
    "train_time_s": 13.120174169540405
  },
  "sc3_gold": {
    "RMSE": 0.7384842737798651,
    "MAE": 0.5656593851583022,
    "R2": 0.6035080285181691,
    "N": 4507,
    "PS_RMSE": 0.6063884510341268,
    "PS_R2": -3.4207941666825303,
    "N_solvents": 26,
    "Z_RMSE": 41.51198268153481,
    "f_aleatoric": 0.09220063786604812,
    "N_with_uncertainty": 3449,
    "train_time_s": 13.120174169540405
  },
  "sc3_silver": {
    "RMSE": 0.7121711738967405,
    "MAE": 0.5423665869653015,
    "R2": 0.6059554122182091,
    "N": 5475,
    "PS_RMSE": 0.5562983539162965,
    "PS_R2": -0.6599792494502305,
    "N_solvents": 27,
    "Z_RMSE": 37.852336727201866,
    "f_aleatoric": 0.13437796771130103,
    "N_with_uncertainty": 4212,
    "train_time_s": 13.120174169540405
  },
  "sc3_bronze": {
    "RMSE": 0.7136012855217797,
    "MAE": 0.5438196964070019,
    "R2": 0.5892223528095268,
    "N": 6331,
    "PS_RMSE": 0.5575196316166389,
    "PS_R2": -0.9950513726678561,
    "N_solvents": 30,
    "Z_RMSE": 35.369295544259096,
    "f_aleatoric": 0.18541282524072936,
    "N_with_uncertainty": 4881,
    "train_time_s": 13.120174169540405
  }
}