{
  "eval": {
    "RMSE": 0.4898480209932555,
    "MAE": 0.30478849518508755,
    "R2": 0.8182767818985803,
    "N": 6969,
    "PS_RMSE": 0.4762553215195828,
    "PS_R2": 0.7937508531783907,
    "N_solvents": 25,
    "train_time_s": 17.934051036834717
  },
  "ood": {
    "RMSE": 0.6126070966074244,
    "MAE": 0.4345746909700752,
    "R2": 0.6668426422490298,
    "N": 11940,
    "PS_RMSE": 0.5391716439032783,
    "PS_R2": -9.62911216988097,
    "N_solvents": 146,
    "train_time_s": 17.934051036834717
  },
  "sc3_gold": {
    "RMSE": 0.7448822809735226,
    "MAE": 0.5651271543214373,
    "R2": 0.5966080918907409,
    "N": 4507,
    "PS_RMSE": 0.6100890899903139,
    "PS_R2": -1.9292756082282787,
    "N_solvents": 26,
    "Z_RMSE": 41.469199191121575,
    "f_aleatoric": 0.09828935923456074,
    "N_with_uncertainty": 3449,
    "train_time_s": 17.934051036834717
  },
  "sc3_silver": {
    "RMSE": 0.7152861976091788,
    "MAE": 0.5411670644741841,
    "R2": 0.6025007858032654,
    "N": 5475,
    "PS_RMSE": 0.5741523368664961,
    "PS_R2": -0.5171980257153714,
    "N_solvents": 27,
    "Z_RMSE": 37.8272599047088,
    "f_aleatoric": 0.13936372269705602,
    "N_with_uncertainty": 4212,
    "train_time_s": 17.934051036834717
  },
  "sc3_bronze": {
    "RMSE": 0.7094114083530999,
    "MAE": 0.5371598707046944,
    "R2": 0.5940319158449063,
    "N": 6331,
    "PS_RMSE": 0.5747954347676345,
    "PS_R2": -0.9599410604926193,
    "N_solvents": 30,
    "Z_RMSE": 35.297893829189114,
    "f_aleatoric": 0.1950419995902479,
    "N_with_uncertainty": 4881,
    "train_time_s": 17.934051036834717
  }
}