{
  "eval": {
    "RMSE": 0.4905199390395734,
    "MAE": 0.3054841246841158,
    "R2": 0.8177779053162509,
    "N": 6969,
    "PS_RMSE": 0.46980314408401064,
    "PS_R2": 0.7992027841246768,
    "N_solvents": 25,
    "train_time_s": 14.000352144241333
  },
  "ood": {
    "RMSE": 0.6076474991104066,
    "MAE": 0.42965742493193193,
    "R2": 0.6722152142720297,
    "N": 11940,
    "PS_RMSE": 0.5277081748570848,
    "PS_R2": -8.09990615554191,
    "N_solvents": 146,
    "train_time_s": 14.000352144241333
  },
  "sc3_gold": {
    "RMSE": 0.7341680158951944,
    "MAE": 0.5675426184976897,
    "R2": 0.6081292788714145,
    "N": 4507,
    "PS_RMSE": 0.6021046279812492,
    "PS_R2": -2.7295692068058326,
    "N_solvents": 26,
    "Z_RMSE": 41.99966538852645,
    "f_aleatoric": 0.09423021165555233,
    "N_with_uncertainty": 3449,
    "train_time_s": 14.000352144241333
  },
  "sc3_silver": {
    "RMSE": 0.7080195778921059,
    "MAE": 0.5436482929370646,
    "R2": 0.6105361807824154,
    "N": 5475,
    "PS_RMSE": 0.5561728739347468,
    "PS_R2": -0.6225289771211242,
    "N_solvents": 27,
    "Z_RMSE": 38.31893285657291,
    "f_aleatoric": 0.14102564102564102,
    "N_with_uncertainty": 4212,
    "train_time_s": 14.000352144241333
  },
  "sc3_bronze": {
    "RMSE": 0.7106760636145036,
    "MAE": 0.5465926812553915,
    "R2": 0.59258320134513,
    "N": 6331,
    "PS_RMSE": 0.569529745648205,
    "PS_R2": -1.259536645660219,
    "N_solvents": 30,
    "Z_RMSE": 35.795774911517285,
    "f_aleatoric": 0.1870518336406474,
    "N_with_uncertainty": 4881,
    "train_time_s": 14.000352144241333
  }
}