{
  "method": "lgb_rdkit",
  "display": "LightGBM (RDKit)",
  "family": "Desc+Tree",
  "seeds": [
    42,
    101,
    123,
    456,
    789
  ],
  "params": {
    "n_estimators": 3000,
    "learning_rate": 0.05,
    "num_leaves": 127,
    "min_child_samples": 10,
    "feature_fraction": 0.8,
    "bagging_fraction": 0.8,
    "bagging_freq": 5,
    "reg_alpha": 0.1,
    "reg_lambda": 5
  },
  "aggregated": {
    "eval": {
      "RMSE_mean": 0.4931230426790278,
      "RMSE_std": 0.003438097596485075,
      "MAE_mean": 0.30590288513778835,
      "MAE_std": 0.0015620052854362402,
      "R2_mean": 0.8158297797654624,
      "R2_std": 0.0025773268395993102,
      "N_mean": 6969.0,
      "N_std": 0.0,
      "PS_RMSE_mean": 0.4764356395969699,
      "PS_RMSE_std": 0.003725391405183387,
      "PS_R2_mean": 0.7932008339893313,
      "PS_R2_std": 0.003401357315848516,
      "N_solvents_mean": 25.0,
      "N_solvents_std": 0.0,
      "train_time_s_mean": 14.310691118240356,
      "train_time_s_std": 1.9976064160701859
    },
    "ood": {
      "RMSE_mean": 0.6112238075073744,
      "RMSE_std": 0.004362404141573546,
      "MAE_mean": 0.4343175227492564,
      "MAE_std": 0.0029658452301087376,
      "R2_mean": 0.6683286122451492,
      "R2_std": 0.004732884166743511,
      "N_mean": 11940.0,
      "N_std": 0.0,
      "PS_RMSE_mean": 0.5341505090204052,
      "PS_RMSE_std": 0.007139516986062216,
      "PS_R2_mean": -8.785685034439647,
      "PS_R2_std": 0.7774321938831508,
      "N_solvents_mean": 146.0,
      "N_solvents_std": 0.0,
      "train_time_s_mean": 14.310691118240356,
      "train_time_s_std": 1.9976064160701859
    },
    "sc3_gold": {
      "RMSE_mean": 0.7357345616363483,
      "RMSE_std": 0.006668536193788454,
      "MAE_mean": 0.5642259598169018,
      "MAE_std": 0.0038811141167129984,
      "R2_mean": 0.6064228401219957,
      "R2_std": 0.007119704292943637,
      "N_mean": 4507.0,
      "N_std": 0.0,
      "PS_RMSE_mean": 0.6037589742608399,
      "PS_RMSE_std": 0.007709418819857817,
      "PS_R2_mean": -2.717363550685577,
      "PS_R2_std": 0.5222079360363083,
      "N_solvents_mean": 26.0,
      "N_solvents_std": 0.0,
      "Z_RMSE_mean": 41.42988817920131,
      "Z_RMSE_std": 0.34051610201803684,
      "f_aleatoric_mean": 0.08860539286749783,
      "f_aleatoric_std": 0.007996434526384781,
      "N_with_uncertainty_mean": 3449.0,
      "N_with_uncertainty_std": 0.0,
      "train_time_s_mean": 14.310691118240356,
      "train_time_s_std": 1.9976064160701859
    },
    "sc3_silver": {
      "RMSE_mean": 0.7081776264351932,
      "RMSE_std": 0.005823939736716275,
      "MAE_mean": 0.5406545465382366,
      "MAE_std": 0.004036537264910273,
      "R2_mean": 0.6103359324904697,
      "R2_std": 0.006392305897935854,
      "N_mean": 5475.0,
      "N_std": 0.0,
      "PS_RMSE_mean": 0.5607297183681579,
      "PS_RMSE_std": 0.00936536469385771,
      "PS_R2_mean": -0.5972152212472401,
      "PS_R2_std": 0.05409388400996744,
      "N_solvents_mean": 27.0,
      "N_solvents_std": 0.0,
      "Z_RMSE_mean": 37.78827178311858,
      "Z_RMSE_std": 0.31365974129988405,
      "f_aleatoric_mean": 0.13366571699905033,
      "f_aleatoric_std": 0.007353028047122259,
      "N_with_uncertainty_mean": 4212.0,
      "N_with_uncertainty_std": 0.0,
      "train_time_s_mean": 14.310691118240356,
      "train_time_s_std": 1.9976064160701859
    },
    "sc3_bronze": {
      "RMSE_mean": 0.7069190606456139,
      "RMSE_std": 0.006546232205091679,
      "MAE_mean": 0.5398548578483193,
      "MAE_std": 0.005579689887774982,
      "R2_mean": 0.5968448806387598,
      "R2_std": 0.007430346832785547,
      "N_mean": 6331.0,
      "N_std": 0.0,
      "PS_RMSE_mean": 0.5613181331222453,
      "PS_RMSE_std": 0.010086038725012078,
      "PS_R2_mean": -0.977256160641754,
      "PS_R2_std": 0.15761845154002813,
      "N_solvents_mean": 30.0,
      "N_solvents_std": 0.0,
      "Z_RMSE_mean": 35.279753641028265,
      "Z_RMSE_std": 0.30763632948743963,
      "f_aleatoric_mean": 0.18619135423069041,
      "f_aleatoric_std": 0.005726862812806397,
      "N_with_uncertainty_mean": 4881.0,
      "N_with_uncertainty_std": 0.0,
      "train_time_s_mean": 14.310691118240356,
      "train_time_s_std": 1.9976064160701859
    }
  },
  "per_seed": {
    "42": {
      "eval": {
        "RMSE": 0.49253678632813525,
        "MAE": 0.30687327080179566,
        "R2": 0.816276357047206,
        "N": 6969,
        "PS_RMSE": 0.4787276839117422,
        "PS_R2": 0.7917815193040191,
        "N_solvents": 25,
        "train_time_s": 14.48581838607788
      },
      "ood": {
        "RMSE": 0.6050775001102661,
        "MAE": 0.43254727145199495,
        "R2": 0.6749820326180901,
        "N": 11940,
        "PS_RMSE": 0.524033586353045,
        "PS_R2": -8.214180135281005,
        "N_solvents": 146,
        "train_time_s": 14.48581838607788
      },
      "sc3_gold": {
        "RMSE": 0.7367045699828555,
        "MAE": 0.566168951116512,
        "R2": 0.605416770569233,
        "N": 4507,
        "PS_RMSE": 0.6106128017070487,
        "PS_R2": -3.1034713698296565,
        "N_solvents": 26,
        "Z_RMSE": 41.147377593972124,
        "f_aleatoric": 0.0779936213395187,
        "N_with_uncertainty": 3449,
        "train_time_s": 14.48581838607788
      },
      "sc3_silver": {
        "RMSE": 0.7073531633564133,
        "MAE": 0.5433225401000706,
        "R2": 0.6112689916026905,
        "N": 5475,
        "PS_RMSE": 0.5687142236018365,
        "PS_R2": -0.6357019461498832,
        "N_solvents": 27,
        "Z_RMSE": 37.515515710884976,
        "f_aleatoric": 0.1201329534662868,
        "N_with_uncertainty": 4212,
        "train_time_s": 14.48581838607788
      },
      "sc3_bronze": {
        "RMSE": 0.7061836288609219,
        "MAE": 0.5411056423753487,
        "R2": 0.597717772531536,
        "N": 6331,
        "PS_RMSE": 0.5588963691142337,
        "PS_R2": -0.7914779497174254,
        "N_solvents": 30,
        "Z_RMSE": 35.01302869182236,
        "f_aleatoric": 0.17701290719114934,
        "N_with_uncertainty": 4881,
        "train_time_s": 14.48581838607788
      }
    },
    "101": {
      "eval": {
        "RMSE": 0.4905199390395734,
        "MAE": 0.3054841246841158,
        "R2": 0.8177779053162509,
        "N": 6969,
        "PS_RMSE": 0.46980314408401064,
        "PS_R2": 0.7992027841246768,
        "N_solvents": 25,
        "train_time_s": 14.000352144241333
      },
      "ood": {
        "RMSE": 0.6076474991104066,
        "MAE": 0.42965742493193193,
        "R2": 0.6722152142720297,
        "N": 11940,
        "PS_RMSE": 0.5277081748570848,
        "PS_R2": -8.09990615554191,
        "N_solvents": 146,
        "train_time_s": 14.000352144241333
      },
      "sc3_gold": {
        "RMSE": 0.7341680158951944,
        "MAE": 0.5675426184976897,
        "R2": 0.6081292788714145,
        "N": 4507,
        "PS_RMSE": 0.6021046279812492,
        "PS_R2": -2.7295692068058326,
        "N_solvents": 26,
        "Z_RMSE": 41.99966538852645,
        "f_aleatoric": 0.09423021165555233,
        "N_with_uncertainty": 3449,
        "train_time_s": 14.000352144241333
      },
      "sc3_silver": {
        "RMSE": 0.7080195778921059,
        "MAE": 0.5436482929370646,
        "R2": 0.6105361807824154,
        "N": 5475,
        "PS_RMSE": 0.5561728739347468,
        "PS_R2": -0.6225289771211242,
        "N_solvents": 27,
        "Z_RMSE": 38.31893285657291,
        "f_aleatoric": 0.14102564102564102,
        "N_with_uncertainty": 4212,
        "train_time_s": 14.000352144241333
      },
      "sc3_bronze": {
        "RMSE": 0.7106760636145036,
        "MAE": 0.5465926812553915,
        "R2": 0.59258320134513,
        "N": 6331,
        "PS_RMSE": 0.569529745648205,
        "PS_R2": -1.259536645660219,
        "N_solvents": 30,
        "Z_RMSE": 35.795774911517285,
        "f_aleatoric": 0.1870518336406474,
        "N_with_uncertainty": 4881,
        "train_time_s": 14.000352144241333
      }
    },