{
  "featurizer": "rdkit",
  "seeds": [
    42
  ],
  "aggregated": {
    "eval": {
      "RMSE_mean": 0.49253678632813525,
      "RMSE_std": 0.0,
      "RMSE_n": 1,
      "MAE_mean": 0.30687327080179566,
      "MAE_std": 0.0,
      "MAE_n": 1,
      "R2_mean": 0.816276357047206,
      "R2_std": 0.0,
      "R2_n": 1,
      "N_mean": 6969.0,
      "N_std": 0.0,
      "N_n": 1,
      "PS_RMSE_mean": 0.4787276839117422,
      "PS_RMSE_std": 0.0,
      "PS_RMSE_n": 1,
      "PS_R2_mean": 0.7917815193040191,
      "PS_R2_std": 0.0,
      "PS_R2_n": 1,
      "N_solvents_mean": 25.0,
      "N_solvents_std": 0.0,
      "N_solvents_n": 1
    },
    "ood": {
      "RMSE_mean": 0.6050775001102661,
      "RMSE_std": 0.0,
      "RMSE_n": 1,
      "MAE_mean": 0.43254727145199495,
      "MAE_std": 0.0,
      "MAE_n": 1,
      "R2_mean": 0.6749820326180901,
      "R2_std": 0.0,
      "R2_n": 1,
      "N_mean": 11940.0,
      "N_std": 0.0,
      "N_n": 1,
      "PS_RMSE_mean": 0.524033586353045,
      "PS_RMSE_std": 0.0,
      "PS_RMSE_n": 1,
      "PS_R2_mean": -8.214180135281005,
      "PS_R2_std": 0.0,
      "PS_R2_n": 1,
      "N_solvents_mean": 146.0,
      "N_solvents_std": 0.0,
      "N_solvents_n": 1
    },
    "sc3_gold": {
      "RMSE_mean": 0.7367045699828555,
      "RMSE_std": 0.0,
      "RMSE_n": 1,
      "MAE_mean": 0.566168951116512,
      "MAE_std": 0.0,
      "MAE_n": 1,
      "R2_mean": 0.605416770569233,
      "R2_std": 0.0,
      "R2_n": 1,
      "N_mean": 4507.0,
      "N_std": 0.0,
      "N_n": 1,
      "PS_RMSE_mean": 0.6106128017070487,
      "PS_RMSE_std": 0.0,
      "PS_RMSE_n": 1,
      "PS_R2_mean": -3.1034713698296565,
      "PS_R2_std": 0.0,
      "PS_R2_n": 1,
      "N_solvents_mean": 26.0,
      "N_solvents_std": 0.0,
      "N_solvents_n": 1,
      "Z_RMSE_mean": 41.147377593972124,
      "Z_RMSE_std": 0.0,
      "Z_RMSE_n": 1,
      "f_aleatoric_mean": 0.0779936213395187,
      "f_aleatoric_std": 0.0,
      "f_aleatoric_n": 1,
      "N_with_uncertainty_mean": 3449.0,
      "N_with_uncertainty_std": 0.0,
      "N_with_uncertainty_n": 1
    },
    "sc3_silver": {
      "RMSE_mean": 0.7073531633564133,
      "RMSE_std": 0.0,
      "RMSE_n": 1,
      "MAE_mean": 0.5433225401000706,
      "MAE_std": 0.0,
      "MAE_n": 1,
      "R2_mean": 0.6112689916026905,
      "R2_std": 0.0,
      "R2_n": 1,
      "N_mean": 5475.0,
      "N_std": 0.0,
      "N_n": 1,
      "PS_RMSE_mean": 0.5687142236018365,
      "PS_RMSE_std": 0.0,
      "PS_RMSE_n": 1,
      "PS_R2_mean": -0.6357019461498832,
      "PS_R2_std": 0.0,
      "PS_R2_n": 1,
      "N_solvents_mean": 27.0,
      "N_solvents_std": 0.0,
      "N_solvents_n": 1,
      "Z_RMSE_mean": 37.515515710884976,
      "Z_RMSE_std": 0.0,
      "Z_RMSE_n": 1,
      "f_aleatoric_mean": 0.1201329534662868,
      "f_aleatoric_std": 0.0,
      "f_aleatoric_n": 1,
      "N_with_uncertainty_mean": 4212.0,
      "N_with_uncertainty_std": 0.0,
      "N_with_uncertainty_n": 1
    },
    "sc3_bronze": {
      "RMSE_mean": 0.7061836288609219,
      "RMSE_std": 0.0,
      "RMSE_n": 1,
      "MAE_mean": 0.5411056423753487,
      "MAE_std": 0.0,
      "MAE_n": 1,
      "R2_mean": 0.597717772531536,
      "R2_std": 0.0,
      "R2_n": 1,
      "N_mean": 6331.0,
      "N_std": 0.0,
      "N_n": 1,
      "PS_RMSE_mean": 0.5588963691142337,
      "PS_RMSE_std": 0.0,
      "PS_RMSE_n": 1,
      "PS_R2_mean": -0.7914779497174254,
      "PS_R2_std": 0.0,
      "PS_R2_n": 1,
      "N_solvents_mean": 30.0,
      "N_solvents_std": 0.0,
      "N_solvents_n": 1,
      "Z_RMSE_mean": 35.01302869182236,
      "Z_RMSE_std": 0.0,
      "Z_RMSE_n": 1,
      "f_aleatoric_mean": 0.17701290719114934,
      "f_aleatoric_std": 0.0,
      "f_aleatoric_n": 1,
      "N_with_uncertainty_mean": 4881.0,
      "N_with_uncertainty_std": 0.0,
      "N_with_uncertainty_n": 1
    }
  },
  "diagnostics": {
    "_n_features": 320.0,
    "_n_train": 61403.0,
    "_best_iter": 827.0,
    "_train_time_s": 21.002849102020264
  }
}