{
  "eval": {
    "RMSE": 0.6054673512214044,
    "MAE": 0.41634876873090215,
    "R2": 0.7223682296197314,
    "N": 6969,
    "PS_RMSE": 0.6153304143354047,
    "PS_R2": 0.640617422482309,
    "N_solvents": 25,
    "train_time_s": 30.854045867919922
  },
  "ood": {
    "RMSE": 0.9705488721380952,
    "MAE": 0.7408582469714176,
    "R2": 0.16378071213206635,
    "N": 11940,
    "PS_RMSE": 0.7596343579546939,
    "PS_R2": -29.327950268063596,
    "N_solvents": 146,
    "train_time_s": 30.854045867919922
  },
  "sc3_gold": {
    "RMSE": 1.0281829468736907,
    "MAE": 0.7862029172598963,
    "R2": 0.23141361290692697,
    "N": 4507,
    "PS_RMSE": 0.9951836438308658,
    "PS_R2": -22.164123965125476,
    "N_solvents": 26,
    "Z_RMSE": 57.891325845445586,
    "f_aleatoric": 0.05595824876775877,
    "N_with_uncertainty": 3449,
    "train_time_s": 30.854045867919922
  },
  "sc3_silver": {
    "RMSE": 0.9853739393589347,
    "MAE": 0.7545571132985849,
    "R2": 0.24563986601446675,
    "N": 5475,
    "PS_RMSE": 0.9184813533324359,
    "PS_R2": -14.404752286639145,
    "N_solvents": 27,
    "Z_RMSE": 52.72411401043665,
    "f_aleatoric": 0.09116809116809117,
    "N_with_uncertainty": 4212,
    "train_time_s": 30.854045867919922
  },
  "sc3_bronze": {
    "RMSE": 0.9482669150907461,
    "MAE": 0.7231367732646596,
    "R2": 0.2746347395477654,
    "N": 6331,
    "PS_RMSE": 0.8885763745488945,
    "PS_R2": -13.081969013841842,
    "N_solvents": 30,
    "Z_RMSE": 49.03569691086394,
    "f_aleatoric": 0.14607662364269616,
    "N_with_uncertainty": 4881,
    "train_time_s": 30.854045867919922
  }
}