{
  "eval": {
    "RMSE": 0.6263775599421523,
    "MAE": 0.4284501441344314,
    "R2": 0.7028607076355391,
    "N": 6969,
    "PS_RMSE": 0.6289308495832099,
    "PS_R2": 0.6433704695568916,
    "N_solvents": 25,
    "train_time_s": 31.343430995941162
  },
  "ood": {
    "RMSE": 0.9476610312898585,
    "MAE": 0.7198166341569364,
    "R2": 0.20275572936377018,
    "N": 11940,
    "PS_RMSE": 0.7512648234261796,
    "PS_R2": -24.351874756031357,
    "N_solvents": 146,
    "train_time_s": 31.343430995941162
  },
  "sc3_gold": {
    "RMSE": 1.049675538206516,
    "MAE": 0.8006054184416642,
    "R2": 0.19894553030637763,
    "N": 4507,
    "PS_RMSE": 1.0730923552284124,
    "PS_R2": -22.187409382639558,
    "N_solvents": 26,
    "Z_RMSE": 61.10487217638355,
    "f_aleatoric": 0.06697593505363873,
    "N_with_uncertainty": 3449,
    "train_time_s": 31.343430995941162
  },
  "sc3_silver": {
    "RMSE": 1.005248526054458,
    "MAE": 0.7648076317369095,
    "R2": 0.21490271634766323,
    "N": 5475,
    "PS_RMSE": 0.9801385301266419,
    "PS_R2": -11.593960453633041,
    "N_solvents": 27,
    "Z_RMSE": 55.651691902837584,
    "f_aleatoric": 0.09686609686609686,
    "N_with_uncertainty": 4212,
    "train_time_s": 31.343430995941162
  },
  "sc3_bronze": {
    "RMSE": 0.9672402150245405,
    "MAE": 0.7308703971584061,
    "R2": 0.24531755906082975,
    "N": 6331,
    "PS_RMSE": 0.9272611908489657,
    "PS_R2": -10.198185828825727,
    "N_solvents": 30,
    "Z_RMSE": 51.7387109675299,
    "f_aleatoric": 0.15119852489244007,
    "N_with_uncertainty": 4881,
    "train_time_s": 31.343430995941162
  }
}