{
  "eval": {
    "RMSE": 0.6288115581756735,
    "MAE": 0.42421188598028226,
    "R2": 0.7005469539284674,
    "N": 6969,
    "PS_RMSE": 0.6374114159733157,
    "PS_R2": 0.6173378242879409,
    "N_solvents": 25,
    "train_time_s": 30.599581003189087
  },
  "ood": {
    "RMSE": 0.9424813190266239,
    "MAE": 0.7170653714511563,
    "R2": 0.2114470447586584,
    "N": 11940,
    "PS_RMSE": 0.7611360382436241,
    "PS_R2": -23.82071131440531,
    "N_solvents": 146,
    "train_time_s": 30.599581003189087
  },
  "sc3_gold": {
    "RMSE": 1.0640082935950854,
    "MAE": 0.8078988137368118,
    "R2": 0.17692024161789577,
    "N": 4507,
    "PS_RMSE": 1.1027066970917898,
    "PS_R2": -24.14783763111747,
    "N_solvents": 26,
    "Z_RMSE": 61.421807359463145,
    "f_aleatoric": 0.07364453464772398,
    "N_with_uncertainty": 3449,
    "train_time_s": 30.599581003189087
  },
  "sc3_silver": {
    "RMSE": 1.0254141740581662,
    "MAE": 0.7765542474840477,
    "R2": 0.18308810965878375,
    "N": 5475,
    "PS_RMSE": 1.0182035331570907,
    "PS_R2": -13.861152045949384,
    "N_solvents": 27,
    "Z_RMSE": 55.85594894715547,
    "f_aleatoric": 0.10018993352326686,
    "N_with_uncertainty": 4212,
    "train_time_s": 30.599581003189087
  },
  "sc3_bronze": {
    "RMSE": 0.9920614043454568,
    "MAE": 0.7456457281076784,
    "R2": 0.20608745680446405,
    "N": 6331,
    "PS_RMSE": 0.9423037659658507,
    "PS_R2": -11.412674740679707,
    "N_solvents": 30,
    "Z_RMSE": 51.946861800868795,
    "f_aleatoric": 0.16431059209178447,
    "N_with_uncertainty": 4881,
    "train_time_s": 30.599581003189087
  }
}