{
  "eval": {
    "RMSE": 0.6286462215585685,
    "MAE": 0.4281011664690548,
    "R2": 0.7007044066468372,
    "N": 6969,
    "PS_RMSE": 0.6288818612124436,
    "PS_R2": 0.6389036709897138,
    "N_solvents": 25,
    "train_time_s": 44.439385175704956
  },
  "ood": {
    "RMSE": 0.9577132249850184,
    "MAE": 0.7288412368170267,
    "R2": 0.18575269221768087,
    "N": 11940,
    "PS_RMSE": 0.8028334106891891,
    "PS_R2": -48.56991186334403,
    "N_solvents": 146,
    "train_time_s": 44.439385175704956
  },
  "sc3_gold": {
    "RMSE": 0.9893314620823767,
    "MAE": 0.7750974005677017,
    "R2": 0.2884006609838051,
    "N": 4507,
    "PS_RMSE": 0.9571577491032601,
    "PS_R2": -23.56945303934481,
    "N_solvents": 26,
    "Z_RMSE": 56.555649895410184,
    "f_aleatoric": 0.04928964917367353,
    "N_with_uncertainty": 3449,
    "train_time_s": 44.439385175704956
  },
  "sc3_silver": {
    "RMSE": 0.9584809805379106,
    "MAE": 0.7525891705220517,
    "R2": 0.2862541704396142,
    "N": 5475,
    "PS_RMSE": 0.922880773315523,
    "PS_R2": -15.707977640223271,
    "N_solvents": 27,
    "Z_RMSE": 51.61875594869751,
    "f_aleatoric": 0.07478632478632478,
    "N_with_uncertainty": 4212,
    "train_time_s": 44.439385175704956
  },
  "sc3_bronze": {
    "RMSE": 0.9264303787007596,
    "MAE": 0.72301758872942,
    "R2": 0.3076572785503857,
    "N": 6331,
    "PS_RMSE": 0.8652208921942303,
    "PS_R2": -13.744065533079825,
    "N_solvents": 30,
    "Z_RMSE": 48.00212517005791,
    "f_aleatoric": 0.1374718295431264,
    "N_with_uncertainty": 4881,
    "train_time_s": 44.439385175704956
  }
}