{
  "eval": {
    "RMSE": 0.6462175293344465,
    "MAE": 0.43264114583651436,
    "R2": 0.6837393403187553,
    "N": 6969,
    "PS_RMSE": 0.6418789849326657,
    "PS_R2": 0.6124394988878014,
    "N_solvents": 25,
    "train_time_s": 31.01374387741089
  },
  "ood": {
    "RMSE": 0.9740099436958605,
    "MAE": 0.7380060049203524,
    "R2": 0.1578059994677642,
    "N": 11940,
    "PS_RMSE": 0.7642436256566589,
    "PS_R2": -24.611168117668875,
    "N_solvents": 146,
    "train_time_s": 31.01374387741089
  },
  "sc3_gold": {
    "RMSE": 1.0507503850449809,
    "MAE": 0.8179256553570845,
    "R2": 0.19730416273741258,
    "N": 4507,
    "PS_RMSE": 1.0622636054391,
    "PS_R2": -21.73141453437131,
    "N_solvents": 26,
    "Z_RMSE": 59.13547904551081,
    "f_aleatoric": 0.051899101188750366,
    "N_with_uncertainty": 3449,
    "train_time_s": 31.01374387741089
  },
  "sc3_silver": {
    "RMSE": 1.0137375158605928,
    "MAE": 0.7890289635504739,
    "R2": 0.2015869577459145,
    "N": 5475,
    "PS_RMSE": 0.9972612999938177,
    "PS_R2": -11.482265352979086,
    "N_solvents": 27,
    "Z_RMSE": 53.90538523336247,
    "f_aleatoric": 0.07241215574548908,
    "N_with_uncertainty": 4212,
    "train_time_s": 31.01374387741089
  },
  "sc3_bronze": {
    "RMSE": 0.9824327596923119,
    "MAE": 0.7637756084821953,
    "R2": 0.22142361463300364,
    "N": 6331,
    "PS_RMSE": 0.9232595866028895,
    "PS_R2": -8.857909870551545,
    "N_solvents": 30,
    "Z_RMSE": 50.124587003994215,
    "f_aleatoric": 0.11657447244417128,
    "N_with_uncertainty": 4881,
    "train_time_s": 31.01374387741089
  }
}