{
  "method": "gp",
  "featurizer": "morgan",
  "seeds": [
    42,
    101,
    123,
    456,
    789
  ],
  "params": {
    "subset_size": 5000,
    "n_train_iters": 80,
    "lr": 0.05
  },
  "aggregated": {
    "eval": {
      "RMSE_mean": 0.627104044046449,
      "RMSE_std": 0.012956029417950701,
      "MAE_mean": 0.42595062223023694,
      "MAE_std": 0.005492801667062266,
      "R2_mean": 0.702043927629866,
      "R2_std": 0.012270595293706343,
      "N_mean": 6969.0,
      "N_std": 0.0,
      "PS_RMSE_mean": 0.630486705207408,
      "PS_RMSE_std": 0.009082345737729756,
      "PS_R2_mean": 0.6305337772409313,
      "PS_R2_std": 0.012946441795277834,
      "N_solvents_mean": 25.0,
      "N_solvents_std": 0.0,
      "train_time_s_mean": 33.650037384033205,
      "train_time_s_std": 5.4000621281964545
    },
    "ood": {
      "RMSE_mean": 0.9584828782270913,
      "RMSE_std": 0.012332336398459277,
      "MAE_mean": 0.728917498863378,
      "MAE_std": 0.009470869930766807,
      "R2_mean": 0.18430843558798798,
      "R2_std": 0.020988850293287422,
      "N_mean": 11940.0,
      "N_std": 0.0,
      "PS_RMSE_mean": 0.7678224511940692,
      "PS_RMSE_std": 0.018024890032045795,
      "PS_R2_mean": -30.136323263902636,
      "PS_R2_std": 9.426821243459097,
      "N_solvents_mean": 146.0,
      "N_solvents_std": 0.0,
      "train_time_s_mean": 33.650037384033205,
      "train_time_s_std": 5.4000621281964545
    },
    "sc3_gold": {
      "RMSE_mean": 1.0363897251605299,
      "RMSE_std": 0.026181512701774944,
      "MAE_mean": 0.7975460410726317,
      "MAE_std": 0.015260906188402076,
      "R2_mean": 0.2185968417104836,
      "R2_std": 0.03902136343613178,
      "N_mean": 4507.0,
      "N_std": 0.0,
      "PS_RMSE_mean": 1.0380808101386858,
      "PS_RMSE_std": 0.05362057408713761,
      "PS_R2_mean": -22.760047710519725,
      "PS_R2_std": 0.9297552178932275,
      "N_solvents_mean": 26.0,
      "N_solvents_std": 0.0,
      "Z_RMSE_mean": 59.221826864442654,
      "Z_RMSE_std": 1.8585995998535503,
      "f_aleatoric_mean": 0.05955349376630907,
      "f_aleatoric_std": 0.009279138817135164,
      "N_with_uncertainty_mean": 3449.0,
      "N_with_uncertainty_std": 0.0,
      "train_time_s_mean": 33.650037384033205,
      "train_time_s_std": 5.4000621281964545
    },
    "sc3_silver": {
      "RMSE_mean": 0.9976510271740124,
      "RMSE_std": 0.023547012001977924,
      "MAE_mean": 0.7675074253184135,
      "MAE_std": 0.013730079330677365,
      "R2_mean": 0.2262943640412885,
      "R2_std": 0.036266879685754656,
      "N_mean": 5475.0,
      "N_std": 0.0,
      "PS_RMSE_mean": 0.9673930979851019,
      "PS_RMSE_std": 0.040024896418435714,
      "PS_R2_mean": -13.410021555884786,
      "PS_R2_std": 1.6424330742087796,
      "N_solvents_mean": 27.0,
      "N_solvents_std": 0.0,
      "Z_RMSE_mean": 53.95117920849793,
      "Z_RMSE_std": 1.6412114752356382,
      "f_aleatoric_mean": 0.08708452041785375,
      "f_aleatoric_std": 0.011407283124554817,
      "N_with_uncertainty_mean": 4212.0,
      "N_with_uncertainty_std": 0.0,
      "train_time_s_mean": 33.650037384033205,
      "train_time_s_std": 5.4000621281964545
    },
    "sc3_bronze": {
      "RMSE_mean": 0.963286334570763,
      "RMSE_std": 0.023639660956641002,
      "MAE_mean": 0.7372892191484718,
      "MAE_std": 0.015598285142766613,
      "R2_mean": 0.25102412971928967,
      "R2_std": 0.0365864304290677,
      "N_mean": 6331.0,
      "N_std": 0.0,
      "PS_RMSE_mean": 0.9093243620321662,
      "PS_RMSE_std": 0.028210481853426443,
      "PS_R2_mean": -11.45896099739573,
      "PS_R2_std": 1.8007232529266277,
      "N_solvents_mean": 30.0,
      "N_solvents_std": 0.0,
      "Z_RMSE_mean": 50.16959637066295,
      "Z_RMSE_std": 1.523579880477447,
      "f_aleatoric_mean": 0.1431264085228437,
      "f_aleatoric_std": 0.01587206374977154,
      "N_with_uncertainty_mean": 4881.0,
      "N_with_uncertainty_std": 0.0,
      "train_time_s_mean": 33.650037384033205,
      "train_time_s_std": 5.4000621281964545
    }
  },
  "per_seed": {
    "42": {
      "eval": {
        "RMSE": 0.6286462215585685,
        "MAE": 0.4281011664690548,
        "R2": 0.7007044066468372,
        "N": 6969,
        "PS_RMSE": 0.6288818612124436,
        "PS_R2": 0.6389036709897138,
        "N_solvents": 25,
        "train_time_s": 44.439385175704956
      },
      "ood": {
        "RMSE": 0.9577132249850184,
        "MAE": 0.7288412368170267,
        "R2": 0.18575269221768087,
        "N": 11940,
        "PS_RMSE": 0.8028334106891891,
        "PS_R2": -48.56991186334403,
        "N_solvents": 146,
        "train_time_s": 44.439385175704956
      },
      "sc3_gold": {
        "RMSE": 0.9893314620823767,
        "MAE": 0.7750974005677017,
        "R2": 0.2884006609838051,
        "N": 4507,
        "PS_RMSE": 0.9571577491032601,
        "PS_R2": -23.56945303934481,
        "N_solvents": 26,
        "Z_RMSE": 56.555649895410184,
        "f_aleatoric": 0.04928964917367353,
        "N_with_uncertainty": 3449,
        "train_time_s": 44.439385175704956
      },
      "sc3_silver": {
        "RMSE": 0.9584809805379106,
        "MAE": 0.7525891705220517,
        "R2": 0.2862541704396142,
        "N": 5475,
        "PS_RMSE": 0.922880773315523,
        "PS_R2": -15.707977640223271,
        "N_solvents": 27,
        "Z_RMSE": 51.61875594869751,
        "f_aleatoric": 0.07478632478632478,
        "N_with_uncertainty": 4212,
        "train_time_s": 44.439385175704956
      },
      "sc3_bronze": {
        "RMSE": 0.9264303787007596,
        "MAE": 0.72301758872942,
        "R2": 0.3076572785503857,
        "N": 6331,
        "PS_RMSE": 0.8652208921942303,
        "PS_R2": -13.744065533079825,
        "N_solvents": 30,
        "Z_RMSE": 48.00212517005791,
        "f_aleatoric": 0.1374718295431264,
        "N_with_uncertainty": 4881,
        "train_time_s": 44.439385175704956
      }
    },
    "101": {
      "eval": {
        "RMSE": 0.6288115581756735,
        "MAE": 0.42421188598028226,
        "R2": 0.7005469539284674,
        "N": 6969,
        "PS_RMSE": 0.6374114159733157,
        "PS_R2": 0.6173378242879409,
        "N_solvents": 25,
        "train_time_s": 30.599581003189087
      },
      "ood": {
        "RMSE": 0.9424813190266239,
        "MAE": 0.7170653714511563,
        "R2": 0.2114470447586584,
        "N": 11940,
        "PS_RMSE": 0.7611360382436241,
        "PS_R2": -23.82071131440531,
        "N_solvents": 146,
        "train_time_s": 30.599581003189087
      },
      "sc3_gold": {
        "RMSE": 1.0640082935950854,
        "MAE": 0.8078988137368118,
        "R2": 0.17692024161789577,
        "N": 4507,
        "PS_RMSE": 1.1027066970917898,
        "PS_R2": -24.14783763111747,
        "N_solvents": 26,
        "Z_RMSE": 61.421807359463145,
        "f_aleatoric": 0.07364453464772398,
        "N_with_uncertainty": 3449,
        "train_time_s": 30.599581003189087
      },
      "sc3_silver": {
        "RMSE": 1.0254141740581662,
        "MAE": 0.7765542474840477,
        "R2": 0.18308810965878375,
        "N": 5475,
        "PS_RMSE": 1.0182035331570907,
        "PS_R2": -13.861152045949384,
        "N_solvents": 27,
        "Z_RMSE": 55.85594894715547,
        "f_aleatoric": 0.10018993352326686,
        "N_with_uncertainty": 4212,
        "train_time_s": 30.599581003189087
      },
      "sc3_bronze": {
        "RMSE": 0.9920614043454568,
        "MAE": 0.7456457281076784,
        "R2": 0.20608745680446405,
        "N": 6331,
        "PS_RMSE": 0.9423037659658507,
        "PS_R2": -11.412674740679707,
        "N_solvents": 30,
        "Z_RMSE": 51.946861800868795,
        "f_aleatoric": 0.16431059209178447,
        "N_with_uncertainty": 4881,
        "train_time_s": 30.599581003189087
      }
    },
    "123": {
      "eval": {
        "RMSE": 0.6054673512214044,
        "MAE": 0.41634876873090215,
        "R2": 0.7223682296197314,
        "N": 6969,
        "PS_RMSE": 0.6153304143354047,