{
  "eval": {
    "RMSE": 0.4820908713059858,
    "MAE": 0.29342998834190476,
    "R2": 0.8332358916808771,
    "N": 717,
    "PS_RMSE": 0.4559079158440582,
    "PS_R2": 0.8064334323951486,
    "N_solvents": 25
  },
  "ood": {
    "RMSE": 0.5645125455215948,
    "MAE": 0.3975609392823183,
    "R2": 0.7253996269483189,
    "N": 1159,
    "PS_RMSE": 0.5163671405076754,
    "PS_R2": -2.145198830198927,
    "N_solvents": 77
  },
  "sc3_gold": {
    "RMSE": 0.4891000435395313,
    "MAE": 0.3213700184909006,
    "R2": 0.8181413530255011,
    "N": 666,
    "PS_RMSE": 0.35545026932246104,
    "PS_R2": -156.53504724769596,
    "N_solvents": 25
  },
  "_n_train": 7898,
  "_n_trainable": 330497,
  "_best_epoch": 132,
  "_val_RMSE": 0.4820908713059858,
  "_elapsed_s": 14.648788928985596,
  "_protocol": "qm",
  "_variant": "full",
  "_fraction": 1.0,
  "_seed": 123,
  "_approach": "interp"
}