{
  "eval": {
    "RMSE": 0.4895553240403938,
    "MAE": 0.30501863115461936,
    "R2": 0.8280317286092366,
    "N": 717,
    "PS_RMSE": 0.4703068184719064,
    "PS_R2": 0.7919260215205989,
    "N_solvents": 25
  },
  "ood": {
    "RMSE": 0.5932128654915839,
    "MAE": 0.4129483694185236,
    "R2": 0.6967679865218512,
    "N": 1159,
    "PS_RMSE": 0.5636733831545091,
    "PS_R2": -4.6959728381340735,
    "N_solvents": 77
  },
  "sc3_gold": {
    "RMSE": 0.4667506984343552,
    "MAE": 0.3069981148665038,
    "R2": 0.8343816301560888,
    "N": 666,
    "PS_RMSE": 0.3443113674941825,
    "PS_R2": -131.1783089049908,
    "N_solvents": 25
  },
  "_n_train": 7898,
  "_n_trainable": 330497,
  "_best_epoch": 88,
  "_val_RMSE": 0.4895553240403938,
  "_elapsed_s": 11.214574337005615,
  "_protocol": "qm",
  "_variant": "full",
  "_fraction": 1.0,
  "_seed": 456,
  "_approach": "interp"
}