{
  "eval": {
    "RMSE": 0.4789655994529295,
    "MAE": 0.29331947370325806,
    "R2": 0.8353910614056017,
    "N": 717,
    "PS_RMSE": 0.4537150467119266,
    "PS_R2": 0.8057828676118224,
    "N_solvents": 25
  },
  "ood": {
    "RMSE": 0.5619394710738024,
    "MAE": 0.39918234879381004,
    "R2": 0.7278972044627694,
    "N": 1159,
    "PS_RMSE": 0.5400574702995663,
    "PS_R2": -2.699731912824745,
    "N_solvents": 77
  },
  "sc3_gold": {
    "RMSE": 0.4568754009745217,
    "MAE": 0.3038243458790889,
    "R2": 0.841315647686817,
    "N": 666,
    "PS_RMSE": 0.3535711428639832,
    "PS_R2": -84.01802236064722,
    "N_solvents": 25
  },
  "_n_train": 7898,
  "_n_trainable": 330497,
  "_best_epoch": 137,
  "_val_RMSE": 0.4789655994529295,
  "_elapsed_s": 15.870914697647095,
  "_protocol": "qm",
  "_variant": "full",
  "_fraction": 1.0,
  "_seed": 101,
  "_approach": "interp"
}