{
  "eval": {
    "RMSE": 0.4823762757604478,
    "MAE": 0.2973993539688732,
    "R2": 0.833038379922385,
    "N": 717,
    "PS_RMSE": 0.46030014125077384,
    "PS_R2": 0.8029495429386587,
    "N_solvents": 25
  },
  "ood": {
    "RMSE": 0.5566510570828792,
    "MAE": 0.3860660355206763,
    "R2": 0.7329946255359816,
    "N": 1159,
    "PS_RMSE": 0.5305056149299227,
    "PS_R2": -2.4594430184144516,
    "N_solvents": 77
  },
  "sc3_gold": {
    "RMSE": 0.4853816743839819,
    "MAE": 0.32138487570373725,
    "R2": 0.8208959924086496,
    "N": 666,
    "PS_RMSE": 0.38930585770448123,
    "PS_R2": -178.26646374659504,
    "N_solvents": 25
  },
  "_n_train": 7898,
  "_n_trainable": 330497,
  "_best_epoch": 170,
  "_val_RMSE": 0.4823762757604478,
  "_elapsed_s": 19.591342210769653,
  "_protocol": "qm",
  "_variant": "full",
  "_fraction": 1.0,
  "_seed": 42,
  "_approach": "interp"
}