{
  "eval": {
    "RMSE": 0.4826402003783026,
    "MAE": 0.30025850862753023,
    "R2": 0.8328556290749476,
    "N": 717,
    "PS_RMSE": 0.45600391235417376,
    "PS_R2": 0.8054349316669003,
    "N_solvents": 25
  },
  "ood": {
    "RMSE": 0.5733995196765546,
    "MAE": 0.4022998264741142,
    "R2": 0.7166856471984817,
    "N": 1159,
    "PS_RMSE": 0.5254957880656843,
    "PS_R2": -1.5733663813219128,
    "N_solvents": 77
  },
  "sc3_gold": {
    "RMSE": 0.492514294277357,
    "MAE": 0.3295179757474175,
    "R2": 0.8155934971489245,
    "N": 666,
    "PS_RMSE": 0.3749353646992553,
    "PS_R2": -72.15687454637936,
    "N_solvents": 25
  },
  "_n_train": 7898,
  "_n_trainable": 330497,
  "_best_epoch": 64,
  "_val_RMSE": 0.4826402003783026,
  "_elapsed_s": 9.200902700424194,
  "_protocol": "qm",
  "_variant": "full",
  "_fraction": 1.0,
  "_seed": 789,
  "_approach": "interp"
}