{
  "method": "hpo_descriptor_fastprop",
  "n_seeds": 27,
  "eval_RMSE_mean": 0.4607323534860219,
  "eval_RMSE_std": 0.0049107290724769844,
  "eval_MAE_mean": 0.28883066665253004,
  "eval_MAE_std": 0.007270815295326146,
  "eval_R2_mean": 0.8392190983584163,
  "eval_R2_std": 0.0034397850332737456,
  "eval_PS_RMSE_mean": 0.4491503817855926,
  "eval_PS_RMSE_std": 0.00622384945481199,
  "eval_PS_R2_mean": 0.810578228621491,
  "eval_PS_R2_std": 0.005030082951515083,
  "test_hard_RMSE_mean": 0.8006248333067439,
  "test_hard_RMSE_std": 0.02507641493579471,
  "test_hard_MAE_mean": 0.5973183050429922,
  "test_hard_MAE_std": 0.018707150750303887,
  "test_hard_R2_mean": 0.5335169747588482,
  "test_hard_R2_std": 0.029661698959636794,
  "test_hard_PS_RMSE_mean": 0.7765645977365333,
  "test_hard_PS_RMSE_std": 0.039595731739129496,
  "test_hard_PS_R2_mean": -9.428525545847002,
  "test_hard_PS_R2_std": 2.8408819863698738,
  "test_hard_Z_RMSE_mean": 45.893257125864274,
  "test_hard_Z_RMSE_std": 1.562333531528927,
  "test_medium_RMSE_mean": 0.7809484698514135,
  "test_medium_RMSE_std": 0.024361205098174684,
  "test_medium_MAE_mean": 0.5827721668714602,
  "test_medium_MAE_std": 0.017329647528442033,
  "test_medium_R2_mean": 0.5257102459591853,
  "test_medium_R2_std": 0.029804761590817224,
  "test_medium_PS_RMSE_mean": 0.7405455453634836,
  "test_medium_PS_RMSE_std": 0.04136673932433312,
  "test_medium_PS_R2_mean": -5.044651059337461,
  "test_medium_PS_R2_std": 2.2142325115243495,
  "test_medium_Z_RMSE_mean": 41.93933891432186,
  "test_medium_Z_RMSE_std": 1.432005681235905,
  "test_easy_RMSE_mean": 0.7589810316419296,
  "test_easy_RMSE_std": 0.02210108577324581,
  "test_easy_MAE_mean": 0.5673216576357638,
  "test_easy_MAE_std": 0.015386031234978313,
  "test_easy_R2_mean": 0.5349223178461818,
  "test_easy_R2_std": 0.02730219690221101,
  "test_easy_PS_RMSE_mean": 0.6861428441730552,
  "test_easy_PS_RMSE_std": 0.04100071576838413,
  "test_easy_PS_R2_mean": -1.8492120411922233,
  "test_easy_PS_R2_std": 0.8844185142628073,
  "test_easy_Z_RMSE_mean": 39.00224230053079,
  "test_easy_Z_RMSE_std": 1.329812664626332,
  "train_time_mean_s": 63.45483555617156
}