{
  "eval": {
    "RMSE": 1.0828772738008108,
    "MAE": 0.8463706505492024,
    "R2": 0.15859856479998646,
    "N": 717,
    "PS_RMSE": 1.0818228563257746,
    "PS_R2": -0.031064204596803105,
    "N_solvents": 25
  },
  "ood": {
    "RMSE": 1.0379161291724959,
    "MAE": 0.826250069566114,
    "R2": 0.07172116443497523,
    "N": 1159,
    "PS_RMSE": 0.94164704855495,
    "PS_R2": -6.514090533496069,
    "N_solvents": 77
  },
  "sc3_gold": {
    "RMSE": 1.0825599075819976,
    "MAE": 0.8186009667873908,
    "R2": 0.10907236391629271,
    "N": 666,
    "PS_RMSE": 0.8327378740618063,
    "PS_R2": -3600.3961867798866,
    "N_solvents": 25
  },
  "_n_train": 458,
  "_n_trainable": 129,
  "_best_epoch": 237,
  "_val_RMSE": 1.0828772738008108,
  "_elapsed_s": 2.617438316345215,
  "_protocol": "scratch",
  "_variant": "head_only",
  "_fraction": 0.05,
  "_seed": 101,
  "_approach": "interp"
}