{
  "eval": {
    "RMSE": 1.1003214584278176,
    "MAE": 0.850026087939669,
    "R2": 0.13127176879305347,
    "N": 717,
    "PS_RMSE": 1.1026178300823197,
    "PS_R2": -0.07010746288417218,
    "N_solvents": 25
  },
  "ood": {
    "RMSE": 1.0299714093985297,
    "MAE": 0.8099785334168174,
    "R2": 0.08587777960399257,
    "N": 1159,
    "PS_RMSE": 0.9596679146751409,
    "PS_R2": -8.865434497416768,
    "N_solvents": 77
  },
  "sc3_gold": {
    "RMSE": 1.0529301406237284,
    "MAE": 0.8173596053838719,
    "R2": 0.15717449752058565,
    "N": 666,
    "PS_RMSE": 0.8570954773031266,
    "PS_R2": -6242.289490791929,
    "N_solvents": 25
  },
  "_n_train": 458,
  "_n_trainable": 129,
  "_best_epoch": 228,
  "_val_RMSE": 1.1003214584278176,
  "_elapsed_s": 2.3760149478912354,
  "_protocol": "scratch",
  "_variant": "head_only",
  "_fraction": 0.05,
  "_seed": 456,
  "_approach": "interp"
}