{
  "eval": {
    "RMSE": 1.081573617505834,
    "MAE": 0.8459198513517034,
    "R2": 0.1606232411620453,
    "N": 717,
    "PS_RMSE": 1.0764982515228667,
    "PS_R2": -0.007874575045509986,
    "N_solvents": 25
  },
  "ood": {
    "RMSE": 1.0462593435777687,
    "MAE": 0.826489547715489,
    "R2": 0.05673737670447088,
    "N": 1159,
    "PS_RMSE": 0.9263108834500445,
    "PS_R2": -6.052472218186308,
    "N_solvents": 77
  },
  "sc3_gold": {
    "RMSE": 1.0317783557230855,
    "MAE": 0.7878288498012679,
    "R2": 0.1906965738320222,
    "N": 666,
    "PS_RMSE": 0.7978765621263345,
    "PS_R2": -1867.0236807423291,
    "N_solvents": 25
  },
  "_n_train": 458,
  "_n_trainable": 129,
  "_best_epoch": 271,
  "_val_RMSE": 1.081573617505834,
  "_elapsed_s": 2.6591405868530273,
  "_protocol": "scratch",
  "_variant": "head_only",
  "_fraction": 0.05,
  "_seed": 42,
  "_approach": "interp"
}