{
  "eval": {
    "RMSE": 1.0670730357618328,
    "MAE": 0.8298080994970343,
    "R2": 0.18297929758250342,
    "N": 717,
    "PS_RMSE": 1.0549553987123774,
    "PS_R2": 0.019960179480586735,
    "N_solvents": 25
  },
  "ood": {
    "RMSE": 1.013340214320053,
    "MAE": 0.8036360486250952,
    "R2": 0.11516053840329044,
    "N": 1159,
    "PS_RMSE": 0.942212494088908,
    "PS_R2": -4.19289661184138,
    "N_solvents": 77
  },
  "sc3_gold": {
    "RMSE": 1.0577968482934417,
    "MAE": 0.8145248378220074,
    "R2": 0.14936530955988292,
    "N": 666,
    "PS_RMSE": 0.8174862303013364,
    "PS_R2": -2979.1904748099682,
    "N_solvents": 25
  },
  "_n_train": 458,
  "_n_trainable": 129,
  "_best_epoch": 297,
  "_val_RMSE": 1.0670730357618328,
  "_elapsed_s": 2.882917642593384,
  "_protocol": "scratch",
  "_variant": "head_only",
  "_fraction": 0.05,
  "_seed": 789,
  "_approach": "interp"
}