{
  "eval": {
    "RMSE": 1.1231256686996287,
    "MAE": 0.8677476990316583,
    "R2": 0.09488976513412228,
    "N": 717,
    "PS_RMSE": 1.1056531262680453,
    "PS_R2": -0.06445349348163043,
    "N_solvents": 25
  },
  "ood": {
    "RMSE": 1.0102320076058153,
    "MAE": 0.8004070378070464,
    "R2": 0.12058032928960316,
    "N": 1159,
    "PS_RMSE": 0.9301597201571884,
    "PS_R2": -16.648176294140857,
    "N_solvents": 77
  },
  "sc3_gold": {
    "RMSE": 1.108089923527234,
    "MAE": 0.8323206754321618,
    "R2": 0.0665553650892966,
    "N": 666,
    "PS_RMSE": 0.8146854317160962,
    "PS_R2": -4674.6286454502,
    "N_solvents": 25
  },
  "_n_train": 458,
  "_n_trainable": 129,
  "_best_epoch": 298,
  "_val_RMSE": 1.1231256686996287,
  "_elapsed_s": 2.8979766368865967,
  "_protocol": "scratch",
  "_variant": "head_only",
  "_fraction": 0.05,
  "_seed": 123,
  "_approach": "interp"
}