{
  "eval": {
    "RMSE": 0.9402792362521842,
    "MAE": 0.7054601535810606,
    "R2": 0.38123054094344155,
    "N": 848,
    "PS_RMSE": 0.9629011453806988,
    "PS_R2": 0.11825211143086284,
    "N_solvents": 25
  },
  "ood": {
    "RMSE": 0.9460923179108089,
    "MAE": 0.728774538643891,
    "R2": 0.22601261807945006,
    "N": 1500,
    "PS_RMSE": 0.829297888245976,
    "PS_R2": -45.31552452481119,
    "N_solvents": 95
  },
  "sc3_gold": {
    "RMSE": 0.98193169396648,
    "MAE": 0.756432523037184,
    "R2": 0.27043712838731326,
    "N": 477,
    "PS_RMSE": 1.0012695113255137,
    "PS_R2": -0.9159782113625875,
    "N_solvents": 17,
    "Z_RMSE": 55.56663635851036,
    "f_aleatoric": 0.05518763796909492,
    "N_with_uncertainty": 453
  },
  "_n_train": 376,
  "_n_trainable": 330497,
  "_best_epoch": 95,
  "_val_RMSE": 0.9402792362521842,
  "_elapsed_s": 1.6665151119232178,
  "_protocol": "scratch",
  "_variant": "full",
  "_fraction": 0.05,
  "_seed": 101,
  "_approach": "filter"
}