{
  "eval": {
    "RMSE": 0.9217507714880407,
    "MAE": 0.673691006196676,
    "R2": 0.40537632374005117,
    "N": 848,
    "PS_RMSE": 0.9533699702178887,
    "PS_R2": 0.14603163181379725,
    "N_solvents": 25
  },
  "ood": {
    "RMSE": 0.9758331672265428,
    "MAE": 0.7534996567134901,
    "R2": 0.17658647061065458,
    "N": 1500,
    "PS_RMSE": 0.9173007632709814,
    "PS_R2": -126.32457184513459,
    "N_solvents": 95
  },
  "sc3_gold": {
    "RMSE": 0.8958666443540312,
    "MAE": 0.711717391253861,
    "R2": 0.39272290382453057,
    "N": 477,
    "PS_RMSE": 0.9012589007656397,
    "PS_R2": -5.013170851426393,
    "N_solvents": 17,
    "Z_RMSE": 50.442089225306574,
    "f_aleatoric": 0.04856512141280353,
    "N_with_uncertainty": 453
  },
  "_n_train": 376,
  "_n_trainable": 330497,
  "_best_epoch": 55,
  "_val_RMSE": 0.9217507714880407,
  "_elapsed_s": 1.346771240234375,
  "_protocol": "scratch",
  "_variant": "full",
  "_fraction": 0.05,
  "_seed": 789,
  "_approach": "filter"
}