{
  "eval": {
    "RMSE": 0.9360952760764852,
    "MAE": 0.7042222320940126,
    "R2": 0.38672496588929184,
    "N": 848,
    "PS_RMSE": 0.9616365416234453,
    "PS_R2": 0.17023423841530544,
    "N_solvents": 25
  },
  "ood": {
    "RMSE": 0.9633840293605446,
    "MAE": 0.7563563145475928,
    "R2": 0.19746176355029532,
    "N": 1500,
    "PS_RMSE": 0.8850573065643926,
    "PS_R2": -73.05175978862819,
    "N_solvents": 95
  },
  "sc3_gold": {
    "RMSE": 0.8981977430271497,
    "MAE": 0.6962368270378381,
    "R2": 0.3895584493608031,
    "N": 477,
    "PS_RMSE": 0.8651576421629423,
    "PS_R2": -0.6151179197838137,
    "N_solvents": 17,
    "Z_RMSE": 53.87850301458501,
    "f_aleatoric": 0.04194260485651214,
    "N_with_uncertainty": 453
  },
  "_n_train": 376,
  "_n_trainable": 330497,
  "_best_epoch": 57,
  "_val_RMSE": 0.9360952760764852,
  "_elapsed_s": 1.3265879154205322,
  "_protocol": "scratch",
  "_variant": "full",
  "_fraction": 0.05,
  "_seed": 456,
  "_approach": "filter"
}