{
  "eval": {
    "RMSE": 0.9096821264763632,
    "MAE": 0.6786008624591697,
    "R2": 0.42084541146339527,
    "N": 848,
    "PS_RMSE": 0.8815193462279144,
    "PS_R2": 0.28610463404659003,
    "N_solvents": 25
  },
  "ood": {
    "RMSE": 0.9441713996981785,
    "MAE": 0.7369153818949902,
    "R2": 0.22915239014304412,
    "N": 1500,
    "PS_RMSE": 0.8073669935977669,
    "PS_R2": -84.46843861114628,
    "N_solvents": 95
  },
  "sc3_gold": {
    "RMSE": 0.8740158510730198,
    "MAE": 0.6832632876628038,
    "R2": 0.42198542967785646,
    "N": 477,
    "PS_RMSE": 0.9173590758261579,
    "PS_R2": -0.3618535061357318,
    "N_solvents": 17,
    "Z_RMSE": 48.84137632025315,
    "f_aleatoric": 0.06181015452538632,
    "N_with_uncertainty": 453
  },
  "_n_train": 376,
  "_n_trainable": 330497,
  "_best_epoch": 52,
  "_val_RMSE": 0.9096821264763632,
  "_elapsed_s": 1.2150495052337646,
  "_protocol": "scratch",
  "_variant": "full",
  "_fraction": 0.05,
  "_seed": 42,
  "_approach": "filter"
}