{
  "eval": {
    "RMSE": 0.947952312587652,
    "MAE": 0.7070758440460404,
    "R2": 0.3710904944460973,
    "N": 848,
    "PS_RMSE": 0.9644279979968874,
    "PS_R2": 0.13606252870477595,
    "N_solvents": 25
  },
  "ood": {
    "RMSE": 0.9466249867553945,
    "MAE": 0.728739602325717,
    "R2": 0.22514083206600466,
    "N": 1500,
    "PS_RMSE": 0.845525605989634,
    "PS_R2": -58.50229950591124,
    "N_solvents": 95
  },
  "sc3_gold": {
    "RMSE": 0.9016425207522483,
    "MAE": 0.7157910078201654,
    "R2": 0.3848671263617288,
    "N": 477,
    "PS_RMSE": 0.8860055645526491,
    "PS_R2": -1.8632241726032486,
    "N_solvents": 17,
    "Z_RMSE": 52.129500098368105,
    "f_aleatoric": 0.039735099337748346,
    "N_with_uncertainty": 453
  },
  "_n_train": 376,
  "_n_trainable": 330497,
  "_best_epoch": 75,
  "_val_RMSE": 0.947952312587652,
  "_elapsed_s": 1.484154462814331,
  "_protocol": "scratch",
  "_variant": "full",
  "_fraction": 0.05,
  "_seed": 123,
  "_approach": "filter"
}