{
  "eval": {
    "RMSE": 0.49171069789191313,
    "MAE": 0.31367778287100045,
    "R2": 0.8307867011237249,
    "N": 848,
    "PS_RMSE": 0.5002782959463609,
    "PS_R2": 0.7666288471965207,
    "N_solvents": 25
  },
  "ood": {
    "RMSE": 0.7168860242439532,
    "MAE": 0.5243848629773129,
    "R2": 0.5556071364214596,
    "N": 1500,
    "PS_RMSE": 0.6101849987001842,
    "PS_R2": -50.07225719995961,
    "N_solvents": 95
  },
  "sc3_gold": {
    "RMSE": 0.9421516230738081,
    "MAE": 0.6276645010446571,
    "R2": 0.32835193290050824,
    "N": 477,
    "PS_RMSE": 0.9886705943401836,
    "PS_R2": -2.5622731573405257,
    "N_solvents": 17,
    "Z_RMSE": 51.85236903583357,
    "f_aleatoric": 0.06181015452538632,
    "N_with_uncertainty": 453
  },
  "_n_train": 7506,
  "_n_trainable": 330497,
  "_best_epoch": 102,
  "_val_RMSE": 0.49171069789191313,
  "_elapsed_s": 12.568191051483154,
  "_protocol": "scratch",
  "_variant": "full",
  "_fraction": 1.0,
  "_seed": 42,
  "_approach": "filter"
}