{
  "eval": {
    "RMSE": 0.49853704992649706,
    "MAE": 0.3143116935971193,
    "R2": 0.8260557580485102,
    "N": 848,
    "PS_RMSE": 0.5074735149795272,
    "PS_R2": 0.7541607229149514,
    "N_solvents": 25
  },
  "ood": {
    "RMSE": 0.7048158456286889,
    "MAE": 0.5150551312648847,
    "R2": 0.5704456049469125,
    "N": 1500,
    "PS_RMSE": 0.5924166108221276,
    "PS_R2": -46.748648777788986,
    "N_solvents": 95
  },
  "sc3_gold": {
    "RMSE": 0.9629056662920731,
    "MAE": 0.6165399570652602,
    "R2": 0.2984354231099168,
    "N": 477,
    "PS_RMSE": 1.0186615180641174,
    "PS_R2": -2.829926878749716,
    "N_solvents": 17,
    "Z_RMSE": 52.437084152140194,
    "f_aleatoric": 0.059602649006622516,
    "N_with_uncertainty": 453
  },
  "_n_train": 7506,
  "_n_trainable": 330497,
  "_best_epoch": 97,
  "_val_RMSE": 0.49853704992649706,
  "_elapsed_s": 11.463529348373413,
  "_protocol": "scratch",
  "_variant": "full",
  "_fraction": 1.0,
  "_seed": 123,
  "_approach": "filter"
}