{
  "eval": {
    "RMSE": 0.48211339880861176,
    "MAE": 0.3009194325571133,
    "R2": 0.8373277097792062,
    "N": 848,
    "PS_RMSE": 0.4828446820563416,
    "PS_R2": 0.781093343668617,
    "N_solvents": 25
  },
  "ood": {
    "RMSE": 0.6896764500685612,
    "MAE": 0.5045086743275169,
    "R2": 0.5887010112742601,
    "N": 1500,
    "PS_RMSE": 0.5617632893468086,
    "PS_R2": -16.192855066381473,
    "N_solvents": 95
  },
  "sc3_gold": {
    "RMSE": 0.9046187694764517,
    "MAE": 0.6144789662758822,
    "R2": 0.38079941653189053,
    "N": 477,
    "PS_RMSE": 0.9728185900997827,
    "PS_R2": -2.523403655748674,
    "N_solvents": 17,
    "Z_RMSE": 50.56872375693864,
    "f_aleatoric": 0.06622516556291391,
    "N_with_uncertainty": 453
  },
  "_n_train": 7506,
  "_n_trainable": 330497,
  "_best_epoch": 179,
  "_val_RMSE": 0.48211339880861176,
  "_elapsed_s": 18.77536916732788,
  "_protocol": "scratch",
  "_variant": "full",
  "_fraction": 1.0,
  "_seed": 456,
  "_approach": "filter"
}