{
  "eval": {
    "RMSE": 0.4811014572116264,
    "MAE": 0.3036593042620466,
    "R2": 0.8380098816364004,
    "N": 848,
    "PS_RMSE": 0.4809065078964251,
    "PS_R2": 0.7831352450550072,
    "N_solvents": 25
  },
  "ood": {
    "RMSE": 0.6860773043341879,
    "MAE": 0.5044156109412822,
    "R2": 0.5929826201023569,
    "N": 1500,
    "PS_RMSE": 0.5762162836821393,
    "PS_R2": -47.13084264272265,
    "N_solvents": 95
  },
  "sc3_gold": {
    "RMSE": 0.9334543024854536,
    "MAE": 0.6499155682240236,
    "R2": 0.3406951180305464,
    "N": 477,
    "PS_RMSE": 0.9773486768156566,
    "PS_R2": -2.2856758290205326,
    "N_solvents": 17,
    "Z_RMSE": 52.54495212500388,
    "f_aleatoric": 0.0640176600441501,
    "N_with_uncertainty": 453
  },
  "_n_train": 7506,
  "_n_trainable": 330497,
  "_best_epoch": 135,
  "_val_RMSE": 0.4811014572116264,
  "_elapsed_s": 15.110327959060669,
  "_protocol": "scratch",
  "_variant": "full",
  "_fraction": 1.0,
  "_seed": 789,
  "_approach": "filter"
}