{
  "eval": {
    "RMSE": 0.4909990780303342,
    "MAE": 0.3061089477153662,
    "R2": 0.8312761287899337,
    "N": 848,
    "PS_RMSE": 0.49762640353486937,
    "PS_R2": 0.7643311253008253,
    "N_solvents": 25
  },
  "ood": {
    "RMSE": 0.691120752621165,
    "MAE": 0.5018218819127263,
    "R2": 0.5869765441244336,
    "N": 1500,
    "PS_RMSE": 0.5858252160430162,
    "PS_R2": -35.68126680021134,
    "N_solvents": 95
  },
  "sc3_gold": {
    "RMSE": 0.9089882030827695,
    "MAE": 0.6253753772017153,
    "R2": 0.3748033217477241,
    "N": 477,
    "PS_RMSE": 0.9320768028802778,
    "PS_R2": -2.1032565628190953,
    "N_solvents": 17,
    "Z_RMSE": 50.15960939285113,
    "f_aleatoric": 0.09271523178807947,
    "N_with_uncertainty": 453
  },
  "_n_train": 7506,
  "_n_trainable": 330497,
  "_best_epoch": 99,
  "_val_RMSE": 0.4909990780303342,
  "_elapsed_s": 12.26258897781372,
  "_protocol": "scratch",
  "_variant": "full",
  "_fraction": 1.0,
  "_seed": 101,
  "_approach": "filter"
}