{
  "method": "fastprop_big",
  "fraction": 0.1,
  "seed": 42,
  "params": {
    "lr": 0.0005,
    "batch_size": 256,
    "hidden_dims": [
      1024,
      768,
      512,
      256,
      128
    ],
    "dropout": 0.35,
    "weight_decay": 0.001,
    "epochs": 400,
    "patience": 50,
    "lr_patience": 20
  },
  "wall_time_s": 20.865145444869995,
  "metrics": {
    "eval": {
      "RMSE": 0.5609821703467787,
      "MAE": 0.3783496779932541,
      "R2": 0.7616660997840894,
      "N": 6969,
      "PS_RMSE": 0.5529238551041195,
      "PS_R2": 0.7067094814719025,
      "N_solvents": 25
    },
    "ood": {
      "RMSE": 0.756046534383513,
      "MAE": 0.5522994216890946,
      "R2": 0.49256266670800286,
      "N": 11940,
      "PS_RMSE": 0.7248890360149854,
      "PS_R2": -38.389815354193956,
      "N_solvents": 146
    },
    "sc3_gold": {
      "RMSE": 0.7631776448538855,
      "MAE": 0.5885922303675419,
      "R2": 0.5765489871430189,
      "N": 4507,
      "PS_RMSE": 0.7958022311539378,
      "PS_R2": -13.367094955340255,
      "N_solvents": 26,
      "Z_RMSE": 44.18602549398681,
      "f_aleatoric": 0.05885763989562192,
      "N_with_uncertainty": 3449
    },
    "_n_train": 6140,
    "_best_epoch": 178,
    "_train_RMSE_at_best": 0.29595802813888583,
    "_val_RMSE_best": 0.5609821928703449,
    "_n_params": 1679361
  }
}