{
  "method": "lgb_rdkit",
  "fraction": 0.6,
  "seed": 42,
  "params": {
    "n_estimators": 3000,
    "learning_rate": 0.05,
    "num_leaves": 127,
    "min_child_samples": 10,
    "feature_fraction": 0.8,
    "bagging_fraction": 0.8,
    "bagging_freq": 5,
    "reg_alpha": 0.1,
    "reg_lambda": 5
  },
  "wall_time_s": 22.900444269180298,
  "metrics": {
    "eval": {
      "RMSE": 0.4903329671275429,
      "MAE": 0.3070443317385154,
      "R2": 0.8179167943497909,
      "N": 6969,
      "PS_RMSE": 0.4771166937917084,
      "PS_R2": 0.7921600806244256,
      "N_solvents": 25
    },
    "ood": {
      "RMSE": 0.61035241983165,
      "MAE": 0.4332481890727887,
      "R2": 0.6692904749616682,
      "N": 11940,
      "PS_RMSE": 0.5303544265284992,
      "PS_R2": -11.02162756065505,
      "N_solvents": 146
    },
    "sc3_gold": {
      "RMSE": 0.7266669645785448,
      "MAE": 0.5667374628680254,
      "R2": 0.6160959188514091,
      "N": 4507,
      "PS_RMSE": 0.6066044030186469,
      "PS_R2": -2.4370342409825065,
      "N_solvents": 26,
      "Z_RMSE": 40.76528408181435,
      "f_aleatoric": 0.07161496085821978,
      "N_with_uncertainty": 3449
    },
    "_n_train": 36842,
    "_best_iter": 1293
  }
}