{
  "eval": {
    "RMSE": 1.0007110405882254,
    "MAE": 0.7880123608633278,
    "R2": 0.28144146487893096,
    "N": 717,
    "PS_RMSE": 1.01317679519234,
    "PS_R2": 0.09384551665636504,
    "N_solvents": 25
  },
  "ood": {
    "RMSE": 1.1074505786478268,
    "MAE": 0.8513120771594151,
    "R2": -0.056823923117744535,
    "N": 1159,
    "PS_RMSE": 1.0048045108988255,
    "PS_R2": -6.910987968038162,
    "N_solvents": 77
  },
  "sc3_gold": {
    "RMSE": 0.9939737531954328,
    "MAE": 0.7588726234455893,
    "R2": 0.24891621557598853,
    "N": 666,
    "PS_RMSE": 0.9190869317346126,
    "PS_R2": -8130.480324779295,
    "N_solvents": 25
  },
  "_n_train": 7898,
  "_n_trainable": 129,
  "_best_epoch": 92,
  "_val_RMSE": 1.0007110405882254,
  "_elapsed_s": 7.050937652587891,
  "_protocol": "scratch",
  "_variant": "head_only",
  "_fraction": 1.0,
  "_seed": 101,
  "_approach": "interp"
}