{
  "eval": {
    "RMSE": 1.015394401883793,
    "MAE": 0.7835957967813258,
    "R2": 0.2602000472903403,
    "N": 717,
    "PS_RMSE": 1.0091342130739867,
    "PS_R2": 0.11865000067528754,
    "N_solvents": 25
  },
  "ood": {
    "RMSE": 1.0301042233106088,
    "MAE": 0.8047193535233444,
    "R2": 0.08564201388304427,
    "N": 1159,
    "PS_RMSE": 0.9228430636551811,
    "PS_R2": -12.163578759274191,
    "N_solvents": 77
  },
  "sc3_gold": {
    "RMSE": 0.9564970042329431,
    "MAE": 0.7516446153629102,
    "R2": 0.30448615274968827,
    "N": 666,
    "PS_RMSE": 0.7993940766527856,
    "PS_R2": -3079.4862271910497,
    "N_solvents": 25
  },
  "_n_train": 7898,
  "_n_trainable": 129,
  "_best_epoch": 185,
  "_val_RMSE": 1.015394401883793,
  "_elapsed_s": 12.103645086288452,
  "_protocol": "scratch",
  "_variant": "head_only",
  "_fraction": 1.0,
  "_seed": 123,
  "_approach": "interp"
}