{
  "eval": {
    "RMSE": 1.0067721295876055,
    "MAE": 0.7836953316333949,
    "R2": 0.2727107994864165,
    "N": 717,
    "PS_RMSE": 0.9981919557206616,
    "PS_R2": 0.1501259460718756,
    "N_solvents": 25
  },
  "ood": {
    "RMSE": 1.0938895797912962,
    "MAE": 0.824904058179571,
    "R2": -0.031100263000642947,
    "N": 1159,
    "PS_RMSE": 0.9693141372165777,
    "PS_R2": -7.681479352429488,
    "N_solvents": 77
  },
  "sc3_gold": {
    "RMSE": 1.0066385143825147,
    "MAE": 0.7754680940108066,
    "R2": 0.2296543439048342,
    "N": 666,
    "PS_RMSE": 0.9189850747414845,
    "PS_R2": -6348.74019091205,
    "N_solvents": 25
  },
  "_n_train": 7898,
  "_n_trainable": 129,
  "_best_epoch": 159,
  "_val_RMSE": 1.0067721295876055,
  "_elapsed_s": 9.9458909034729,
  "_protocol": "scratch",
  "_variant": "head_only",
  "_fraction": 1.0,
  "_seed": 456,
  "_approach": "interp"
}