{
  "eval": {
    "RMSE": 1.0413434421888021,
    "MAE": 0.8062162522302558,
    "R2": 0.22190478842382333,
    "N": 717,
    "PS_RMSE": 1.0321982889125514,
    "PS_R2": 0.0663881759470946,
    "N_solvents": 25
  },
  "ood": {
    "RMSE": 1.1414795029031553,
    "MAE": 0.8690652595900744,
    "R2": -0.12276835037377443,
    "N": 1159,
    "PS_RMSE": 1.0061795472337611,
    "PS_R2": -6.557431319128809,
    "N_solvents": 77
  },
  "sc3_gold": {
    "RMSE": 0.9974507040927718,
    "MAE": 0.7687957340749344,
    "R2": 0.24365239658439863,
    "N": 666,
    "PS_RMSE": 0.8467575448848826,
    "PS_R2": -2142.796380159352,
    "N_solvents": 25
  },
  "_n_train": 7898,
  "_n_trainable": 129,
  "_best_epoch": 78,
  "_val_RMSE": 1.0413434421888021,
  "_elapsed_s": 6.217084646224976,
  "_protocol": "scratch",
  "_variant": "head_only",
  "_fraction": 1.0,
  "_seed": 42,
  "_approach": "interp"
}