{
  "eval": {
    "RMSE": 1.010619879996175,
    "MAE": 0.7830782486947391,
    "R2": 0.2671409692413297,
    "N": 717,
    "PS_RMSE": 0.9992363735767608,
    "PS_R2": 0.12500431427070688,
    "N_solvents": 25
  },
  "ood": {
    "RMSE": 1.12850850105977,
    "MAE": 0.816230832809987,
    "R2": -0.097396566098777,
    "N": 1159,
    "PS_RMSE": 0.9881908844285928,
    "PS_R2": -6.174648600971973,
    "N_solvents": 77
  },
  "sc3_gold": {
    "RMSE": 1.046974277223737,
    "MAE": 0.7860764931130864,
    "R2": 0.16668235817977217,
    "N": 666,
    "PS_RMSE": 0.996359638848227,
    "PS_R2": -5022.731971570032,
    "N_solvents": 25
  },
  "_n_train": 7898,
  "_n_trainable": 129,
  "_best_epoch": 155,
  "_val_RMSE": 1.010619879996175,
  "_elapsed_s": 10.081985235214233,
  "_protocol": "scratch",
  "_variant": "head_only",
  "_fraction": 1.0,
  "_seed": 789,
  "_approach": "interp"
}