{
  "train_time_s": 140.31554985046387,
  "best_epoch": 53,
  "best_val_loss": 0.14893843233585358,
  "eval": {
    "RMSE": 0.47269356036719384,
    "MAE": 0.30648733312558274,
    "R2": 0.8307817980855697,
    "N": 6969,
    "PS_RMSE": 0.46581347730883443,
    "PS_R2": 0.7927599754741876,
    "N_solvents": 25
  },
  "test_hard": {
    "RMSE": 0.8738905503750612,
    "MAE": 0.6629321266251496,
    "R2": 0.444778876887052,
    "N": 4507,
    "PS_RMSE": 0.8154502320514259,
    "PS_R2": -7.472727753717681,
    "N_solvents": 26,
    "Z_RMSE": 50.27525760510354,
    "f_aleatoric": 0.06552623948970716,
    "N_with_uncertainty": 3449
  },
  "test_medium": {
    "RMSE": 0.8534556941466552,
    "MAE": 0.6475956297221702,
    "R2": 0.43410149726998537,
    "N": 5475,
    "PS_RMSE": 0.7886451783041324,
    "PS_R2": -4.8080990284360325,
    "N_solvents": 27,
    "Z_RMSE": 46.081800789880276,
    "f_aleatoric": 0.10018993352326686,
    "N_with_uncertainty": 4212
  },
  "test_easy": {
    "RMSE": 0.8339324442404015,
    "MAE": 0.6344367243592358,
    "R2": 0.4390071888438123,
    "N": 6331,
    "PS_RMSE": 0.7343870784926738,
    "PS_R2": -3.125680699497105,
    "N_solvents": 30,
    "Z_RMSE": 42.88391670324343,
    "f_aleatoric": 0.1538619135423069,
    "N_with_uncertainty": 4881
  },
  "artifacts": {
    "seed_dir": "/DATATWO/users/solubility/Dhairya/sc3-benchmark-descriptor-runner/results/hpo_fastsolv_trial_021/seed_42",
    "checkpoints_dir": "/DATATWO/users/solubility/Dhairya/sc3-benchmark-descriptor-runner/results/hpo_fastsolv_trial_021/seed_42/checkpoints",
    "predictions_dir": "/DATATWO/users/solubility/Dhairya/sc3-benchmark-descriptor-runner/results/hpo_fastsolv_trial_021/seed_42/predictions",
    "epoch_history_json": "/DATATWO/users/solubility/Dhairya/sc3-benchmark-descriptor-runner/results/hpo_fastsolv_trial_021/seed_42/epoch_history.json",
    "best_model_pkl": "/DATATWO/users/solubility/Dhairya/sc3-benchmark-descriptor-runner/results/hpo_fastsolv_trial_021/seed_42/best_model.pkl",
    "run_config_json": "/DATATWO/users/solubility/Dhairya/sc3-benchmark-descriptor-runner/results/hpo_fastsolv_trial_021/seed_42/run_config.json"
  }
}