{
  "eval": {
    "RMSE": 0.7399298674439326,
    "MAE": 0.4921733870333738,
    "R2": 0.5853622687273576,
    "N": 6969,
    "PS_RMSE": 0.7309567130561326,
    "PS_R2": 0.4728374019420254,
    "N_solvents": 25,
    "train_time_s": 2.230901002883911
  },
  "ood": {
    "RMSE": 0.9133472318771176,
    "MAE": 0.6306707614377061,
    "R2": 0.2594452091597451,
    "N": 11940,
    "PS_RMSE": 0.699301451755383,
    "PS_R2": -13.95158902834748,
    "N_solvents": 146,
    "train_time_s": 2.230901002883911
  },
  "sc3_gold": {
    "RMSE": 1.0881563574812199,
    "MAE": 0.8328806640244495,
    "R2": 0.13913608739985794,
    "N": 4507,
    "PS_RMSE": 0.9984719387379987,
    "PS_R2": -19.5631344429029,
    "N_solvents": 26,
    "Z_RMSE": 62.27289685160237,
    "f_aleatoric": 0.05131922296317773,
    "N_with_uncertainty": 3449,
    "train_time_s": 2.230901002883911
  },
  "sc3_silver": {
    "RMSE": 1.0683842766193012,
    "MAE": 0.8195023958365542,
    "R2": 0.11318800127551776,
    "N": 5475,
    "PS_RMSE": 0.9869378249803652,
    "PS_R2": -13.909069395184114,
    "N_solvents": 27,
    "Z_RMSE": 57.076219236371465,
    "f_aleatoric": 0.07075023741690409,
    "N_with_uncertainty": 4212,
    "train_time_s": 2.230901002883911
  },
  "sc3_bronze": {
    "RMSE": 1.1552188770741878,
    "MAE": 0.869341698708482,
    "R2": -0.07652497441203199,
    "N": 6331,
    "PS_RMSE": 0.974780113447006,
    "PS_R2": -6.155139505137103,
    "N_solvents": 30,
    "Z_RMSE": 53.61987865593625,
    "f_aleatoric": 0.10653554599467323,
    "N_with_uncertainty": 4881,
    "train_time_s": 2.230901002883911
  }
}