{
  "eval": {
    "RMSE": 0.7465213256653266,
    "MAE": 0.49659037566588915,
    "R2": 0.5779419961147028,
    "N": 6969,
    "PS_RMSE": 0.742685549010264,
    "PS_R2": 0.4427032795706333,
    "N_solvents": 25,
    "train_time_s": 2.31493878364563
  },
  "ood": {
    "RMSE": 0.921515032037132,
    "MAE": 0.6331935503359123,
    "R2": 0.24614085079455272,
    "N": 11940,
    "PS_RMSE": 0.7357840016221171,
    "PS_R2": -14.009279816772738,
    "N_solvents": 146,
    "train_time_s": 2.31493878364563
  },
  "sc3_gold": {
    "RMSE": 1.1320981072544403,
    "MAE": 0.8816910253802548,
    "R2": 0.06820575520433791,
    "N": 4507,
    "PS_RMSE": 0.9896861573437269,
    "PS_R2": -19.84387643996983,
    "N_solvents": 26,
    "Z_RMSE": 66.71146629839208,
    "f_aleatoric": 0.048709770948100896,
    "N_with_uncertainty": 3449,
    "train_time_s": 2.31493878364563
  },
  "sc3_silver": {
    "RMSE": 1.111919266650263,
    "MAE": 0.8690623622358294,
    "R2": 0.039443100656540775,
    "N": 5475,
    "PS_RMSE": 1.0030490004964736,
    "PS_R2": -14.278314140646652,
    "N_solvents": 27,
    "Z_RMSE": 60.91886977385547,
    "f_aleatoric": 0.06600189933523266,
    "N_with_uncertainty": 4212,
    "train_time_s": 2.31493878364563
  },
  "sc3_bronze": {
    "RMSE": 1.2123226585519795,
    "MAE": 0.9268060643774177,
    "R2": -0.1855831005313815,
    "N": 6331,
    "PS_RMSE": 0.9964551699339081,
    "PS_R2": -6.298482688367518,
    "N_solvents": 30,
    "Z_RMSE": 57.16461238537412,
    "f_aleatoric": 0.09649661954517517,
    "N_with_uncertainty": 4881,
    "train_time_s": 2.31493878364563
  }
}