{
  "eval": {
    "RMSE": 0.7464664745523226,
    "MAE": 0.4970566742147059,
    "R2": 0.5780040157783783,
    "N": 6969,
    "PS_RMSE": 0.7511926688361308,
    "PS_R2": 0.44734538775224536,
    "N_solvents": 25,
    "train_time_s": 2.2397420406341553
  },
  "ood": {
    "RMSE": 0.9379108885268315,
    "MAE": 0.6368158614821291,
    "R2": 0.21907645405344855,
    "N": 11940,
    "PS_RMSE": 0.7302895478673076,
    "PS_R2": -13.542919474228151,
    "N_solvents": 146,
    "train_time_s": 2.2397420406341553
  },
  "sc3_gold": {
    "RMSE": 1.1386351983430676,
    "MAE": 0.8613460628292868,
    "R2": 0.05741373967565777,
    "N": 4507,
    "PS_RMSE": 0.9771356256934662,
    "PS_R2": -15.177267062270428,
    "N_solvents": 26,
    "Z_RMSE": 65.2912242201446,
    "f_aleatoric": 0.05537837054218614,
    "N_with_uncertainty": 3449,
    "train_time_s": 2.2397420406341553
  },
  "sc3_silver": {
    "RMSE": 1.122925038386847,
    "MAE": 0.8503089118988499,
    "R2": 0.020333819141290732,
    "N": 5475,
    "PS_RMSE": 1.029589473800876,
    "PS_R2": -14.331647209455488,
    "N_solvents": 27,
    "Z_RMSE": 59.827581908469156,
    "f_aleatoric": 0.0698005698005698,
    "N_with_uncertainty": 4212,
    "train_time_s": 2.2397420406341553
  },
  "sc3_bronze": {
    "RMSE": 1.236359618747655,
    "MAE": 0.9244348446522033,
    "R2": -0.23306275370361007,
    "N": 6331,
    "PS_RMSE": 0.9956517835032667,
    "PS_R2": -5.362413710812692,
    "N_solvents": 30,
    "Z_RMSE": 56.529017306050875,
    "f_aleatoric": 0.08707232124564639,
    "N_with_uncertainty": 4881,
    "train_time_s": 2.2397420406341553
  }
}