{
  "eval": {
    "RMSE": 0.7592908542428025,
    "MAE": 0.5063872193798891,
    "R2": 0.5633795821203167,
    "N": 6969,
    "PS_RMSE": 0.7473418006049377,
    "PS_R2": 0.45419557865440136,
    "N_solvents": 25,
    "train_time_s": 2.2099130153656006
  },
  "ood": {
    "RMSE": 0.9237365384346338,
    "MAE": 0.6322920609616237,
    "R2": 0.24250179667858707,
    "N": 11940,
    "PS_RMSE": 0.7117681615355193,
    "PS_R2": -14.430989898169784,
    "N_solvents": 146,
    "train_time_s": 2.2099130153656006
  },
  "sc3_gold": {
    "RMSE": 1.104783842216096,
    "MAE": 0.8361797901004919,
    "R2": 0.1126263612288394,
    "N": 4507,
    "PS_RMSE": 1.0468674317150224,
    "PS_R2": -26.788500173976722,
    "N_solvents": 26,
    "Z_RMSE": 66.77280536439534,
    "f_aleatoric": 0.05015946651203247,
    "N_with_uncertainty": 3449,
    "train_time_s": 2.2099130153656006
  },
  "sc3_silver": {
    "RMSE": 1.087909539577764,
    "MAE": 0.827760356872133,
    "R2": 0.08047793578144702,
    "N": 5475,
    "PS_RMSE": 1.036096587179314,
    "PS_R2": -20.938975802605412,
    "N_solvents": 27,
    "Z_RMSE": 60.98451671096223,
    "f_aleatoric": 0.07383665716999051,
    "N_with_uncertainty": 4212,
    "train_time_s": 2.2099130153656006
  },
  "sc3_bronze": {
    "RMSE": 1.1518515675346968,
    "MAE": 0.8673434419645141,
    "R2": -0.07025826651544298,
    "N": 6331,
    "PS_RMSE": 1.033133596019563,
    "PS_R2": -8.101424504476515,
    "N_solvents": 30,
    "Z_RMSE": 57.17416364086391,
    "f_aleatoric": 0.10919893464454006,
    "N_with_uncertainty": 4881,
    "train_time_s": 2.2099130153656006
  }
}