{
  "eval": {
    "RMSE": 0.7710544674416436,
    "MAE": 0.5087869462201494,
    "R2": 0.5497457519600584,
    "N": 6969,
    "PS_RMSE": 0.7654850470544732,
    "PS_R2": 0.39678674641132716,
    "N_solvents": 25,
    "train_time_s": 2.228020668029785
  },
  "ood": {
    "RMSE": 0.9200037274989071,
    "MAE": 0.6240376239730573,
    "R2": 0.2486115137065824,
    "N": 11940,
    "PS_RMSE": 0.7341768747703655,
    "PS_R2": -16.06718736717743,
    "N_solvents": 146,
    "train_time_s": 2.228020668029785
  },
  "sc3_gold": {
    "RMSE": 1.12602607417596,
    "MAE": 0.8229227313774765,
    "R2": 0.0781743477565724,
    "N": 4507,
    "PS_RMSE": 1.0209135745178322,
    "PS_R2": -17.228248197010316,
    "N_solvents": 26,
    "Z_RMSE": 67.5613424637303,
    "f_aleatoric": 0.0585677007828356,
    "N_with_uncertainty": 3449,
    "train_time_s": 2.228020668029785
  },
  "sc3_silver": {
    "RMSE": 1.1039544210285979,
    "MAE": 0.811652912072306,
    "R2": 0.053155042032303146,
    "N": 5475,
    "PS_RMSE": 1.0336023664103653,
    "PS_R2": -15.166640879973764,
    "N_solvents": 27,
    "Z_RMSE": 61.7877764417052,
    "f_aleatoric": 0.08452041785375118,
    "N_with_uncertainty": 4212,
    "train_time_s": 2.228020668029785
  },
  "sc3_bronze": {
    "RMSE": 1.178466046115431,
    "MAE": 0.8582864969185509,
    "R2": -0.12028805139406007,
    "N": 6331,
    "PS_RMSE": 1.0117035648150923,
    "PS_R2": -7.2181341481256736,
    "N_solvents": 30,
    "Z_RMSE": 57.906023684301644,
    "f_aleatoric": 0.11370620774431468,
    "N_with_uncertainty": 4881,
    "train_time_s": 2.228020668029785
  }
}