{
  "method": "dt_rdkit",
  "display": "DT (RDKit)",
  "family": "Desc+Tree",
  "seeds": [
    42,
    101,
    123,
    456,
    789
  ],
  "params": {
    "max_depth": null,
    "min_samples_split": 10,
    "min_samples_leaf": 5
  },
  "aggregated": {
    "eval": {
      "RMSE_mean": 0.7526525978692056,
      "RMSE_std": 0.011139333386217776,
      "MAE_mean": 0.5001989205028015,
      "MAE_std": 0.006314328527372545,
      "R2_mean": 0.5708867229401628,
      "R2_std": 0.012753603255708474,
      "N_mean": 6969.0,
      "N_std": 0.0,
      "PS_RMSE_mean": 0.7475323557123876,
      "PS_RMSE_std": 0.011260344528589044,
      "PS_R2_mean": 0.44277367886612656,
      "PS_R2_std": 0.025179319588742782,
      "N_solvents_mean": 25.0,
      "N_solvents_std": 0.0,
      "train_time_s_mean": 2.2447031021118162,
      "train_time_s_std": 0.036432992677823996
    },
    "ood": {
      "RMSE_mean": 0.9233026836749243,
      "RMSE_std": 0.008084277452879035,
      "MAE_mean": 0.6314019716380856,
      "MAE_std": 0.00419715383007026,
      "R2_mean": 0.24315516487858319,
      "R2_std": 0.01329859248649319,
      "N_mean": 11940.0,
      "N_std": 0.0,
      "PS_RMSE_mean": 0.7222640075101385,
      "PS_RMSE_std": 0.014328696344646702,
      "PS_R2_mean": -14.400393116939117,
      "PS_R2_std": 0.8796357208636757,
      "N_solvents_mean": 146.0,
      "N_solvents_std": 0.0,
      "train_time_s_mean": 2.2447031021118162,
      "train_time_s_std": 0.036432992677823996
    },
    "sc3_gold": {
      "RMSE_mean": 1.117939915894157,
      "RMSE_std": 0.018731138141353635,
      "MAE_mean": 0.8470040547423918,
      "MAE_std": 0.021472885848957003,
      "R2_mean": 0.09111125825305308,
      "R2_std": 0.030321056551581578,
      "N_mean": 4507.0,
      "N_std": 0.0,
      "PS_RMSE_mean": 1.0066149456016091,
      "PS_RMSE_std": 0.02468455453153662,
      "PS_R2_mean": -19.720205263226042,
      "PS_R2_std": 3.9204310034857763,
      "N_solvents_mean": 26.0,
      "N_solvents_std": 0.0,
      "Z_RMSE_mean": 65.72194703965293,
      "Z_RMSE_std": 1.8734084688155803,
      "f_aleatoric_mean": 0.052826906349666566,
      "f_aleatoric_std": 0.003627832373352752,
      "N_with_uncertainty_mean": 3449.0,
      "N_with_uncertainty_std": 0.0,
      "train_time_s_mean": 2.2447031021118162,
      "train_time_s_std": 0.036432992677823996
    },
    "sc3_silver": {
      "RMSE_mean": 1.0990185084525546,
      "RMSE_std": 0.019100682281048924,
      "MAE_mean": 0.8356573877831345,
      "MAE_std": 0.021119285940834905,
      "R2_mean": 0.061319579777419884,
      "R2_std": 0.03250368700231145,
      "N_mean": 5475.0,
      "N_std": 0.0,
      "PS_RMSE_mean": 1.0178550505734787,
      "PS_RMSE_std": 0.019460330210695924,
      "PS_R2_mean": -15.724929485573085,
      "PS_R2_std": 2.639289468333775,
      "N_solvents_mean": 27.0,
      "N_solvents_std": 0.0,
      "Z_RMSE_mean": 60.1189928142727,
      "Z_RMSE_std": 1.6442119646684183,
      "f_aleatoric_mean": 0.07298195631528966,
      "f_aleatoric_std": 0.0062879184642913,
      "N_with_uncertainty_mean": 4212.0,
      "N_with_uncertainty_std": 0.0,
      "train_time_s_mean": 2.2447031021118162,
      "train_time_s_std": 0.036432992677823996
    },
    "sc3_bronze": {
      "RMSE_mean": 1.18684375360479,
      "RMSE_std": 0.032850471480547865,
      "MAE_mean": 0.8892425093242335,
      "MAE_std": 0.029944639762468965,
      "R2_mean": -0.13714342931130533,
      "R2_std": 0.06321272716964942,
      "N_mean": 6331.0,
      "N_std": 0.0,
      "PS_RMSE_mean": 1.0023448455437671,
      "PS_RMSE_std": 0.019364052241686688,
      "PS_R2_mean": -6.6271189113839,
      "PS_R2_std": 0.9437289402404182,
      "N_solvents_mean": 30.0,
      "N_solvents_std": 0.0,
      "Z_RMSE_mean": 56.47873913450536,
      "Z_RMSE_std": 1.4944423492960088,
      "f_aleatoric_mean": 0.1026019258348699,
      "f_aleatoric_std": 0.00959939949277576,
      "N_with_uncertainty_mean": 4881.0,
      "N_with_uncertainty_std": 0.0,
      "train_time_s_mean": 2.2447031021118162,
      "train_time_s_std": 0.036432992677823996
    }
  },
  "per_seed": {
    "42": {
      "eval": {
        "RMSE": 0.7465213256653266,
        "MAE": 0.49659037566588915,
        "R2": 0.5779419961147028,
        "N": 6969,
        "PS_RMSE": 0.742685549010264,
        "PS_R2": 0.4427032795706333,
        "N_solvents": 25,
        "train_time_s": 2.31493878364563
      },
      "ood": {
        "RMSE": 0.921515032037132,
        "MAE": 0.6331935503359123,
        "R2": 0.24614085079455272,
        "N": 11940,
        "PS_RMSE": 0.7357840016221171,
        "PS_R2": -14.009279816772738,
        "N_solvents": 146,
        "train_time_s": 2.31493878364563
      },
      "sc3_gold": {
        "RMSE": 1.1320981072544403,
        "MAE": 0.8816910253802548,
        "R2": 0.06820575520433791,
        "N": 4507,
        "PS_RMSE": 0.9896861573437269,
        "PS_R2": -19.84387643996983,
        "N_solvents": 26,
        "Z_RMSE": 66.71146629839208,
        "f_aleatoric": 0.048709770948100896,
        "N_with_uncertainty": 3449,
        "train_time_s": 2.31493878364563
      },
      "sc3_silver": {
        "RMSE": 1.111919266650263,
        "MAE": 0.8690623622358294,
        "R2": 0.039443100656540775,
        "N": 5475,
        "PS_RMSE": 1.0030490004964736,
        "PS_R2": -14.278314140646652,
        "N_solvents": 27,
        "Z_RMSE": 60.91886977385547,
        "f_aleatoric": 0.06600189933523266,
        "N_with_uncertainty": 4212,
        "train_time_s": 2.31493878364563
      },
      "sc3_bronze": {
        "RMSE": 1.2123226585519795,
        "MAE": 0.9268060643774177,
        "R2": -0.1855831005313815,
        "N": 6331,
        "PS_RMSE": 0.9964551699339081,
        "PS_R2": -6.298482688367518,
        "N_solvents": 30,
        "Z_RMSE": 57.16461238537412,
        "f_aleatoric": 0.09649661954517517,
        "N_with_uncertainty": 4881,
        "train_time_s": 2.31493878364563
      }
    },
    "101": {
      "eval": {
        "RMSE": 0.7464664745523226,
        "MAE": 0.4970566742147059,
        "R2": 0.5780040157783783,
        "N": 6969,
        "PS_RMSE": 0.7511926688361308,
        "PS_R2": 0.44734538775224536,
        "N_solvents": 25,
        "train_time_s": 2.2397420406341553
      },
      "ood": {
        "RMSE": 0.9379108885268315,
        "MAE": 0.6368158614821291,
        "R2": 0.21907645405344855,
        "N": 11940,
        "PS_RMSE": 0.7302895478673076,
        "PS_R2": -13.542919474228151,
        "N_solvents": 146,
        "train_time_s": 2.2397420406341553
      },
      "sc3_gold": {
        "RMSE": 1.1386351983430676,
        "MAE": 0.8613460628292868,
        "R2": 0.05741373967565777,
        "N": 4507,
        "PS_RMSE": 0.9771356256934662,
        "PS_R2": -15.177267062270428,
        "N_solvents": 26,
        "Z_RMSE": 65.2912242201446,
        "f_aleatoric": 0.05537837054218614,
        "N_with_uncertainty": 3449,
        "train_time_s": 2.2397420406341553
      },
      "sc3_silver": {
        "RMSE": 1.122925038386847,
        "MAE": 0.8503089118988499,
        "R2": 0.020333819141290732,
        "N": 5475,
        "PS_RMSE": 1.029589473800876,
        "PS_R2": -14.331647209455488,
        "N_solvents": 27,
        "Z_RMSE": 59.827581908469156,
        "f_aleatoric": 0.0698005698005698,
        "N_with_uncertainty": 4212,
        "train_time_s": 2.2397420406341553
      },
      "sc3_bronze": {
        "RMSE": 1.236359618747655,
        "MAE": 0.9244348446522033,
        "R2": -0.23306275370361007,
        "N": 6331,
        "PS_RMSE": 0.9956517835032667,
        "PS_R2": -5.362413710812692,
        "N_solvents": 30,
        "Z_RMSE": 56.529017306050875,
        "f_aleatoric": 0.08707232124564639,
        "N_with_uncertainty": 4881,
        "train_time_s": 2.2397420406341553
      }
    },
    "123": {
      "eval": {
        "RMSE": 0.7592908542428025,
        "MAE": 0.5063872193798891,
        "R2": 0.5633795821203167,
        "N": 6969,