{
  "train_time_s": 30.18500065803528,
  "best_epoch": 22,
  "best_val_loss": 0.21237774193286896,
  "eval": {
    "RMSE": 0.4608445988444697,
    "MAE": 0.2949686933351055,
    "R2": 0.8391590209296725,
    "N": 6969,
    "PS_RMSE": 0.45222456460271127,
    "PS_R2": 0.8134387188995212,
    "N_solvents": 25
  },
  "test_hard": {
    "RMSE": 0.8668499493114322,
    "MAE": 0.6199868986408097,
    "R2": 0.45368924536959765,
    "N": 4507,
    "PS_RMSE": 0.8001246264026243,
    "PS_R2": -9.598958636949408,
    "N_solvents": 26,
    "Z_RMSE": 50.067147870541085,
    "f_aleatoric": 0.05363873586546825,
    "N_with_uncertainty": 3449
  },
  "test_medium": {
    "RMSE": 0.8303807482644018,
    "MAE": 0.5975885486420612,
    "R2": 0.46428830439687174,
    "N": 5475,
    "PS_RMSE": 0.7524875652000946,
    "PS_R2": -5.749003605022814,
    "N_solvents": 27,
    "Z_RMSE": 45.613126917327094,
    "f_aleatoric": 0.08784425451092118,
    "N_with_uncertainty": 4212
  },
  "test_easy": {
    "RMSE": 0.8012192221527753,
    "MAE": 0.5779088267252371,
    "R2": 0.482156803185978,
    "N": 6331,
    "PS_RMSE": 0.6939472492904525,
    "PS_R2": -1.6759316958358752,
    "N_solvents": 30,
    "Z_RMSE": 42.42608303753672,
    "f_aleatoric": 0.14812538414259374,
    "N_with_uncertainty": 4881
  },
  "artifacts": {
    "seed_dir": "/DATATWO/users/solubility/Dhairya/sc3-benchmark-descriptor-runner/results/hpo_mlp_trial_012/seed_42",
    "checkpoints_dir": "/DATATWO/users/solubility/Dhairya/sc3-benchmark-descriptor-runner/results/hpo_mlp_trial_012/seed_42/checkpoints",
    "predictions_dir": "/DATATWO/users/solubility/Dhairya/sc3-benchmark-descriptor-runner/results/hpo_mlp_trial_012/seed_42/predictions",
    "epoch_history_json": "/DATATWO/users/solubility/Dhairya/sc3-benchmark-descriptor-runner/results/hpo_mlp_trial_012/seed_42/epoch_history.json",
    "best_model_pkl": "/DATATWO/users/solubility/Dhairya/sc3-benchmark-descriptor-runner/results/hpo_mlp_trial_012/seed_42/best_model.pkl",
    "run_config_json": "/DATATWO/users/solubility/Dhairya/sc3-benchmark-descriptor-runner/results/hpo_mlp_trial_012/seed_42/run_config.json"
  }
}