{
  "method": "hpo_descriptor_fastsolv",
  "n_seeds": 27,
  "eval_RMSE_mean": 0.48459730193400213,
  "eval_RMSE_std": 0.016158132349760396,
  "eval_MAE_mean": 0.3161104325957702,
  "eval_MAE_std": 0.020312525588064602,
  "eval_R2_mean": 0.8219539835622032,
  "eval_R2_std": 0.012016209424362679,
  "eval_PS_RMSE_mean": 0.4801247622651242,
  "eval_PS_RMSE_std": 0.021675144552156824,
  "eval_PS_R2_mean": 0.7839263250656041,
  "eval_PS_R2_std": 0.018457800295481937,
  "test_hard_RMSE_mean": 0.8460548497470938,
  "test_hard_RMSE_std": 0.05311507074598188,
  "test_hard_MAE_mean": 0.6301919062188895,
  "test_hard_MAE_std": 0.029103148637294362,
  "test_hard_R2_mean": 0.4775349438614081,
  "test_hard_R2_std": 0.06858144688380119,
  "test_hard_PS_RMSE_mean": 0.8261530612165067,
  "test_hard_PS_RMSE_std": 0.04979052172979582,
  "test_hard_PS_R2_mean": -12.970583179584601,
  "test_hard_PS_R2_std": 4.360593264856559,
  "test_hard_Z_RMSE_mean": 48.21103466836975,
  "test_hard_Z_RMSE_std": 3.3411679727693837,
  "test_medium_RMSE_mean": 0.8224255878830101,
  "test_medium_RMSE_std": 0.045787369732401925,
  "test_medium_MAE_mean": 0.6136154043418145,
  "test_medium_MAE_std": 0.02735682837053709,
  "test_medium_R2_mean": 0.47287471815036436,
  "test_medium_R2_std": 0.06116348719499172,
  "test_medium_PS_RMSE_mean": 0.7833887522946031,
  "test_medium_PS_RMSE_std": 0.04621231040816032,
  "test_medium_PS_R2_mean": -7.6653435679814415,
  "test_medium_PS_R2_std": 3.536232805170741,
  "test_medium_Z_RMSE_mean": 44.03000522724844,
  "test_medium_Z_RMSE_std": 3.0081033624090763,
  "test_easy_RMSE_mean": 0.8014304176745499,
  "test_easy_RMSE_std": 0.04459485153260848,
  "test_easy_MAE_mean": 0.5986049558315012,
  "test_easy_MAE_std": 0.027595858972923153,
  "test_easy_R2_mean": 0.4802795438885981,
  "test_easy_R2_std": 0.06000846841138235,
  "test_easy_PS_RMSE_mean": 0.7256329508494764,
  "test_easy_PS_RMSE_std": 0.046580641581932224,
  "test_easy_PS_R2_mean": -2.525758315236353,
  "test_easy_PS_R2_std": 1.2854113966355807,
  "test_easy_Z_RMSE_mean": 40.950487485233594,
  "test_easy_Z_RMSE_std": 2.7888040303293984,
  "train_time_mean_s": 192.33422439186663
}