{
  "method": "hpo_gnn_gat",
  "n_seeds": 30,
  "eval_RMSE_mean": 0.5552709955640845,
  "eval_RMSE_std": 0.03846488151038958,
  "eval_MAE_mean": 0.36210320839293453,
  "eval_MAE_std": 0.03710223773464314,
  "eval_R2_mean": 0.7653736828843238,
  "eval_R2_std": 0.03543753310154129,
  "eval_PS_RMSE_mean": 0.5429498523917009,
  "eval_PS_RMSE_std": 0.04302229655989983,
  "eval_PS_R2_mean": 0.713884914023389,
  "eval_PS_R2_std": 0.05130964940532044,
  "test_hard_RMSE_mean": 1.1102030108887488,
  "test_hard_RMSE_std": 0.061978648829352334,
  "test_hard_MAE_mean": 0.855323650935345,
  "test_hard_MAE_std": 0.04985408124538116,
  "test_hard_R2_mean": 0.10110677393150347,
  "test_hard_R2_std": 0.09900787443186422,
  "test_hard_PS_RMSE_mean": 1.0505550865173148,
  "test_hard_PS_RMSE_std": 0.09646747835804464,
  "test_hard_PS_R2_mean": -27.894059448248978,
  "test_hard_PS_R2_std": 15.529574094589814,
  "test_hard_Z_RMSE_mean": 64.84890783558635,
  "test_hard_Z_RMSE_std": 4.0880875533341,
  "test_medium_RMSE_mean": 1.0737665011490398,
  "test_medium_RMSE_std": 0.05794448425441955,
  "test_medium_MAE_mean": 0.8276437659244754,
  "test_medium_MAE_std": 0.046012639641351646,
  "test_medium_R2_mean": 0.10162190925173636,
  "test_medium_R2_std": 0.09627489000354808,
  "test_medium_PS_RMSE_mean": 0.9940583269807248,
  "test_medium_PS_RMSE_std": 0.08644048185070506,
  "test_medium_PS_R2_mean": -21.16559780033882,
  "test_medium_PS_R2_std": 16.046676723956264,
  "test_medium_Z_RMSE_mean": 59.14504417934537,
  "test_medium_Z_RMSE_std": 3.722178049052522,
  "test_easy_RMSE_mean": 1.053893319076052,
  "test_easy_RMSE_std": 0.05506756852430911,
  "test_easy_MAE_mean": 0.8138692870593599,
  "test_easy_MAE_std": 0.04385361727451711,
  "test_easy_R2_mean": 0.10159333727490356,
  "test_easy_R2_std": 0.09325048863363367,
  "test_easy_PS_RMSE_mean": 0.9307168325580343,
  "test_easy_PS_RMSE_std": 0.07145081693493875,
  "test_easy_PS_R2_mean": -6.071703239128924,
  "test_easy_PS_R2_std": 2.778306129170577,
  "test_easy_Z_RMSE_mean": 55.04301225102524,
  "test_easy_Z_RMSE_std": 3.4517566752254365,
  "train_time_mean_s": 1109.5325262387594
}