{
  "train_time_s": 25.838093757629395,
  "best_epoch": 28,
  "best_val_loss": 0.22954726219177246,
  "eval": {
    "RMSE": 0.47911090325427697,
    "MAE": 0.30122083388618265,
    "R2": 0.8261559572426048,
    "N": 6969,
    "PS_RMSE": 0.47087101034366396,
    "PS_R2": 0.7915430196065294,
    "N_solvents": 25
  },
  "test_hard": {
    "RMSE": 0.8764437092558521,
    "MAE": 0.6417483606860955,
    "R2": 0.44152986927659654,
    "N": 4507,
    "PS_RMSE": 0.8171718988926404,
    "PS_R2": -10.895834660393843,
    "N_solvents": 26,
    "Z_RMSE": 50.857153962449345,
    "f_aleatoric": 0.07480429109886924,
    "N_with_uncertainty": 3449
  },
  "test_medium": {
    "RMSE": 0.8460125542479826,
    "MAE": 0.6244652896069818,
    "R2": 0.44392905992109866,
    "N": 5475,
    "PS_RMSE": 0.7694351444746251,
    "PS_R2": -6.042302190377671,
    "N_solvents": 27,
    "Z_RMSE": 46.398448847034466,
    "f_aleatoric": 0.10944919278252611,
    "N_with_uncertainty": 4212
  },
  "test_easy": {
    "RMSE": 0.8187104505084091,
    "MAE": 0.6017369946922329,
    "R2": 0.45930018227072644,
    "N": 6331,
    "PS_RMSE": 0.7128184717559971,
    "PS_R2": -1.6152098197830915,
    "N_solvents": 30,
    "Z_RMSE": 43.13210293917843,
    "f_aleatoric": 0.1786519155910674,
    "N_with_uncertainty": 4881
  },
  "artifacts": {
    "seed_dir": "/DATATWO/users/solubility/Dhairya/sc3-benchmark-descriptor-runner/results/hpo_mlp_trial_011/seed_42",
    "checkpoints_dir": "/DATATWO/users/solubility/Dhairya/sc3-benchmark-descriptor-runner/results/hpo_mlp_trial_011/seed_42/checkpoints",
    "predictions_dir": "/DATATWO/users/solubility/Dhairya/sc3-benchmark-descriptor-runner/results/hpo_mlp_trial_011/seed_42/predictions",
    "epoch_history_json": "/DATATWO/users/solubility/Dhairya/sc3-benchmark-descriptor-runner/results/hpo_mlp_trial_011/seed_42/epoch_history.json",
    "best_model_pkl": "/DATATWO/users/solubility/Dhairya/sc3-benchmark-descriptor-runner/results/hpo_mlp_trial_011/seed_42/best_model.pkl",
    "run_config_json": "/DATATWO/users/solubility/Dhairya/sc3-benchmark-descriptor-runner/results/hpo_mlp_trial_011/seed_42/run_config.json"
  }
}