{
  "method": "UniMolMLP",
  "n_seeds": 5,
  "eval_RMSE_mean": 0.4974916682166861,
  "eval_RMSE_std": 0.004269588230409869,
  "eval_MAE_mean": 0.31004737626541484,
  "eval_MAE_std": 0.004045625301757236,
  "eval_R2_mean": 0.8125474664891339,
  "eval_R2_std": 0.0032153704785692194,
  "eval_PS_RMSE_mean": 0.4672597200237516,
  "eval_PS_RMSE_std": 0.003293451183315531,
  "eval_PS_R2_mean": 0.7903385172273404,
  "eval_PS_R2_std": 0.0033428672566391533,
  "test_ood_RMSE_mean": 0.658830422422644,
  "test_ood_RMSE_std": 0.010960637285956015,
  "test_ood_MAE_mean": 0.46721662299894656,
  "test_ood_MAE_std": 0.008384761536890332,
  "test_ood_R2_mean": 0.6145635011260973,
  "test_ood_R2_std": 0.012809475704911255,
  "test_ood_PS_RMSE_mean": 0.5603283314688312,
  "test_ood_PS_RMSE_std": 0.01388372528742107,
  "test_ood_PS_R2_mean": -12.758162729444237,
  "test_ood_PS_R2_std": 1.8966131402058592,
  "test_gold_RMSE_mean": 0.8632476011132602,
  "test_gold_RMSE_std": 0.008898064848709822,
  "test_gold_MAE_mean": 0.6788781784110816,
  "test_gold_MAE_std": 0.005086202308380206,
  "test_gold_R2_mean": 0.45816282965184973,
  "test_gold_R2_std": 0.011205954473438064,
  "test_gold_PS_RMSE_mean": 0.8485443781579549,
  "test_gold_PS_RMSE_std": 0.023875398078594737,
  "test_gold_PS_R2_mean": -12.76914325552988,
  "test_gold_PS_R2_std": 2.5219453082324024,
  "test_gold_Z_RMSE_mean": 47.77430050875887,
  "test_gold_Z_RMSE_std": 0.7999022533996414,
  "test_gold_f_aleatoric_mean": 0.05340678457523921,
  "test_gold_f_aleatoric_std": 0.00866602738717142,
  "test_silver_RMSE_mean": 0.8377446860773649,
  "test_silver_RMSE_std": 0.010428815914634166,
  "test_silver_MAE_mean": 0.6542515179921148,
  "test_silver_MAE_std": 0.007688346609128044,
  "test_silver_R2_mean": 0.4546601366548854,
  "test_silver_R2_std": 0.013661069302276462,
  "test_silver_PS_RMSE_mean": 0.8073303655058724,
  "test_silver_PS_RMSE_std": 0.020619294333907568,
  "test_silver_PS_R2_mean": -10.318050213670489,
  "test_silver_PS_R2_std": 2.436256688611294,
  "test_silver_Z_RMSE_mean": 43.50382764372484,
  "test_silver_Z_RMSE_std": 0.7375602969531512,
  "test_silver_f_aleatoric_mean": 0.08784425451092118,
  "test_silver_f_aleatoric_std": 0.00822436280896903,
  "test_bronze_RMSE_mean": 0.8218264512516221,
  "test_bronze_RMSE_std": 0.011021559098292624,
  "test_bronze_MAE_mean": 0.6455144436652311,
  "test_bronze_MAE_std": 0.008981690082318557,
  "test_bronze_R2_mean": 0.4550785677994799,
  "test_bronze_R2_std": 0.014729772472391408,
  "test_bronze_PS_RMSE_mean": 0.7441895720553834,
  "test_bronze_PS_RMSE_std": 0.020475400423622843,
  "test_bronze_PS_R2_mean": -4.302984565567565,
  "test_bronze_PS_R2_std": 1.2765826601136971,
  "test_bronze_Z_RMSE_mean": 40.49333547743358,
  "test_bronze_Z_RMSE_std": 0.6931415210520521,
  "test_bronze_f_aleatoric_mean": 0.13136652325343165,
  "test_bronze_f_aleatoric_std": 0.006972290489970183,
  "train_time_mean_s": 25.17560887336731
}