{
  "eval": {
    "RMSE": 0.9907019788848642,
    "MAE": 0.7735411935427692,
    "R2": 0.3130877854089349,
    "N": 848,
    "PS_RMSE": 1.0066779680108624,
    "PS_R2": 0.08424916241628547,
    "N_solvents": 25
  },
  "ood": {
    "RMSE": 1.0685625521119615,
    "MAE": 0.8445347929326041,
    "R2": 0.012659961599992275,
    "N": 1500,
    "PS_RMSE": 0.9090182616240211,
    "PS_R2": -46.13496153683723,
    "N_solvents": 95
  },
  "sc3_gold": {
    "RMSE": 1.029377306194554,
    "MAE": 0.7789243181866732,
    "R2": 0.19823084025822646,
    "N": 477,
    "PS_RMSE": 1.0001395812788687,
    "PS_R2": -2.9397948673384957,
    "N_solvents": 17,
    "Z_RMSE": 60.35405623654013,
    "f_aleatoric": 0.046357615894039736,
    "N_with_uncertainty": 453
  },
  "_n_train": 7506,
  "_n_trainable": 129,
  "_best_epoch": 109,
  "_val_RMSE": 0.9907019788848642,
  "_elapsed_s": 8.36166000366211,
  "_protocol": "scratch",
  "_variant": "head_only",
  "_fraction": 1.0,
  "_seed": 101,
  "_approach": "filter"
}