{
  "eval": {
    "RMSE": 1.0233978907812669,
    "MAE": 0.7874981413484454,
    "R2": 0.2669995973995003,
    "N": 848,
    "PS_RMSE": 1.0189451875291176,
    "PS_R2": 0.05424229534748788,
    "N_solvents": 25
  },
  "ood": {
    "RMSE": 1.1562441209210954,
    "MAE": 0.8988690079527442,
    "R2": -0.15602153224724868,
    "N": 1500,
    "PS_RMSE": 0.9411001669463017,
    "PS_R2": -96.45785364930967,
    "N_solvents": 95
  },
  "sc3_gold": {
    "RMSE": 0.9975629495202403,
    "MAE": 0.7674186811577411,
    "R2": 0.24702459755805217,
    "N": 477,
    "PS_RMSE": 0.9193024632505624,
    "PS_R2": -1.4695266507285998,
    "N_solvents": 17,
    "Z_RMSE": 58.007789357754376,
    "f_aleatoric": 0.05077262693156733,
    "N_with_uncertainty": 453
  },
  "_n_train": 7506,
  "_n_trainable": 129,
  "_best_epoch": 127,
  "_val_RMSE": 1.0233978907812669,
  "_elapsed_s": 8.985939502716064,
  "_protocol": "scratch",
  "_variant": "head_only",
  "_fraction": 1.0,
  "_seed": 42,
  "_approach": "filter"
}