{
  "eval": {
    "RMSE": 1.0067880592187448,
    "MAE": 0.7743267225324536,
    "R2": 0.29059982679316254,
    "N": 848,
    "PS_RMSE": 1.0020346779986788,
    "PS_R2": 0.10759531479266336,
    "N_solvents": 25
  },
  "ood": {
    "RMSE": 1.0422510377575678,
    "MAE": 0.8340115864229544,
    "R2": 0.060684430916953636,
    "N": 1500,
    "PS_RMSE": 0.9221279453303723,
    "PS_R2": -134.95009697625545,
    "N_solvents": 95
  },
  "sc3_gold": {
    "RMSE": 1.0272760935726841,
    "MAE": 0.7865203566716464,
    "R2": 0.20150071620575927,
    "N": 477,
    "PS_RMSE": 0.9847596061698349,
    "PS_R2": -2.017590204394555,
    "N_solvents": 17,
    "Z_RMSE": 59.51630278451129,
    "f_aleatoric": 0.04856512141280353,
    "N_with_uncertainty": 453
  },
  "_n_train": 7506,
  "_n_trainable": 129,
  "_best_epoch": 163,
  "_val_RMSE": 1.0067880592187448,
  "_elapsed_s": 10.135745525360107,
  "_protocol": "scratch",
  "_variant": "head_only",
  "_fraction": 1.0,
  "_seed": 456,
  "_approach": "filter"
}