{
  "eval": {
    "RMSE": 1.0236009072260857,
    "MAE": 0.7885130618974557,
    "R2": 0.2667087508044007,
    "N": 848,
    "PS_RMSE": 1.0233564788258318,
    "PS_R2": 0.06505573983540235,
    "N_solvents": 25
  },
  "ood": {
    "RMSE": 1.073542404371255,
    "MAE": 0.836405020666852,
    "R2": 0.0034358605313256074,
    "N": 1500,
    "PS_RMSE": 0.9901228658789132,
    "PS_R2": -121.64308761344782,
    "N_solvents": 95
  },
  "sc3_gold": {
    "RMSE": 0.9955494091176066,
    "MAE": 0.7742883552927954,
    "R2": 0.2500612304957426,
    "N": 477,
    "PS_RMSE": 0.9330337640956762,
    "PS_R2": -0.5422504394431965,
    "N_solvents": 17,
    "Z_RMSE": 58.093516959101706,
    "f_aleatoric": 0.037527593818984545,
    "N_with_uncertainty": 453
  },
  "_n_train": 7506,
  "_n_trainable": 129,
  "_best_epoch": 224,
  "_val_RMSE": 1.0236009072260857,
  "_elapsed_s": 14.230398178100586,
  "_protocol": "scratch",
  "_variant": "head_only",
  "_fraction": 1.0,
  "_seed": 123,
  "_approach": "filter"
}