{
  "eval": {
    "RMSE": 0.9993422147538147,
    "MAE": 0.7653601314902156,
    "R2": 0.3010539657851494,
    "N": 848,
    "PS_RMSE": 0.9863269972411838,
    "PS_R2": 0.12392999274113038,
    "N_solvents": 25
  },
  "ood": {
    "RMSE": 1.064343593689375,
    "MAE": 0.8433422587988122,
    "R2": 0.020441112531761063,
    "N": 1500,
    "PS_RMSE": 0.9337619969811551,
    "PS_R2": -117.09099507899876,
    "N_solvents": 95
  },
  "sc3_gold": {
    "RMSE": 1.1024251091742456,
    "MAE": 0.8481088235888403,
    "R2": 0.0804012747217151,
    "N": 477,
    "PS_RMSE": 1.023688228306134,
    "PS_R2": -1.1581733099983709,
    "N_solvents": 17,
    "Z_RMSE": 63.402340571954134,
    "f_aleatoric": 0.019867549668874173,
    "N_with_uncertainty": 453
  },
  "_n_train": 7506,
  "_n_trainable": 129,
  "_best_epoch": 91,
  "_val_RMSE": 0.9993422147538147,
  "_elapsed_s": 6.587328910827637,
  "_protocol": "scratch",
  "_variant": "head_only",
  "_fraction": 1.0,
  "_seed": 789,
  "_approach": "filter"
}