{
  "method": "fastprop_big",
  "fractions": [
    0.05,
    0.1,
    0.2,
    0.4,
    0.6,
    0.8,
    1.0
  ],
  "seeds": [
    42,
    101
  ],
  "by_fraction": {
    "0.050": {
      "aggregated": {
        "eval": {
          "RMSE_mean": 0.6761111352230041,
          "RMSE_std": 0.0,
          "RMSE_n": 1,
          "MAE_mean": 0.47356878507832273,
          "MAE_std": 0.0,
          "MAE_n": 1,
          "R2_mean": 0.6538025372572223,
          "R2_std": 0.0,
          "R2_n": 1,
          "N_mean": 6969.0,
          "N_std": 0.0,
          "N_n": 1,
          "PS_RMSE_mean": 0.6631914444153394,
          "PS_RMSE_std": 0.0,
          "PS_RMSE_n": 1,
          "PS_R2_mean": 0.5756081527429882,
          "PS_R2_std": 0.0,
          "PS_R2_n": 1,
          "N_solvents_mean": 25.0,
          "N_solvents_std": 0.0,
          "N_solvents_n": 1
        },
        "ood": {
          "RMSE_mean": 0.7952700948304134,
          "RMSE_std": 0.0,
          "RMSE_n": 1,
          "MAE_mean": 0.5939388568009101,
          "MAE_std": 0.0,
          "MAE_n": 1,
          "R2_mean": 0.43854537282996875,
          "R2_std": 0.0,
          "R2_n": 1,
          "N_mean": 11940.0,
          "N_std": 0.0,
          "N_n": 1,
          "PS_RMSE_mean": 0.7865353658127989,
          "PS_RMSE_std": 0.0,
          "PS_RMSE_n": 1,
          "PS_R2_mean": -46.394965087871164,
          "PS_R2_std": 0.0,
          "PS_R2_n": 1,
          "N_solvents_mean": 146.0,
          "N_solvents_std": 0.0,
          "N_solvents_n": 1
        },
        "sc3_gold": {
          "RMSE_mean": 0.7805586245555146,
          "RMSE_std": 0.0,
          "RMSE_n": 1,
          "MAE_mean": 0.6160334092275939,
          "MAE_std": 0.0,
          "MAE_n": 1,
          "R2_mean": 0.5570415931603441,
          "R2_std": 0.0,
          "R2_n": 1,
          "N_mean": 4507.0,
          "N_std": 0.0,
          "N_n": 1,
          "PS_RMSE_mean": 0.7401863627407489,
          "PS_RMSE_std": 0.0,
          "PS_RMSE_n": 1,
          "PS_R2_mean": -5.778316474641345,
          "PS_R2_std": 0.0,
          "PS_R2_n": 1,
          "N_solvents_mean": 26.0,
          "N_solvents_std": 0.0,
          "N_solvents_n": 1,
          "Z_RMSE_mean": 45.38429917813704,
          "Z_RMSE_std": 0.0,
          "Z_RMSE_n": 1,
          "f_aleatoric_mean": 0.06349666570020296,
          "f_aleatoric_std": 0.0,
          "f_aleatoric_n": 1,
          "N_with_uncertainty_mean": 3449.0,
          "N_with_uncertainty_std": 0.0,
          "N_with_uncertainty_n": 1
        }
      },
      "n_train_mean": 3070.0,
      "diagnostics": {
        "_train_RMSE_at_best": 0.3321715349256061,
        "_val_RMSE_best": 0.6761111297736282,
        "_n_params": 1679361.0,
        "_best_epoch": 177.0,
        "_n_train": 3070.0
      }
    },
    "0.100": {
      "aggregated": {
        "eval": {
          "RMSE_mean": 0.5609821703467787,
          "RMSE_std": 0.0,
          "RMSE_n": 1,
          "MAE_mean": 0.3783496779932541,
          "MAE_std": 0.0,
          "MAE_n": 1,
          "R2_mean": 0.7616660997840894,
          "R2_std": 0.0,
          "R2_n": 1,
          "N_mean": 6969.0,
          "N_std": 0.0,
          "N_n": 1,
          "PS_RMSE_mean": 0.5529238551041195,
          "PS_RMSE_std": 0.0,
          "PS_RMSE_n": 1,
          "PS_R2_mean": 0.7067094814719025,
          "PS_R2_std": 0.0,
          "PS_R2_n": 1,
          "N_solvents_mean": 25.0,
          "N_solvents_std": 0.0,
          "N_solvents_n": 1
        },
        "ood": {
          "RMSE_mean": 0.756046534383513,
          "RMSE_std": 0.0,
          "RMSE_n": 1,
          "MAE_mean": 0.5522994216890946,
          "MAE_std": 0.0,
          "MAE_n": 1,
          "R2_mean": 0.49256266670800286,
          "R2_std": 0.0,
          "R2_n": 1,
          "N_mean": 11940.0,
          "N_std": 0.0,
          "N_n": 1,
          "PS_RMSE_mean": 0.7248890360149854,
          "PS_RMSE_std": 0.0,
          "PS_RMSE_n": 1,
          "PS_R2_mean": -38.389815354193956,
          "PS_R2_std": 0.0,
          "PS_R2_n": 1,
          "N_solvents_mean": 146.0,
          "N_solvents_std": 0.0,
          "N_solvents_n": 1
        },
        "sc3_gold": {
          "RMSE_mean": 0.7631776448538855,
          "RMSE_std": 0.0,
          "RMSE_n": 1,
          "MAE_mean": 0.5885922303675419,
          "MAE_std": 0.0,
          "MAE_n": 1,
          "R2_mean": 0.5765489871430189,
          "R2_std": 0.0,
          "R2_n": 1,
          "N_mean": 4507.0,
          "N_std": 0.0,
          "N_n": 1,
          "PS_RMSE_mean": 0.7958022311539378,
          "PS_RMSE_std": 0.0,
          "PS_RMSE_n": 1,
          "PS_R2_mean": -13.367094955340255,
          "PS_R2_std": 0.0,
          "PS_R2_n": 1,
          "N_solvents_mean": 26.0,
          "N_solvents_std": 0.0,
          "N_solvents_n": 1,
          "Z_RMSE_mean": 44.18602549398681,
          "Z_RMSE_std": 0.0,
          "Z_RMSE_n": 1,
          "f_aleatoric_mean": 0.05885763989562192,
          "f_aleatoric_std": 0.0,
          "f_aleatoric_n": 1,
          "N_with_uncertainty_mean": 3449.0,
          "N_with_uncertainty_std": 0.0,
          "N_with_uncertainty_n": 1
        }
      },
      "n_train_mean": 6140.0,
      "diagnostics": {
        "_train_RMSE_at_best": 0.29595802813888583,
        "_val_RMSE_best": 0.5609821928703449,
        "_n_params": 1679361.0,
        "_best_epoch": 178.0,
        "_n_train": 6140.0
      }
    },
    "0.200": {
      "aggregated": {
        "eval": {
          "RMSE_mean": 0.5041210790148326,
          "RMSE_std": 0.0,
          "RMSE_n": 1,
          "MAE_mean": 0.32457980311448253,
          "MAE_std": 0.0,
          "MAE_n": 1,
          "R2_mean": 0.8075324944653235,
          "R2_std": 0.0,
          "R2_n": 1,
          "N_mean": 6969.0,
          "N_std": 0.0,
          "N_n": 1,
          "PS_RMSE_mean": 0.47973849766339716,
          "PS_RMSE_std": 0.0,
          "PS_RMSE_n": 1,
          "PS_R2_mean": 0.7871597544249777,
          "PS_R2_std": 0.0,
          "PS_R2_n": 1,
          "N_solvents_mean": 25.0,
          "N_solvents_std": 0.0,
          "N_solvents_n": 1
        },
        "ood": {
          "RMSE_mean": 0.6967044089455562,
          "RMSE_std": 0.0,
          "RMSE_n": 1,
          "MAE_mean": 0.5070533069103837,
          "MAE_std": 0.0,
          "MAE_n": 1,
          "R2_mean": 0.5690940609707686,
          "R2_std": 0.0,
          "R2_n": 1,
          "N_mean": 11940.0,
          "N_std": 0.0,
          "N_n": 1,
          "PS_RMSE_mean": 0.6139306056401427,
          "PS_RMSE_std": 0.0,
          "PS_RMSE_n": 1,
          "PS_R2_mean": -14.116714306867975,
          "PS_R2_std": 0.0,
          "PS_R2_n": 1,
          "N_solvents_mean": 146.0,
          "N_solvents_std": 0.0,
          "N_solvents_n": 1
        },
        "sc3_gold": {
          "RMSE_mean": 0.7980470007752375,
          "RMSE_std": 0.0,
          "RMSE_n": 1,
          "MAE_mean": 0.6021068037040352,
          "MAE_std": 0.0,
          "MAE_n": 1,
          "R2_mean": 0.5369703150476677,
          "R2_std": 0.0,
          "R2_n": 1,
          "N_mean": 4507.0,
          "N_std": 0.0,
          "N_n": 1,
          "PS_RMSE_mean": 0.8119937726513946,
          "PS_RMSE_std": 0.0,
          "PS_RMSE_n": 1,
          "PS_R2_mean": -15.248849362930097,
          "PS_R2_std": 0.0,
          "PS_R2_n": 1,
          "N_solvents_mean": 26.0,
          "N_solvents_std": 0.0,
          "N_solvents_n": 1,
          "Z_RMSE_mean": 46.12985935607169,
          "Z_RMSE_std": 0.0,
          "Z_RMSE_n": 1,
          "f_aleatoric_mean": 0.060887213685126125,
          "f_aleatoric_std": 0.0,
          "f_aleatoric_n": 1,
          "N_with_uncertainty_mean": 3449.0,
          "N_with_uncertainty_std": 0.0,
          "N_with_uncertainty_n": 1
        }
      },
      "n_train_mean": 12281.0,
      "diagnostics": {
        "_train_RMSE_at_best": 0.2709704130470636,
        "_val_RMSE_best": 0.5041210692517537,