{
  "method": "fastprop",
  "n_seeds": 1,
  "eval_RMSE_mean": 0.46025638324099405,
  "eval_RMSE_std": 0.0,
  "eval_MAE_mean": 0.28936677905927205,
  "eval_MAE_std": 0.0,
  "eval_R2_mean": 0.8395693492481178,
  "eval_R2_std": 0.0,
  "eval_PS_RMSE_mean": 0.4453798670486643,
  "eval_PS_RMSE_std": 0.0,
  "eval_PS_R2_mean": 0.8112235956654718,
  "eval_PS_R2_std": 0.0,
  "test_hard_RMSE_mean": 0.8368301684815564,
  "test_hard_RMSE_std": 0.0,
  "test_hard_MAE_mean": 0.618265160229266,
  "test_hard_MAE_std": 0.0,
  "test_hard_R2_mean": 0.4908725056092407,
  "test_hard_R2_std": 0.0,
  "test_hard_PS_RMSE_mean": 0.7789559279126704,
  "test_hard_PS_RMSE_std": 0.0,
  "test_hard_PS_R2_mean": -8.872646499045738,
  "test_hard_PS_R2_std": 0.0,
  "test_hard_Z_RMSE_mean": 48.46177919295883,
  "test_hard_Z_RMSE_std": 0.0,
  "test_medium_RMSE_mean": 0.8130965225619483,
  "test_medium_RMSE_std": 0.0,
  "test_medium_MAE_mean": 0.6018211502986737,
  "test_medium_MAE_std": 0.0,
  "test_medium_R2_mean": 0.4863576885987182,
  "test_medium_R2_std": 0.0,
  "test_medium_PS_RMSE_mean": 0.7582438908579535,
  "test_medium_PS_RMSE_std": 0.0,
  "test_medium_PS_R2_mean": -5.1686515166691445,
  "test_medium_PS_R2_std": 0.0,
  "test_medium_Z_RMSE_mean": 44.29414712143463,
  "test_medium_Z_RMSE_std": 0.0,
  "test_easy_RMSE_mean": 0.7873902038088483,
  "test_easy_RMSE_std": 0.0,
  "test_easy_MAE_mean": 0.5827220724726839,
  "test_easy_MAE_std": 0.0,
  "test_easy_R2_mean": 0.49987844861109554,
  "test_easy_R2_std": 0.0,
  "test_easy_PS_RMSE_mean": 0.6818010352720691,
  "test_easy_PS_RMSE_std": 0.0,
  "test_easy_PS_R2_mean": -1.4824213975149179,
  "test_easy_PS_R2_std": 0.0,
  "test_easy_Z_RMSE_mean": 41.17746096265091,
  "test_easy_Z_RMSE_std": 0.0,
  "train_time_mean_s": 19.43978977203369
}