{
  "method": "fastprop",
  "fraction": 0.05,
  "seed": 42,
  "params": {
    "lr": 0.0005,
    "batch_size": 256,
    "hidden_dims": [
      512,
      256,
      128
    ],
    "dropout": 0.2,
    "weight_decay": 0.0001,
    "epochs": 300,
    "patience": 40,
    "lr_patience": 15
  },
  "wall_time_s": 11.702095031738281,
  "metrics": {
    "eval": {
      "RMSE": 0.6430226800247194,
      "MAE": 0.44052890962351365,
      "R2": 0.6868587464697882,
      "N": 6969,
      "PS_RMSE": 0.6308653491293166,
      "PS_R2": 0.612976025745867,
      "N_solvents": 25
    },
    "ood": {
      "RMSE": 0.8152274633965442,
      "MAE": 0.6166709276432677,
      "R2": 0.4100122891151695,
      "N": 11940,
      "PS_RMSE": 0.7796547138985483,
      "PS_R2": -45.347059836430965,
      "N_solvents": 146
    },
    "sc3_gold": {
      "RMSE": 0.7359561009157676,
      "MAE": 0.5787331329995241,
      "R2": 0.6062181320073878,
      "N": 4507,
      "PS_RMSE": 0.7108253327845371,
      "PS_R2": -5.954012598883073,
      "N_solvents": 26,
      "Z_RMSE": 43.4043927873582,
      "f_aleatoric": 0.06813569150478399,
      "N_with_uncertainty": 3449
    },
    "_n_train": 3070,
    "_best_epoch": 204,
    "_train_RMSE_at_best": 0.26800446063838107,
    "_val_RMSE_best": 0.6430226791217745,
    "_n_params": 330497
  }
}