{
  "method": "fastprop",
  "fractions": [
    0.05,
    0.1,
    0.2,
    0.4,
    0.6,
    0.8,
    1.0
  ],
  "seeds": [
    42
  ],
  "by_fraction": {
    "0.050": {
      "aggregated": {
        "eval": {
          "RMSE_mean": 0.6764841992066688,
          "RMSE_std": 0.0,
          "RMSE_n": 1,
          "MAE_mean": 0.4643704211586336,
          "MAE_std": 0.0,
          "MAE_n": 1,
          "R2_mean": 0.6534203828153289,
          "R2_std": 0.0,
          "R2_n": 1,
          "N_mean": 6969.0,
          "N_std": 0.0,
          "N_n": 1,
          "PS_RMSE_mean": 0.6631851978696025,
          "PS_RMSE_std": 0.0,
          "PS_RMSE_n": 1,
          "PS_R2_mean": 0.5693457972891454,
          "PS_R2_std": 0.0,
          "PS_R2_n": 1,
          "N_solvents_mean": 25.0,
          "N_solvents_std": 0.0,
          "N_solvents_n": 1
        },
        "ood": {
          "RMSE_mean": 0.8306370966396392,
          "RMSE_std": 0.0,
          "RMSE_n": 1,
          "MAE_mean": 0.6300616817336715,
          "MAE_std": 0.0,
          "MAE_n": 1,
          "R2_mean": 0.38749729912077613,
          "R2_std": 0.0,
          "R2_n": 1,
          "N_mean": 11940.0,
          "N_std": 0.0,
          "N_n": 1,
          "PS_RMSE_mean": 0.757835989414158,
          "PS_RMSE_std": 0.0,
          "PS_RMSE_n": 1,
          "PS_R2_mean": -38.659211106150494,
          "PS_R2_std": 0.0,
          "PS_R2_n": 1,
          "N_solvents_mean": 146.0,
          "N_solvents_std": 0.0,
          "N_solvents_n": 1
        },
        "sc3_gold": {
          "RMSE_mean": 0.7372739797422558,
          "RMSE_std": 0.0,
          "RMSE_n": 1,
          "MAE_mean": 0.5780841292765295,
          "MAE_std": 0.0,
          "MAE_n": 1,
          "R2_mean": 0.6048065765241653,
          "R2_std": 0.0,
          "R2_n": 1,
          "N_mean": 4507.0,
          "N_std": 0.0,
          "N_n": 1,
          "PS_RMSE_mean": 0.6659832400287752,
          "PS_RMSE_std": 0.0,
          "PS_RMSE_n": 1,
          "PS_R2_mean": -3.5137871597118844,
          "PS_R2_std": 0.0,
          "PS_R2_n": 1,
          "N_solvents_mean": 26.0,
          "N_solvents_std": 0.0,
          "N_solvents_n": 1,
          "Z_RMSE_mean": 43.286359374508464,
          "Z_RMSE_std": 0.0,
          "Z_RMSE_n": 1,
          "f_aleatoric_mean": 0.07538416932444186,
          "f_aleatoric_std": 0.0,
          "f_aleatoric_n": 1,
          "N_with_uncertainty_mean": 3449.0,
          "N_with_uncertainty_std": 0.0,
          "N_with_uncertainty_n": 1
        }
      },
      "n_train_mean": 3070.0
    },
    "0.100": {
      "aggregated": {
        "eval": {
          "RMSE_mean": 0.5632580222719618,
          "RMSE_std": 0.0,
          "RMSE_n": 1,
          "MAE_mean": 0.3823449526602927,
          "MAE_std": 0.0,
          "MAE_n": 1,
          "R2_mean": 0.7597283807157561,
          "R2_std": 0.0,
          "R2_n": 1,
          "N_mean": 6969.0,
          "N_std": 0.0,
          "N_n": 1,
          "PS_RMSE_mean": 0.5570724738823422,
          "PS_RMSE_std": 0.0,
          "PS_RMSE_n": 1,
          "PS_R2_mean": 0.6945853880310096,
          "PS_R2_std": 0.0,
          "PS_R2_n": 1,
          "N_solvents_mean": 25.0,
          "N_solvents_std": 0.0,
          "N_solvents_n": 1
        },
        "ood": {
          "RMSE_mean": 0.7648744220632253,
          "RMSE_std": 0.0,
          "RMSE_n": 1,
          "MAE_mean": 0.5600719556120706,
          "MAE_std": 0.0,
          "MAE_n": 1,
          "R2_mean": 0.4806434201123555,
          "R2_std": 0.0,
          "R2_n": 1,
          "N_mean": 11940.0,
          "N_std": 0.0,
          "N_n": 1,
          "PS_RMSE_mean": 0.7060818251143637,
          "PS_RMSE_std": 0.0,
          "PS_RMSE_n": 1,
          "PS_R2_mean": -38.85824715511619,
          "PS_R2_std": 0.0,
          "PS_R2_n": 1,
          "N_solvents_mean": 146.0,
          "N_solvents_std": 0.0,
          "N_solvents_n": 1
        },
        "sc3_gold": {
          "RMSE_mean": 0.7310503747239937,
          "RMSE_std": 0.0,
          "RMSE_n": 1,
          "MAE_mean": 0.5693731493400108,
          "MAE_std": 0.0,
          "MAE_n": 1,
          "R2_mean": 0.6114503668777247,
          "R2_std": 0.0,
          "R2_n": 1,
          "N_mean": 4507.0,
          "N_std": 0.0,
          "N_n": 1,
          "PS_RMSE_mean": 0.7742830364706192,
          "PS_RMSE_std": 0.0,
          "PS_RMSE_n": 1,
          "PS_R2_mean": -13.44374213558245,
          "PS_R2_std": 0.0,
          "PS_R2_n": 1,
          "N_solvents_mean": 26.0,
          "N_solvents_std": 0.0,
          "N_solvents_n": 1,
          "Z_RMSE_mean": 42.394352305348455,
          "Z_RMSE_std": 0.0,
          "Z_RMSE_n": 1,
          "f_aleatoric_mean": 0.05972745723398087,
          "f_aleatoric_std": 0.0,
          "f_aleatoric_n": 1,
          "N_with_uncertainty_mean": 3449.0,
          "N_with_uncertainty_std": 0.0,
          "N_with_uncertainty_n": 1
        }
      },
      "n_train_mean": 6140.0
    },
    "0.200": {
      "aggregated": {
        "eval": {
          "RMSE_mean": 0.4946082978661469,
          "RMSE_std": 0.0,
          "RMSE_n": 1,
          "MAE_mean": 0.3178825533395019,
          "MAE_std": 0.0,
          "MAE_n": 1,
          "R2_mean": 0.8147276971685997,
          "R2_std": 0.0,
          "R2_n": 1,
          "N_mean": 6969.0,
          "N_std": 0.0,
          "N_n": 1,
          "PS_RMSE_mean": 0.48865678995839495,
          "PS_RMSE_std": 0.0,
          "PS_RMSE_n": 1,
          "PS_R2_mean": 0.7797377806379885,
          "PS_R2_std": 0.0,
          "PS_R2_n": 1,
          "N_solvents_mean": 25.0,
          "N_solvents_std": 0.0,
          "N_solvents_n": 1
        },
        "ood": {
          "RMSE_mean": 0.7043879021477352,
          "RMSE_std": 0.0,
          "RMSE_n": 1,
          "MAE_mean": 0.5162401292198352,
          "MAE_std": 0.0,
          "MAE_n": 1,
          "R2_mean": 0.559537297811461,
          "R2_std": 0.0,
          "R2_n": 1,
          "N_mean": 11940.0,
          "N_std": 0.0,
          "N_n": 1,
          "PS_RMSE_mean": 0.6285478861468474,
          "PS_RMSE_std": 0.0,
          "PS_RMSE_n": 1,
          "PS_R2_mean": -12.306214784438477,
          "PS_R2_std": 0.0,
          "PS_R2_n": 1,
          "N_solvents_mean": 146.0,
          "N_solvents_std": 0.0,
          "N_solvents_n": 1
        },
        "sc3_gold": {
          "RMSE_mean": 0.8287266317505786,
          "RMSE_std": 0.0,
          "RMSE_n": 1,
          "MAE_mean": 0.6115046563556517,
          "MAE_std": 0.0,
          "MAE_n": 1,
          "R2_mean": 0.5006851459675238,
          "R2_std": 0.0,
          "R2_n": 1,
          "N_mean": 4507.0,
          "N_std": 0.0,
          "N_n": 1,
          "PS_RMSE_mean": 0.7950870471649094,
          "PS_RMSE_std": 0.0,
          "PS_RMSE_n": 1,
          "PS_R2_mean": -12.93278456107469,
          "PS_R2_std": 0.0,
          "PS_R2_n": 1,
          "N_solvents_mean": 26.0,
          "N_solvents_std": 0.0,
          "N_solvents_n": 1,
          "Z_RMSE_mean": 46.18171653562683,
          "Z_RMSE_std": 0.0,
          "Z_RMSE_n": 1,
          "f_aleatoric_mean": 0.04523050159466512,
          "f_aleatoric_std": 0.0,
          "f_aleatoric_n": 1,
          "N_with_uncertainty_mean": 3449.0,
          "N_with_uncertainty_std": 0.0,
          "N_with_uncertainty_n": 1
        }
      },
      "n_train_mean": 12281.0
    },
    "0.400": {
      "aggregated": {
        "eval": {
          "RMSE_mean": 0.46458076472942544,
          "RMSE_std": 0.0,
          "RMSE_n": 1,
          "MAE_mean": 0.292630045611177,
          "MAE_std": 0.0,
          "MAE_n": 1,
          "R2_mean": 0.8365405051499187,
          "R2_std": 0.0,
          "R2_n": 1,
          "N_mean": 6969.0,
          "N_std": 0.0,
          "N_n": 1,
          "PS_RMSE_mean": 0.45517672387326263,
          "PS_RMSE_std": 0.0,
          "PS_RMSE_n": 1,
          "PS_R2_mean": 0.8060844051242058,
          "PS_R2_std": 0.0,