{
  "train_time_s": 446.31983613967896,
  "best_epoch": 79,
  "best_val_loss": 0.2661149203777313,
  "eval": {
    "RMSE": 0.5158632948378422,
    "MAE": 0.3188544669708078,
    "R2": 0.798461992936231,
    "N": 6969,
    "PS_RMSE": 0.49035716173935134,
    "PS_R2": 0.7820917720246802,
    "N_solvents": 25
  },
  "test_hard": {
    "RMSE": 1.2006736978009818,
    "MAE": 0.9362359045136273,
    "R2": -0.04809798930306508,
    "N": 4507,
    "PS_RMSE": 1.0724405833177992,
    "PS_R2": -16.248391118197063,
    "N_solvents": 26,
    "Z_RMSE": 67.46411571306034,
    "f_aleatoric": 0.04639025804581038,
    "N_with_uncertainty": 3449
  },
  "test_medium": {
    "RMSE": 1.1558813280460754,
    "MAE": 0.9038665826363568,
    "R2": -0.03801368873240496,
    "N": 5475,
    "PS_RMSE": 1.0366232395218467,
    "PS_R2": -9.63227661818935,
    "N_solvents": 27,
    "Z_RMSE": 61.8414280760757,
    "f_aleatoric": 0.06932573599240266,
    "N_with_uncertainty": 4212
  },
  "test_easy": {
    "RMSE": 1.1445896444220784,
    "MAE": 0.8909156591710734,
    "R2": -0.05680577982319179,
    "N": 6331,
    "PS_RMSE": 1.0449202385704772,
    "PS_R2": -11.075676128229388,
    "N_solvents": 30,
    "Z_RMSE": 57.60720330185015,
    "f_aleatoric": 0.11022331489448883,
    "N_with_uncertainty": 4881
  },
  "artifacts": {
    "seed_dir": "/DATATWO/users/solubility/Dhairya/sc3-benchmark-gnn-runner/results/hpo_gin_trial_025/seed_42",
    "checkpoints_dir": "/DATATWO/users/solubility/Dhairya/sc3-benchmark-gnn-runner/results/hpo_gin_trial_025/seed_42/checkpoints",
    "predictions_dir": "/DATATWO/users/solubility/Dhairya/sc3-benchmark-gnn-runner/results/hpo_gin_trial_025/seed_42/predictions",
    "epoch_history_json": "/DATATWO/users/solubility/Dhairya/sc3-benchmark-gnn-runner/results/hpo_gin_trial_025/seed_42/epoch_history.json",
    "best_model_pkl": "/DATATWO/users/solubility/Dhairya/sc3-benchmark-gnn-runner/results/hpo_gin_trial_025/seed_42/best_model.pkl",
    "run_config_json": "/DATATWO/users/solubility/Dhairya/sc3-benchmark-gnn-runner/results/hpo_gin_trial_025/seed_42/run_config.json"
  }
}