{
  "method": "fastprop_xl",
  "fraction": 0.05,
  "seed": 42,
  "params": {
    "lr": 0.0003,
    "batch_size": 256,
    "hidden_dims": [
      2048,
      1536,
      1024,
      768,
      512,
      256,
      128
    ],
    "dropout": 0.2,
    "epochs": 200,
    "patience": 30
  },
  "wall_time_s": 15.713440895080566,
  "metrics": {
    "eval": {
      "RMSE": 0.7114837781776643,
      "MAE": 0.4970091182159568,
      "R2": 0.6166303674005258,
      "N": 6969,
      "PS_RMSE": 0.7002251832960333,
      "PS_R2": 0.5223584033817048,
      "N_solvents": 25
    },
    "ood": {
      "RMSE": 0.8013763043231956,
      "MAE": 0.5913278078388037,
      "R2": 0.42989039802349416,
      "N": 11940,
      "PS_RMSE": 0.7454853658828829,
      "PS_R2": -42.652746295823896,
      "N_solvents": 146
    },
    "sc3_gold": {
      "RMSE": 0.7910644111014368,
      "MAE": 0.6302248199931895,
      "R2": 0.5450375139220549,
      "N": 4507,
      "PS_RMSE": 0.7245102492870709,
      "PS_R2": -5.573561925485009,
      "N_solvents": 26,
      "Z_RMSE": 46.26027861940729,
      "f_aleatoric": 0.04610031893302406,
      "N_with_uncertainty": 3449
    },
    "_n_train": 3070,
    "_best_epoch": 162
  }
}