{
  "model_type": "fastprop",
  "n_trials_phase_a": 24,
  "n_trials_phase_b": 3,
  "n_trials_total": 27,
  "trials": [
    {
      "model_type": "fastprop",
      "hpo_phase": "grid_a",
      "trial_idx": 0,
      "method_name": "hpo_fastprop_trial_000",
      "config": {
        "lr": 0.0005,
        "batch_size": 128,
        "hidden_dims": [
          256,
          128
        ],
        "dropout": 0.05,
        "epochs": 100,
        "patience": 20
      },
      "best_val_loss": 0.22222870588302612,
      "best_epoch": 93,
      "train_time_s": 97.89630770683289,
      "elapsed_wall_s": 97.89630770683289,
      "eval_rmse": 0.4714113914309152,
      "test_hard_ps_rmse": 0.83934090499736
    },
    {
      "model_type": "fastprop",
      "hpo_phase": "grid_a",
      "trial_idx": 1,
      "method_name": "hpo_fastprop_trial_001",
      "config": {
        "lr": 0.0005,
        "batch_size": 128,
        "hidden_dims": [
          256,
          128
        ],
        "dropout": 0.1,
        "epochs": 100,
        "patience": 20
      },
      "best_val_loss": 0.21037782728672028,
      "best_epoch": 40,
      "train_time_s": 58.10946011543274,
      "elapsed_wall_s": 58.10946011543274,
      "eval_rmse": 0.4586696075142509,
      "test_hard_ps_rmse": 0.7263245992742997
    },
    {
      "model_type": "fastprop",
      "hpo_phase": "grid_a",
      "trial_idx": 2,
      "method_name": "hpo_fastprop_trial_002",
      "config": {
        "lr": 0.0005,
        "batch_size": 128,
        "hidden_dims": [
          512,
          256,
          128
        ],
        "dropout": 0.05,
        "epochs": 100,
        "patience": 20
      },
      "best_val_loss": 0.2116011679172516,
      "best_epoch": 33,
      "train_time_s": 64.35702443122864,
      "elapsed_wall_s": 64.35702443122864,
      "eval_rmse": 0.4600012693480222,
      "test_hard_ps_rmse": 0.7936454787595391
    },
    {
      "model_type": "fastprop",
      "hpo_phase": "grid_a",
      "trial_idx": 3,
      "method_name": "hpo_fastprop_trial_003",
      "config": {
        "lr": 0.0005,
        "batch_size": 128,
        "hidden_dims": [
          512,
          256,
          128
        ],
        "dropout": 0.1,
        "epochs": 100,
        "patience": 20
      },
      "best_val_loss": 0.2085665911436081,
      "best_epoch": 64,
      "train_time_s": 101.94835591316223,
      "elapsed_wall_s": 101.94835591316223,
      "eval_rmse": 0.45669092557582586,
      "test_hard_ps_rmse": 0.7292730624194755
    },
    {
      "model_type": "fastprop",
      "hpo_phase": "grid_a",
      "trial_idx": 4,
      "method_name": "hpo_fastprop_trial_004",
      "config": {
        "lr": 0.0005,
        "batch_size": 128,
        "hidden_dims": [
          512,
          256,
          128,
          64
        ],
        "dropout": 0.05,
        "epochs": 100,
        "patience": 20
      },
      "best_val_loss": 0.21180608868598938,
      "best_epoch": 57,
      "train_time_s": 113.39143991470337,
      "elapsed_wall_s": 113.39143991470337,
      "eval_rmse": 0.4602239591266295,
      "test_hard_ps_rmse": 0.7613613397014489
    },
    {
      "model_type": "fastprop",
      "hpo_phase": "grid_a",
      "trial_idx": 5,
      "method_name": "hpo_fastprop_trial_005",
      "config": {
        "lr": 0.0005,
        "batch_size": 128,
        "hidden_dims": [
          512,
          256,
          128,
          64
        ],
        "dropout": 0.1,
        "epochs": 100,
        "patience": 20
      },
      "best_val_loss": 0.21414075791835785,
      "best_epoch": 20,
      "train_time_s": 59.18205714225769,
      "elapsed_wall_s": 59.18205714225769,
      "eval_rmse": 0.4627534547692032,
      "test_hard_ps_rmse": 0.7465944417905165
    },
    {
      "model_type": "fastprop",
      "hpo_phase": "grid_a",
      "trial_idx": 6,
      "method_name": "hpo_fastprop_trial_006",
      "config": {
        "lr": 0.0005,
        "batch_size": 256,
        "hidden_dims": [
          256,
          128
        ],
        "dropout": 0.05,
        "epochs": 100,
        "patience": 20
      },
      "best_val_loss": 0.21324928104877472,
      "best_epoch": 72,
      "train_time_s": 45.29521608352661,
      "elapsed_wall_s": 45.29521608352661,
      "eval_rmse": 0.4617892204075126,
      "test_hard_ps_rmse": 0.7244543859399302
    },
    {
      "model_type": "fastprop",
      "hpo_phase": "grid_a",
      "trial_idx": 7,
      "method_name": "hpo_fastprop_trial_007",
      "config": {
        "lr": 0.0005,
        "batch_size": 256,
        "hidden_dims": [
          256,
          128
        ],
        "dropout": 0.1,
        "epochs": 100,
        "patience": 20
      },
      "best_val_loss": 0.21141484379768372,
      "best_epoch": 79,
      "train_time_s": 48.824185609817505,
      "elapsed_wall_s": 48.824185609817505,
      "eval_rmse": 0.4597987250541558,
      "test_hard_ps_rmse": 0.7214365868239365
    },
    {
      "model_type": "fastprop",
      "hpo_phase": "grid_a",
      "trial_idx": 8,
      "method_name": "hpo_fastprop_trial_008",
      "config": {
        "lr": 0.0005,
        "batch_size": 256,
        "hidden_dims": [
          512,
          256,
          128
        ],
        "dropout": 0.05,
        "epochs": 100,
        "patience": 20
      },
      "best_val_loss": 0.2177048921585083,
      "best_epoch": 47,
      "train_time_s": 41.41105842590332,
      "elapsed_wall_s": 41.41105842590332,
      "eval_rmse": 0.46658857827811995,
      "test_hard_ps_rmse": 0.7365225731826412
    },
    {
      "model_type": "fastprop",
      "hpo_phase": "grid_a",
      "trial_idx": 9,
      "method_name": "hpo_fastprop_trial_009",
      "config": {
        "lr": 0.0005,
        "batch_size": 256,
        "hidden_dims": [
          512,
          256,
          128
        ],
        "dropout": 0.1,
        "epochs": 100,
        "patience": 20
      },
      "best_val_loss": 0.2060876190662384,
      "best_epoch": 78,
      "train_time_s": 59.68144726753235,
      "elapsed_wall_s": 59.68144726753235,
      "eval_rmse": 0.45396874957395195,
      "test_hard_ps_rmse": 0.752789764240509
    },
    {
      "model_type": "fastprop",
      "hpo_phase": "grid_a",
      "trial_idx": 10,
      "method_name": "hpo_fastprop_trial_010",
      "config": {
        "lr": 0.0005,
        "batch_size": 256,
        "hidden_dims": [
          512,
          256,
          128,
          64
        ],
        "dropout": 0.05,
        "epochs": 100,
        "patience": 20
      },
      "best_val_loss": 0.21327777206897736,
      "best_epoch": 53,
      "train_time_s": 53.79757475852966,
      "elapsed_wall_s": 53.79757475852966,
      "eval_rmse": 0.46182006550845084,
      "test_hard_ps_rmse": 0.8002969644504705
    },
    {
      "model_type": "fastprop",
      "hpo_phase": "grid_a",
      "trial_idx": 11,
      "method_name": "hpo_fastprop_trial_011",
      "config": {
        "lr": 0.0005,
        "batch_size": 256,
        "hidden_dims": [
          512,
          256,
          128,
          64
        ],
        "dropout": 0.1,
        "epochs": 100,
        "patience": 20
      },
      "best_val_loss": 0.21104870736598969,
      "best_epoch": 57,
      "train_time_s": 56.62675595283508,
      "elapsed_wall_s": 56.62675595283508,
      "eval_rmse": 0.45940038139905925,
      "test_hard_ps_rmse": 0.7934780044446537
    },
    {
      "model_type": "fastprop",
      "hpo_phase": "grid_a",
      "trial_idx": 12,
      "method_name": "hpo_fastprop_trial_012",
      "config": {
        "lr": 0.001,
        "batch_size": 128,
        "hidden_dims": [
          256,
          128
        ],
        "dropout": 0.05,
        "epochs": 100,
        "patience": 20
      },
      "best_val_loss": 0.21455320715904236,
      "best_epoch": 92,
      "train_time_s": 87.81111431121826,
      "elapsed_wall_s": 87.81111431121826,
      "eval_rmse": 0.46319889591720326,