{
  "train_time_s": 1367.4267127513885,
  "best_epoch": 68,
  "best_val_loss": 0.31099221110343933,
  "eval": {
    "RMSE": 0.5576667388515333,
    "MAE": 0.3504708398263932,
    "R2": 0.7644749041279956,
    "N": 6969,
    "PS_RMSE": 0.5419561701554312,
    "PS_R2": 0.7162969818104895,
    "N_solvents": 25
  },
  "test_hard": {
    "RMSE": 1.0899894412819295,
    "MAE": 0.8605700969495256,
    "R2": 0.13623326288702065,
    "N": 4507,
    "PS_RMSE": 0.967020224080603,
    "PS_R2": -19.46023857530592,
    "N_solvents": 26,
    "Z_RMSE": 62.379174133513764,
    "f_aleatoric": 0.03450275442157147,
    "N_with_uncertainty": 3449
  },
  "test_medium": {
    "RMSE": 1.0479579034349102,
    "MAE": 0.8288836718767458,
    "R2": 0.14677365046402102,
    "N": 5475,
    "PS_RMSE": 0.9141080783056914,
    "PS_R2": -16.531839872466147,
    "N_solvents": 27,
    "Z_RMSE": 56.856315333032576,
    "f_aleatoric": 0.06766381766381767,
    "N_with_uncertainty": 4212
  },
  "test_easy": {
    "RMSE": 1.0321580427922699,
    "MAE": 0.8162965326920646,
    "R2": 0.14061462777514222,
    "N": 6331,
    "PS_RMSE": 0.8815738348293736,
    "PS_R2": -5.355912119134379,
    "N_solvents": 30,
    "Z_RMSE": 52.93715219840569,
    "f_aleatoric": 0.1089940585945503,
    "N_with_uncertainty": 4881
  },
  "artifacts": {
    "seed_dir": "/DATATWO/users/solubility/Dhairya/sc3-benchmark-gnn-runner/results/hpo_gat_trial_016/seed_42",
    "checkpoints_dir": "/DATATWO/users/solubility/Dhairya/sc3-benchmark-gnn-runner/results/hpo_gat_trial_016/seed_42/checkpoints",
    "predictions_dir": "/DATATWO/users/solubility/Dhairya/sc3-benchmark-gnn-runner/results/hpo_gat_trial_016/seed_42/predictions",
    "epoch_history_json": "/DATATWO/users/solubility/Dhairya/sc3-benchmark-gnn-runner/results/hpo_gat_trial_016/seed_42/epoch_history.json",
    "best_model_pkl": "/DATATWO/users/solubility/Dhairya/sc3-benchmark-gnn-runner/results/hpo_gat_trial_016/seed_42/best_model.pkl",
    "run_config_json": "/DATATWO/users/solubility/Dhairya/sc3-benchmark-gnn-runner/results/hpo_gat_trial_016/seed_42/run_config.json"
  }
}