{
  "method": "fastprop_xl",
  "fraction": 0.6,
  "seed": 42,
  "params": {
    "lr": 0.0003,
    "batch_size": 256,
    "hidden_dims": [
      2048,
      1536,
      1024,
      768,
      512,
      256,
      128
    ],
    "dropout": 0.2,
    "epochs": 200,
    "patience": 30
  },
  "wall_time_s": 48.87788248062134,
  "metrics": {
    "eval": {
      "RMSE": 0.4633834650388288,
      "MAE": 0.2934810743536661,
      "R2": 0.8373819425459531,
      "N": 6969,
      "PS_RMSE": 0.45587720090581557,
      "PS_R2": 0.8081326405286279,
      "N_solvents": 25
    },
    "ood": {
      "RMSE": 0.6704594930253671,
      "MAE": 0.4806644768471683,
      "R2": 0.6009471188539677,
      "N": 11940,
      "PS_RMSE": 0.5922786130284864,
      "PS_R2": -13.98854992366101,
      "N_solvents": 146
    },
    "sc3_gold": {
      "RMSE": 0.816497874334429,
      "MAE": 0.6246866870833881,
      "R2": 0.515312285182498,
      "N": 4507,
      "PS_RMSE": 0.785732971695935,
      "PS_R2": -6.902021120596861,
      "N_solvents": 26,
      "Z_RMSE": 47.55163072601961,
      "f_aleatoric": 0.051899101188750366,
      "N_with_uncertainty": 3449
    },
    "_n_train": 36842,
    "_best_epoch": 43
  }
}