{
  "eval": {
    "RMSE": 0.5590647535289965,
    "MAE": 0.35977296430128075,
    "R2": 0.7632925487972064,
    "N": 6969,
    "PS_RMSE": 0.5614015442336865,
    "PS_R2": 0.7089335240344166,
    "N_solvents": 25,
    "train_time_s": 1098.906908273697
  },
  "ood": {
    "RMSE": 0.7905657393165721,
    "MAE": 0.5858980115932783,
    "R2": 0.4451682046034041,
    "N": 11940,
    "PS_RMSE": 0.7018977105278977,
    "PS_R2": -18.106664053995303,
    "N_solvents": 146,
    "train_time_s": 1098.906908273697
  },
  "sc3_gold": {
    "RMSE": 1.102691417131089,
    "MAE": 0.8231239957874635,
    "R2": 0.11598449241444742,
    "N": 4507,
    "PS_RMSE": 1.140408523347149,
    "PS_R2": -34.4818389526224,
    "N_solvents": 26,
    "Z_RMSE": 63.61676589374985,
    "f_aleatoric": 0.048709770948100896,
    "N_with_uncertainty": 3449,
    "train_time_s": 1098.906908273697
  },
  "sc3_silver": {
    "RMSE": 1.0774911286309938,
    "MAE": 0.8149484166754754,
    "R2": 0.09800528884928372,
    "N": 5475,
    "PS_RMSE": 1.085004256570924,
    "PS_R2": -26.889493980913592,
    "N_solvents": 27,
    "Z_RMSE": 58.09910489880752,
    "f_aleatoric": 0.06908831908831908,
    "N_with_uncertainty": 4212,
    "train_time_s": 1098.906908273697
  },
  "sc3_bronze": {
    "RMSE": 1.0696070748862525,
    "MAE": 0.8266405765592891,
    "R2": 0.07712243308058331,
    "N": 6331,
    "PS_RMSE": 1.0303787582554773,
    "PS_R2": -6.294056758209125,
    "N_solvents": 30,
    "Z_RMSE": 54.13518681825968,
    "f_aleatoric": 0.08953083384552346,
    "N_with_uncertainty": 4881,
    "train_time_s": 1098.906908273697
  }
}