{
  "eval": {
    "RMSE": 0.5708096797281514,
    "MAE": 0.36299327394923186,
    "R2": 0.7532424998450247,
    "N": 6969,
    "PS_RMSE": 0.5482337335503074,
    "PS_R2": 0.7225011038085435,
    "N_solvents": 25,
    "train_time_s": 1114.3594913482666
  },
  "ood": {
    "RMSE": 0.8193808561561273,
    "MAE": 0.5874296657547704,
    "R2": 0.4039852769431015,
    "N": 11940,
    "PS_RMSE": 0.7757045281311217,
    "PS_R2": -23.484153771555043,
    "N_solvents": 146,
    "train_time_s": 1114.3594913482666
  },
  "sc3_gold": {
    "RMSE": 1.159769615342984,
    "MAE": 0.8722429842345962,
    "R2": 0.022097968855079086,
    "N": 4507,
    "PS_RMSE": 1.1315433982897465,
    "PS_R2": -25.248931497666458,
    "N_solvents": 26,
    "Z_RMSE": 68.62004751925659,
    "f_aleatoric": 0.06291678747463032,
    "N_with_uncertainty": 3449,
    "train_time_s": 1114.3594913482666
  },
  "sc3_silver": {
    "RMSE": 1.136077696994148,
    "MAE": 0.8570637682449433,
    "R2": -0.002749958870539748,
    "N": 5475,
    "PS_RMSE": 1.075979019096936,
    "PS_R2": -21.50806495913458,
    "N_solvents": 27,
    "Z_RMSE": 62.5603469866718,
    "f_aleatoric": 0.08713200379867046,
    "N_with_uncertainty": 4212,
    "train_time_s": 1114.3594913482666
  },
  "sc3_bronze": {
    "RMSE": 1.09987459737655,
    "MAE": 0.8292648696250526,
    "R2": 0.02415262310280153,
    "N": 6331,
    "PS_RMSE": 1.0191039408590377,
    "PS_R2": -6.437303473597508,
    "N_solvents": 30,
    "Z_RMSE": 58.22483267526156,
    "f_aleatoric": 0.13398893669330056,
    "N_with_uncertainty": 4881,
    "train_time_s": 1114.3594913482666
  }
}