{
  "eval": {
    "RMSE": 0.617250682237523,
    "MAE": 0.39435776607762985,
    "R2": 0.7114567888651752,
    "N": 6969,
    "PS_RMSE": 0.6041072968471582,
    "PS_R2": 0.6063468424199434,
    "N_solvents": 25,
    "train_time_s": 910.3049871921539
  },
  "ood": {
    "RMSE": 0.7367725924402576,
    "MAE": 0.5499210191087093,
    "R2": 0.5181051489094344,
    "N": 11940,
    "PS_RMSE": 0.6784475270127153,
    "PS_R2": -11.08201363896864,
    "N_solvents": 146,
    "train_time_s": 910.3049871921539
  },
  "sc3_gold": {
    "RMSE": 1.1025852258619715,
    "MAE": 0.8840958134140843,
    "R2": 0.11615474894688205,
    "N": 4507,
    "PS_RMSE": 1.0360939431406238,
    "PS_R2": -30.378520119197862,
    "N_solvents": 26,
    "Z_RMSE": 66.26672264038531,
    "f_aleatoric": 0.039721658451725136,
    "N_with_uncertainty": 3449,
    "train_time_s": 910.3049871921539
  },
  "sc3_silver": {
    "RMSE": 1.081787502704842,
    "MAE": 0.8706114332181124,
    "R2": 0.09079774391042106,
    "N": 5475,
    "PS_RMSE": 0.947894250964062,
    "PS_R2": -20.878118508318455,
    "N_solvents": 27,
    "Z_RMSE": 60.577601372793374,
    "f_aleatoric": 0.05674264007597341,
    "N_with_uncertainty": 4212,
    "train_time_s": 910.3049871921539
  },
  "sc3_bronze": {
    "RMSE": 1.0641132509098663,
    "MAE": 0.8604845786700336,
    "R2": 0.08657844019571093,
    "N": 6331,
    "PS_RMSE": 0.9379617826216422,
    "PS_R2": -4.105024466301917,
    "N_solvents": 30,
    "Z_RMSE": 56.43819492747899,
    "f_aleatoric": 0.08399918049580005,
    "N_with_uncertainty": 4881,
    "train_time_s": 910.3049871921539
  }
}