{
  "eval": {
    "RMSE": 0.5343248229634889,
    "MAE": 0.35650366411684753,
    "R2": 0.7837787346884457,
    "N": 6969,
    "PS_RMSE": 0.5329496796931524,
    "PS_R2": 0.7378529847294769,
    "N_solvents": 25,
    "train_time_s": 1086.1279635429382
  },
  "ood": {
    "RMSE": 0.7832342477771393,
    "MAE": 0.5857237366940022,
    "R2": 0.4554112061251687,
    "N": 11940,
    "PS_RMSE": 0.7028325502352619,
    "PS_R2": -16.820455337020803,
    "N_solvents": 146,
    "train_time_s": 1086.1279635429382
  },
  "sc3_gold": {
    "RMSE": 1.106396634890029,
    "MAE": 0.8680275175251932,
    "R2": 0.11003364713578423,
    "N": 4507,
    "PS_RMSE": 1.0014675056453668,
    "PS_R2": -24.668538426791493,
    "N_solvents": 26,
    "Z_RMSE": 63.603192147190086,
    "f_aleatoric": 0.04957958828645984,
    "N_with_uncertainty": 3449,
    "train_time_s": 1086.1279635429382
  },
  "sc3_silver": {
    "RMSE": 1.076857697280735,
    "MAE": 0.8454378736033352,
    "R2": 0.09906549950086552,
    "N": 5475,
    "PS_RMSE": 0.9393014014265271,
    "PS_R2": -5.83681473845216,
    "N_solvents": 27,
    "Z_RMSE": 57.91956199909993,
    "f_aleatoric": 0.0731244064577398,
    "N_with_uncertainty": 4212,
    "train_time_s": 1086.1279635429382
  },
  "sc3_bronze": {
    "RMSE": 1.069683888556098,
    "MAE": 0.8402663826012197,
    "R2": 0.07698987569598659,
    "N": 6331,
    "PS_RMSE": 0.8871918173431536,
    "PS_R2": -3.0658932552524507,
    "N_solvents": 30,
    "Z_RMSE": 53.91044338415076,
    "f_aleatoric": 0.11288670354435566,
    "N_with_uncertainty": 4881,
    "train_time_s": 1086.1279635429382
  }
}