{
  "eval": {
    "RMSE": 0.5543696232871326,
    "MAE": 0.356576372520395,
    "R2": 0.7672516807205826,
    "N": 6969,
    "PS_RMSE": 0.5499471520578905,
    "PS_R2": 0.7015497683881038,
    "N_solvents": 25,
    "train_time_s": 1062.6881127357483
  },
  "ood": {
    "RMSE": 0.8041620674702522,
    "MAE": 0.5867556341545751,
    "R2": 0.42591985194508697,
    "N": 11940,
    "PS_RMSE": 0.7433159568111729,
    "PS_R2": -18.066350171983498,
    "N_solvents": 146,
    "train_time_s": 1062.6881127357483
  },
  "sc3_gold": {
    "RMSE": 1.0612489468696238,
    "MAE": 0.8063201466136669,
    "R2": 0.18118377506836814,
    "N": 4507,
    "PS_RMSE": 1.0988110052717501,
    "PS_R2": -52.34024945035156,
    "N_solvents": 26,
    "Z_RMSE": 60.35691963065403,
    "f_aleatoric": 0.03798202377500725,
    "N_with_uncertainty": 3449,
    "train_time_s": 1062.6881127357483
  },
  "sc3_silver": {
    "RMSE": 1.015264664348444,
    "MAE": 0.7710033587281663,
    "R2": 0.19917960148866432,
    "N": 5475,
    "PS_RMSE": 1.0115857902497714,
    "PS_R2": -41.97217818461709,
    "N_solvents": 27,
    "Z_RMSE": 54.94007634107188,
    "f_aleatoric": 0.06457739791073125,
    "N_with_uncertainty": 4212,
    "train_time_s": 1062.6881127357483
  },
  "sc3_bronze": {
    "RMSE": 0.9975772494499118,
    "MAE": 0.7576930875759145,
    "R2": 0.19723463286900744,
    "N": 6331,
    "PS_RMSE": 0.9427429144820643,
    "PS_R2": -4.906461859765031,
    "N_solvents": 30,
    "Z_RMSE": 51.156550780526956,
    "f_aleatoric": 0.1061257938946937,
    "N_with_uncertainty": 4881,
    "train_time_s": 1062.6881127357483
  }
}