{
  "method": "gat",
  "display": "GAT",
  "family": "GNN",
  "seeds": [
    42,
    101,
    123,
    456,
    789
  ],
  "params": {
    "lr": 0.001,
    "batch_size": 128,
    "hidden_dim": 64,
    "num_layers": 4,
    "epochs": 100,
    "patience": 20
  },
  "aggregated": {
    "eval": {
      "RMSE_mean": 0.5671639123490586,
      "RMSE_std": 0.02767552035828264,
      "MAE_mean": 0.366040808193077,
      "MAE_std": 0.014359359982868112,
      "R2_mean": 0.7558044505832869,
      "R2_std": 0.02426087366655625,
      "N_mean": 6969.0,
      "N_std": 0.0,
      "PS_RMSE_mean": 0.5593278812764391,
      "PS_RMSE_std": 0.024151123576864483,
      "PS_R2_mean": 0.6954368446760968,
      "PS_R2_std": 0.0462345320111012,
      "N_solvents_mean": 25.0,
      "N_solvents_std": 0.0,
      "train_time_s_mean": 1054.4774926185607,
      "train_time_s_std": 74.04688333845291
    },
    "ood": {
      "RMSE_mean": 0.7868231006320696,
      "RMSE_std": 0.027901927514691963,
      "MAE_mean": 0.5791456134610671,
      "MAE_std": 0.014625193593411785,
      "R2_mean": 0.4497179377052391,
      "R2_std": 0.0384389104401226,
      "N_mean": 11940.0,
      "N_std": 0.0,
      "PS_RMSE_mean": 0.7204396545436339,
      "PS_RMSE_std": 0.03462566690378204,
      "PS_R2_mean": -17.511927394704657,
      "PS_R2_std": 3.9534923477598403,
      "N_solvents_mean": 146.0,
      "N_solvents_std": 0.0,
      "train_time_s_mean": 1054.4774926185607,
      "train_time_s_std": 74.04688333845291
    },
    "sc3_gold": {
      "RMSE_mean": 1.1065383680191394,
      "RMSE_std": 0.0313532894989991,
      "MAE_mean": 0.8507620915150008,
      "MAE_std": 0.030363173434433188,
      "R2_mean": 0.10909092648411219,
      "R2_std": 0.05072171340814051,
      "N_mean": 4507.0,
      "N_std": 0.0,
      "PS_RMSE_mean": 1.0816648751389273,
      "PS_RMSE_std": 0.05429733137444323,
      "PS_R2_mean": -33.423615689325956,
      "PS_R2_std": 10.116405644904566,
      "N_solvents_mean": 26.0,
      "N_solvents_std": 0.0,
      "Z_RMSE_mean": 64.49272956624716,
      "Z_RMSE_std": 2.787303998888983,
      "f_aleatoric_mean": 0.047781965787184695,
      "f_aleatoric_std": 0.008878766968013083,
      "N_with_uncertainty_mean": 3449.0,
      "N_with_uncertainty_std": 0.0,
      "train_time_s_mean": 1054.4774926185607,
      "train_time_s_std": 74.04688333845291
    },
    "sc3_silver": {
      "RMSE_mean": 1.0774957379918326,
      "RMSE_std": 0.03827108257916118,
      "MAE_mean": 0.8318129700940066,
      "MAE_std": 0.03552684489273286,
      "R2_mean": 0.09685963497573898,
      "R2_std": 0.06392866589850868,
      "N_mean": 5475.0,
      "N_std": 0.0,
      "PS_RMSE_mean": 1.0119529436616441,
      "PS_RMSE_std": 0.0613477467464084,
      "PS_R2_mean": -23.416934074287177,
      "PS_R2_std": 11.623301750690558,
      "N_solvents_mean": 27.0,
      "N_solvents_std": 0.0,
      "Z_RMSE_mean": 58.8193383196889,
      "Z_RMSE_std": 2.5870308044839443,
      "f_aleatoric_mean": 0.0701329534662868,
      "f_aleatoric_std": 0.010091307689375925,
      "N_with_uncertainty_mean": 4212.0,
      "N_with_uncertainty_std": 0.0,
      "train_time_s_mean": 1054.4774926185607,
      "train_time_s_std": 74.04688333845291
    },
    "sc3_bronze": {
      "RMSE_mean": 1.0601712122357356,
      "RMSE_std": 0.03373256335506297,
      "MAE_mean": 0.8228698990063019,
      "MAE_std": 0.03470052499409471,
      "R2_mean": 0.09241560098881796,
      "R2_std": 0.05683796271115088,
      "N_mean": 6331.0,
      "N_std": 0.0,
      "PS_RMSE_mean": 0.9634758427122752,
      "PS_RMSE_std": 0.053796950682043265,
      "PS_R2_mean": -4.961747962625206,
      "PS_R2_std": 1.2871369442713005,
      "N_solvents_mean": 30.0,
      "N_solvents_std": 0.0,
      "Z_RMSE_mean": 54.773041717135584,
      "Z_RMSE_std": 2.404892408536304,
      "f_aleatoric_mean": 0.10530628969473468,
      "f_aleatoric_std": 0.01779711442776808,
      "N_with_uncertainty_mean": 4881.0,
      "N_with_uncertainty_std": 0.0,
      "train_time_s_mean": 1054.4774926185607,
      "train_time_s_std": 74.04688333845291
    }
  },
  "per_seed": {
    "42": {
      "eval": {
        "RMSE": 0.5543696232871326,
        "MAE": 0.356576372520395,
        "R2": 0.7672516807205826,
        "N": 6969,
        "PS_RMSE": 0.5499471520578905,
        "PS_R2": 0.7015497683881038,
        "N_solvents": 25,
        "train_time_s": 1062.6881127357483
      },
      "ood": {
        "RMSE": 0.8041620674702522,
        "MAE": 0.5867556341545751,
        "R2": 0.42591985194508697,
        "N": 11940,
        "PS_RMSE": 0.7433159568111729,
        "PS_R2": -18.066350171983498,
        "N_solvents": 146,
        "train_time_s": 1062.6881127357483
      },
      "sc3_gold": {
        "RMSE": 1.0612489468696238,
        "MAE": 0.8063201466136669,
        "R2": 0.18118377506836814,
        "N": 4507,
        "PS_RMSE": 1.0988110052717501,
        "PS_R2": -52.34024945035156,
        "N_solvents": 26,
        "Z_RMSE": 60.35691963065403,
        "f_aleatoric": 0.03798202377500725,
        "N_with_uncertainty": 3449,
        "train_time_s": 1062.6881127357483
      },
      "sc3_silver": {
        "RMSE": 1.015264664348444,
        "MAE": 0.7710033587281663,
        "R2": 0.19917960148866432,
        "N": 5475,
        "PS_RMSE": 1.0115857902497714,
        "PS_R2": -41.97217818461709,
        "N_solvents": 27,
        "Z_RMSE": 54.94007634107188,
        "f_aleatoric": 0.06457739791073125,
        "N_with_uncertainty": 4212,
        "train_time_s": 1062.6881127357483
      },
      "sc3_bronze": {
        "RMSE": 0.9975772494499118,
        "MAE": 0.7576930875759145,
        "R2": 0.19723463286900744,
        "N": 6331,
        "PS_RMSE": 0.9427429144820643,
        "PS_R2": -4.906461859765031,
        "N_solvents": 30,
        "Z_RMSE": 51.156550780526956,
        "f_aleatoric": 0.1061257938946937,
        "N_with_uncertainty": 4881,
        "train_time_s": 1062.6881127357483
      }
    },
    "101": {
      "eval": {
        "RMSE": 0.5343248229634889,
        "MAE": 0.35650366411684753,
        "R2": 0.7837787346884457,
        "N": 6969,
        "PS_RMSE": 0.5329496796931524,
        "PS_R2": 0.7378529847294769,
        "N_solvents": 25,
        "train_time_s": 1086.1279635429382
      },
      "ood": {
        "RMSE": 0.7832342477771393,
        "MAE": 0.5857237366940022,
        "R2": 0.4554112061251687,
        "N": 11940,
        "PS_RMSE": 0.7028325502352619,
        "PS_R2": -16.820455337020803,
        "N_solvents": 146,
        "train_time_s": 1086.1279635429382
      },
      "sc3_gold": {
        "RMSE": 1.106396634890029,
        "MAE": 0.8680275175251932,
        "R2": 0.11003364713578423,
        "N": 4507,
        "PS_RMSE": 1.0014675056453668,
        "PS_R2": -24.668538426791493,
        "N_solvents": 26,
        "Z_RMSE": 63.603192147190086,
        "f_aleatoric": 0.04957958828645984,
        "N_with_uncertainty": 3449,
        "train_time_s": 1086.1279635429382
      },
      "sc3_silver": {
        "RMSE": 1.076857697280735,
        "MAE": 0.8454378736033352,
        "R2": 0.09906549950086552,
        "N": 5475,
        "PS_RMSE": 0.9393014014265271,
        "PS_R2": -5.83681473845216,
        "N_solvents": 27,
        "Z_RMSE": 57.91956199909993,
        "f_aleatoric": 0.0731244064577398,
        "N_with_uncertainty": 4212,
        "train_time_s": 1086.1279635429382
      },
      "sc3_bronze": {
        "RMSE": 1.069683888556098,
        "MAE": 0.8402663826012197,
        "R2": 0.07698987569598659,
        "N": 6331,
        "PS_RMSE": 0.8871918173431536,
        "PS_R2": -3.0658932552524507,
        "N_solvents": 30,
        "Z_RMSE": 53.91044338415076,
        "f_aleatoric": 0.11288670354435566,
        "N_with_uncertainty": 4881,
        "train_time_s": 1086.1279635429382
      }
    },
    "123": {
      "eval": {
        "RMSE": 0.5708096797281514,
        "MAE": 0.36299327394923186,
        "R2": 0.7532424998450247,
        "N": 6969,