{
  "method": "fastprop_big",
  "fraction": 0.8,
  "seed": 42,
  "params": {
    "lr": 0.0005,
    "batch_size": 256,
    "hidden_dims": [
      1024,
      768,
      512,
      256,
      128
    ],
    "dropout": 0.15,
    "epochs": 150,
    "patience": 25
  },
  "wall_time_s": 55.987306356430054,
  "metrics": {
    "eval": {
      "RMSE": 0.465864314210778,
      "MAE": 0.2895559391787828,
      "R2": 0.8356360416148821,
      "N": 6969,
      "PS_RMSE": 0.44611319442518316,
      "PS_R2": 0.8134305839452916,
      "N_solvents": 25
    },
    "ood": {
      "RMSE": 0.6636449950623737,
      "MAE": 0.465715038395776,
      "R2": 0.6090177792545759,
      "N": 11940,
      "PS_RMSE": 0.5800716081366567,
      "PS_R2": -14.305878477667767,
      "N_solvents": 146
    },
    "sc3_gold": {
      "RMSE": 0.8069319188344014,
      "MAE": 0.5969527831555625,
      "R2": 0.5266028004723617,
      "N": 4507,
      "PS_RMSE": 0.8021145851530507,
      "PS_R2": -8.788464820278774,
      "N_solvents": 26,
      "Z_RMSE": 46.712624431606926,
      "f_aleatoric": 0.06291678747463032,
      "N_with_uncertainty": 3449
    },
    "_n_train": 49122,
    "_best_epoch": 55
  }
}