{
  "eval": {
    "RMSE": 1.080955022582529,
    "MAE": 0.8261814620516061,
    "R2": 0.18223140983912178,
    "N": 848,
    "PS_RMSE": 1.0744795467654817,
    "PS_R2": -0.04937536241830687,
    "N_solvents": 25
  },
  "ood": {
    "RMSE": 1.1406677533215104,
    "MAE": 0.8888367574614628,
    "R2": -0.12508459124039106,
    "N": 1500,
    "PS_RMSE": 0.9963486397861266,
    "PS_R2": -147.06990402383056,
    "N_solvents": 95
  },
  "sc3_gold": {
    "RMSE": 1.0447298271486471,
    "MAE": 0.7907710252856871,
    "R2": 0.1741367212051066,
    "N": 477,
    "PS_RMSE": 0.9812192720345304,
    "PS_R2": -0.4474378628937299,
    "N_solvents": 17,
    "Z_RMSE": 61.1223006664432,
    "f_aleatoric": 0.039735099337748346,
    "N_with_uncertainty": 453
  },
  "_n_train": 376,
  "_n_trainable": 129,
  "_best_epoch": 289,
  "_val_RMSE": 1.080955022582529,
  "_elapsed_s": 2.9696907997131348,
  "_protocol": "scratch",
  "_variant": "head_only",
  "_fraction": 0.05,
  "_seed": 42,
  "_approach": "filter"
}