{
  "eval": {
    "RMSE": 1.0656529506707142,
    "MAE": 0.830426556931892,
    "R2": 0.20522030791607604,
    "N": 848,
    "PS_RMSE": 1.0612971590890574,
    "PS_R2": -0.016817248668131377,
    "N_solvents": 25
  },
  "ood": {
    "RMSE": 1.2032435494233684,
    "MAE": 0.9321972682975077,
    "R2": -0.25191237548079304,
    "N": 1500,
    "PS_RMSE": 1.0013312488099122,
    "PS_R2": -100.8365373789542,
    "N_solvents": 95
  },
  "sc3_gold": {
    "RMSE": 1.1062981971354102,
    "MAE": 0.8372780392668845,
    "R2": 0.07392837554900611,
    "N": 477,
    "PS_RMSE": 1.1007031042382291,
    "PS_R2": -2.627392630527725,
    "N_solvents": 17,
    "Z_RMSE": 65.0656378034676,
    "f_aleatoric": 0.0640176600441501,
    "N_with_uncertainty": 453
  },
  "_n_train": 376,
  "_n_trainable": 129,
  "_best_epoch": 178,
  "_val_RMSE": 1.0656529506707142,
  "_elapsed_s": 2.203286647796631,
  "_protocol": "scratch",
  "_variant": "head_only",
  "_fraction": 0.05,
  "_seed": 101,
  "_approach": "filter"
}