{
  "eval": {
    "RMSE": 1.0907402175916232,
    "MAE": 0.8303419223735065,
    "R2": 0.16735892473307934,
    "N": 848,
    "PS_RMSE": 1.0773027502421944,
    "PS_R2": -0.046190543890970874,
    "N_solvents": 25
  },
  "ood": {
    "RMSE": 1.1164585479133258,
    "MAE": 0.8830345252369686,
    "R2": -0.07783443541630919,
    "N": 1500,
    "PS_RMSE": 0.9864286072443005,
    "PS_R2": -191.46289835520147,
    "N_solvents": 95
  },
  "sc3_gold": {
    "RMSE": 1.1222355703818283,
    "MAE": 0.8377376017385246,
    "R2": 0.04705413929378488,
    "N": 477,
    "PS_RMSE": 1.0874174760338653,
    "PS_R2": -1.7498619803720403,
    "N_solvents": 17,
    "Z_RMSE": 66.10533917718311,
    "f_aleatoric": 0.059602649006622516,
    "N_with_uncertainty": 453
  },
  "_n_train": 376,
  "_n_trainable": 129,
  "_best_epoch": 279,
  "_val_RMSE": 1.0907402175916232,
  "_elapsed_s": 2.7109618186950684,
  "_protocol": "scratch",
  "_variant": "head_only",
  "_fraction": 0.05,
  "_seed": 456,
  "_approach": "filter"
}