{
  "eval": {
    "RMSE": 1.0550722903043053,
    "MAE": 0.8140437821368907,
    "R2": 0.2209243827982601,
    "N": 848,
    "PS_RMSE": 1.047636168274209,
    "PS_R2": -0.00842675179334774,
    "N_solvents": 25
  },
  "ood": {
    "RMSE": 1.1913425802465374,
    "MAE": 0.942084272686004,
    "R2": -0.2272701662171006,
    "N": 1500,
    "PS_RMSE": 1.0224973005483844,
    "PS_R2": -138.8949258719334,
    "N_solvents": 95
  },
  "sc3_gold": {
    "RMSE": 1.2307175658569944,
    "MAE": 0.9402126857710209,
    "R2": -0.14608536421025886,
    "N": 477,
    "PS_RMSE": 1.1670802814839387,
    "PS_R2": -2.628285480329995,
    "N_solvents": 17,
    "Z_RMSE": 71.72447130376449,
    "f_aleatoric": 0.046357615894039736,
    "N_with_uncertainty": 453
  },
  "_n_train": 376,
  "_n_trainable": 129,
  "_best_epoch": 204,
  "_val_RMSE": 1.0550722903043053,
  "_elapsed_s": 2.1150622367858887,
  "_protocol": "scratch",
  "_variant": "head_only",
  "_fraction": 0.05,
  "_seed": 789,
  "_approach": "filter"
}