{
  "eval": {
    "RMSE": 1.100312187697809,
    "MAE": 0.8351846833725434,
    "R2": 0.15268084384245184,
    "N": 848,
    "PS_RMSE": 1.1187192964899713,
    "PS_R2": -0.12858706731607433,
    "N_solvents": 25
  },
  "ood": {
    "RMSE": 1.2150382996834346,
    "MAE": 0.9348112404957258,
    "R2": -0.2765763188307824,
    "N": 1500,
    "PS_RMSE": 1.11029515547813,
    "PS_R2": -252.41041611829587,
    "N_solvents": 95
  },
  "sc3_gold": {
    "RMSE": 1.0351669548889089,
    "MAE": 0.7946309624806015,
    "R2": 0.18918650654593872,
    "N": 477,
    "PS_RMSE": 0.9806669848187861,
    "PS_R2": -1.3158001583315357,
    "N_solvents": 17,
    "Z_RMSE": 60.97015838247821,
    "f_aleatoric": 0.0640176600441501,
    "N_with_uncertainty": 453
  },
  "_n_train": 376,
  "_n_trainable": 129,
  "_best_epoch": 257,
  "_val_RMSE": 1.100312187697809,
  "_elapsed_s": 2.9123411178588867,
  "_protocol": "scratch",
  "_variant": "head_only",
  "_fraction": 0.05,
  "_seed": 123,
  "_approach": "filter"
}