{
  "eval": {
    "RMSE": 1.0065475889943734,
    "MAE": 0.7941538484697686,
    "R2": 0.23271566769187102,
    "N": 6969,
    "PS_RMSE": 1.0109347257112435,
    "PS_R2": 0.06818044925426403,
    "N_solvents": 25
  },
  "ood": {
    "RMSE": 0.9936607085070557,
    "MAE": 0.8016610691044136,
    "R2": 0.1234804695388605,
    "N": 11940,
    "PS_RMSE": 0.8706818807912292,
    "PS_R2": -43.2880083604627,
    "N_solvents": 146
  },
  "sc3_gold": {
    "RMSE": 1.0244951609631812,
    "MAE": 0.7906665475443608,
    "R2": 0.23691710850223746,
    "N": 4507,
    "PS_RMSE": 0.8979924530811024,
    "PS_R2": -13.044323464519122,
    "N_solvents": 26,
    "Z_RMSE": 60.34382012806281,
    "f_aleatoric": 0.05160916207596405,
    "N_with_uncertainty": 3449
  },
  "_n_train": 61403,
  "_n_trainable": 129,
  "_best_epoch": 40,
  "_val_RMSE": 1.0065475889943734,
  "_elapsed_s": 23.441465139389038,
  "_protocol": "qm",
  "_variant": "head_only",
  "_fraction": 1.0,
  "_seed": 42
}