{
  "eval": {
    "RMSE": 1.0212800024085846,
    "MAE": 0.7976457211772667,
    "R2": 0.2100904571336163,
    "N": 6969,
    "PS_RMSE": 1.0220261884439896,
    "PS_R2": 0.05074164164286858,
    "N_solvents": 25
  },
  "ood": {
    "RMSE": 0.9922580642760401,
    "MAE": 0.7985269329887651,
    "R2": 0.12595330018296247,
    "N": 11940,
    "PS_RMSE": 0.8889030167678982,
    "PS_R2": -48.13398424367686,
    "N_solvents": 146
  },
  "sc3_gold": {
    "RMSE": 1.018857785818587,
    "MAE": 0.7803975543100332,
    "R2": 0.24529186558169125,
    "N": 4507,
    "PS_RMSE": 0.8982628247153959,
    "PS_R2": -11.910581220006152,
    "N_solvents": 26,
    "Z_RMSE": 59.473085027259565,
    "f_aleatoric": 0.0545085532038272,
    "N_with_uncertainty": 3449
  },
  "_n_train": 61403,
  "_n_trainable": 129,
  "_best_epoch": 75,
  "_val_RMSE": 1.0212800024085846,
  "_elapsed_s": 33.88515043258667,
  "_protocol": "qm",
  "_variant": "head_only",
  "_fraction": 1.0,
  "_seed": 101
}