{
  "eval": {
    "RMSE": 0.9950278371278165,
    "MAE": 0.7779111549017248,
    "R2": 0.2501780217423629,
    "N": 6969,
    "PS_RMSE": 1.0000695632143128,
    "PS_R2": 0.08640590679935174,
    "N_solvents": 25
  },
  "ood": {
    "RMSE": 0.9759001070574181,
    "MAE": 0.7850673821109972,
    "R2": 0.15453410332689876,
    "N": 11940,
    "PS_RMSE": 0.8614045783226505,
    "PS_R2": -46.65908728599508,
    "N_solvents": 146
  },
  "sc3_gold": {
    "RMSE": 0.9618179756711357,
    "MAE": 0.7398632649327416,
    "R2": 0.32742971961234524,
    "N": 4507,
    "PS_RMSE": 0.8864507373795513,
    "PS_R2": -13.214246912238444,
    "N_solvents": 26,
    "Z_RMSE": 55.6728288207698,
    "f_aleatoric": 0.05508843142939983,
    "N_with_uncertainty": 3449
  },
  "_n_train": 61403,
  "_n_trainable": 129,
  "_best_epoch": 42,
  "_val_RMSE": 0.9950278371278165,
  "_elapsed_s": 24.217812061309814,
  "_protocol": "qm",
  "_variant": "head_only",
  "_fraction": 1.0,
  "_seed": 123
}