{
  "eval": {
    "RMSE": 0.9862095085407598,
    "MAE": 0.7727380899745149,
    "R2": 0.2634095645874549,
    "N": 6969,
    "PS_RMSE": 0.9881399240300175,
    "PS_R2": 0.10917751912980926,
    "N_solvents": 25
  },
  "ood": {
    "RMSE": 0.9673361651574093,
    "MAE": 0.7771033843674539,
    "R2": 0.16930764711069624,
    "N": 11940,
    "PS_RMSE": 0.8505668739120529,
    "PS_R2": -41.724596169730304,
    "N_solvents": 146
  },
  "sc3_gold": {
    "RMSE": 0.9503587402700808,
    "MAE": 0.7389744401061661,
    "R2": 0.34336044533286025,
    "N": 4507,
    "PS_RMSE": 0.8328838968446213,
    "PS_R2": -9.559815276690788,
    "N_solvents": 26,
    "Z_RMSE": 55.12804538305794,
    "f_aleatoric": 0.05972745723398087,
    "N_with_uncertainty": 3449
  },
  "_n_train": 61403,
  "_n_trainable": 129,
  "_best_epoch": 77,
  "_val_RMSE": 0.9862095085407598,
  "_elapsed_s": 41.3106575012207,
  "_protocol": "qm",
  "_variant": "head_only",
  "_fraction": 1.0,
  "_seed": 789
}