{
  "eval": {
    "RMSE": 1.010149611386881,
    "MAE": 0.7887409797008424,
    "R2": 0.2272142476143698,
    "N": 6969,
    "PS_RMSE": 1.008475771629609,
    "PS_R2": 0.07612942291611938,
    "N_solvents": 25
  },
  "ood": {
    "RMSE": 0.9921813704525396,
    "MAE": 0.8004913240743978,
    "R2": 0.1260884089719717,
    "N": 11940,
    "PS_RMSE": 0.8733280061136703,
    "PS_R2": -43.25690857226535,
    "N_solvents": 146
  },
  "sc3_gold": {
    "RMSE": 1.023506903415846,
    "MAE": 0.7699389073549833,
    "R2": 0.23838858192910473,
    "N": 4507,
    "PS_RMSE": 0.8776233295813577,
    "PS_R2": -11.860502390302251,
    "N_solvents": 26,
    "Z_RMSE": 60.73656870386703,
    "f_aleatoric": 0.0623369092490577,
    "N_with_uncertainty": 3449
  },
  "_n_train": 61403,
  "_n_trainable": 129,
  "_best_epoch": 70,
  "_val_RMSE": 1.010149611386881,
  "_elapsed_s": 32.23889446258545,
  "_protocol": "qm",
  "_variant": "head_only",
  "_fraction": 1.0,
  "_seed": 456
}