{
  "train_time_s": 558.3445723056793,
  "best_epoch": 92,
  "best_val_loss": 0.2636430561542511,
  "eval": {
    "RMSE": 0.5134618394321863,
    "MAE": 0.3212089464366812,
    "R2": 0.8003340315747655,
    "N": 6969,
    "PS_RMSE": 0.4918188984170534,
    "PS_R2": 0.7809939987749172,
    "N_solvents": 25
  },
  "test_hard": {
    "RMSE": 1.0748940627536057,
    "MAE": 0.8131621476146741,
    "R2": 0.1599923873610567,
    "N": 4507,
    "PS_RMSE": 0.9082276220281753,
    "PS_R2": -15.031283466551715,
    "N_solvents": 26,
    "Z_RMSE": 62.38177790189067,
    "f_aleatoric": 0.04610031893302406,
    "N_with_uncertainty": 3449
  },
  "test_medium": {
    "RMSE": 1.0184275873244333,
    "MAE": 0.7641947754499764,
    "R2": 0.19418212966448556,
    "N": 5475,
    "PS_RMSE": 0.8643378703643564,
    "PS_R2": -11.249010890231725,
    "N_solvents": 27,
    "Z_RMSE": 56.86810278331268,
    "f_aleatoric": 0.08214624881291548,
    "N_with_uncertainty": 4212
  },
  "test_easy": {
    "RMSE": 0.9868222610448935,
    "MAE": 0.7416547107585117,
    "R2": 0.2144507272487477,
    "N": 6331,
    "PS_RMSE": 0.8531468917771079,
    "PS_R2": -5.185017871542566,
    "N_solvents": 30,
    "Z_RMSE": 52.87753406836554,
    "f_aleatoric": 0.13071091989346445,
    "N_with_uncertainty": 4881
  },
  "artifacts": {
    "seed_dir": "/DATATWO/users/solubility/Dhairya/sc3-benchmark-gnn-runner/results/hpo_gin_trial_023/seed_42",
    "checkpoints_dir": "/DATATWO/users/solubility/Dhairya/sc3-benchmark-gnn-runner/results/hpo_gin_trial_023/seed_42/checkpoints",
    "predictions_dir": "/DATATWO/users/solubility/Dhairya/sc3-benchmark-gnn-runner/results/hpo_gin_trial_023/seed_42/predictions",
    "epoch_history_json": "/DATATWO/users/solubility/Dhairya/sc3-benchmark-gnn-runner/results/hpo_gin_trial_023/seed_42/epoch_history.json",
    "best_model_pkl": "/DATATWO/users/solubility/Dhairya/sc3-benchmark-gnn-runner/results/hpo_gin_trial_023/seed_42/best_model.pkl",
    "run_config_json": "/DATATWO/users/solubility/Dhairya/sc3-benchmark-gnn-runner/results/hpo_gin_trial_023/seed_42/run_config.json"
  }
}