{
  "eval": {
    "RMSE": 1.053113361371766,
    "MAE": 0.8110670190176021,
    "R2": 0.22381468139398575,
    "N": 848,
    "PS_RMSE": 1.0444987565432444,
    "PS_R2": 0.004764290461172775,
    "N_solvents": 25
  },
  "ood": {
    "RMSE": 0.9886256789469218,
    "MAE": 0.7831373156857832,
    "R2": 0.1548561763669547,
    "N": 1500,
    "PS_RMSE": 0.868055961160171,
    "PS_R2": -91.39466398819418,
    "N_solvents": 95
  },
  "sc3_gold": {
    "RMSE": 0.9986807308303205,
    "MAE": 0.7452633777043667,
    "R2": 0.24533621613145862,
    "N": 477,
    "PS_RMSE": 0.929919636500951,
    "PS_R2": -0.8671316791822308,
    "N_solvents": 17,
    "Z_RMSE": 60.065727851410585,
    "f_aleatoric": 0.039735099337748346,
    "N_with_uncertainty": 453
  },
  "_n_train": 1877,
  "_n_trainable": 129,
  "_best_epoch": 275,
  "_val_RMSE": 1.053113361371766,
  "_elapsed_s": 4.083420753479004,
  "_protocol": "qm",
  "_variant": "head_only",
  "_fraction": 0.25,
  "_seed": 456,
  "_approach": "filter"
}