{
  "eval": {
    "RMSE": 1.0180751924530262,
    "MAE": 0.7947716242452547,
    "R2": 0.2746044480377835,
    "N": 848,
    "PS_RMSE": 1.0319282299580121,
    "PS_R2": 0.019708008404790686,
    "N_solvents": 25
  },
  "ood": {
    "RMSE": 0.9816443678234797,
    "MAE": 0.7794454147470339,
    "R2": 0.1667502218849236,
    "N": 1500,
    "PS_RMSE": 0.863378994583505,
    "PS_R2": -100.5491313550828,
    "N_solvents": 95
  },
  "sc3_gold": {
    "RMSE": 0.9182654375297057,
    "MAE": 0.7103753393746335,
    "R2": 0.36197654500350507,
    "N": 477,
    "PS_RMSE": 0.9047196968652255,
    "PS_R2": -0.8328703397432459,
    "N_solvents": 17,
    "Z_RMSE": 54.79386719145143,
    "f_aleatoric": 0.05739514348785872,
    "N_with_uncertainty": 453
  },
  "_n_train": 1877,
  "_n_trainable": 129,
  "_best_epoch": 299,
  "_val_RMSE": 1.0180751924530262,
  "_elapsed_s": 4.267106294631958,
  "_protocol": "qm",
  "_variant": "head_only",
  "_fraction": 0.25,
  "_seed": 789,
  "_approach": "filter"
}