{
  "eval": {
    "RMSE": 1.035550097383212,
    "MAE": 0.8112653768967336,
    "R2": 0.24948840586137577,
    "N": 848,
    "PS_RMSE": 1.0433893175241473,
    "PS_R2": 0.009002154076176362,
    "N_solvents": 25
  },
  "ood": {
    "RMSE": 0.9987737435691698,
    "MAE": 0.7935428496253832,
    "R2": 0.13741662808152477,
    "N": 1500,
    "PS_RMSE": 0.8781195992283944,
    "PS_R2": -115.87953901848412,
    "N_solvents": 95
  },
  "sc3_gold": {
    "RMSE": 0.9943942840516912,
    "MAE": 0.7596219110984035,
    "R2": 0.2518005123416327,
    "N": 477,
    "PS_RMSE": 0.9250005237324813,
    "PS_R2": -0.8614441984900825,
    "N_solvents": 17,
    "Z_RMSE": 59.86462965797565,
    "f_aleatoric": 0.046357615894039736,
    "N_with_uncertainty": 453
  },
  "_n_train": 1877,
  "_n_trainable": 129,
  "_best_epoch": 300,
  "_val_RMSE": 1.035550097383212,
  "_elapsed_s": 4.6794593334198,
  "_protocol": "qm",
  "_variant": "head_only",
  "_fraction": 0.25,
  "_seed": 42,
  "_approach": "filter"
}