{
  "eval": {
    "RMSE": 1.0673890220361026,
    "MAE": 0.8253109395094348,
    "R2": 0.20262862328512754,
    "N": 848,
    "PS_RMSE": 1.059044505273869,
    "PS_R2": -0.01810017459638936,
    "N_solvents": 25
  },
  "ood": {
    "RMSE": 1.0006896941886878,
    "MAE": 0.7938792723767304,
    "R2": 0.13410406141746156,
    "N": 1500,
    "PS_RMSE": 0.8860813129749108,
    "PS_R2": -87.15947537481229,
    "N_solvents": 95
  },
  "sc3_gold": {
    "RMSE": 1.0016527365087677,
    "MAE": 0.7479218897962283,
    "R2": 0.24083787689595992,
    "N": 477,
    "PS_RMSE": 0.921512963366307,
    "PS_R2": -0.7773010742733312,
    "N_solvents": 17,
    "Z_RMSE": 58.80585754479195,
    "f_aleatoric": 0.04856512141280353,
    "N_with_uncertainty": 453
  },
  "_n_train": 1877,
  "_n_trainable": 129,
  "_best_epoch": 298,
  "_val_RMSE": 1.0673890220361026,
  "_elapsed_s": 4.366527080535889,
  "_protocol": "qm",
  "_variant": "head_only",
  "_fraction": 0.25,
  "_seed": 101,
  "_approach": "filter"
}