{
  "eval": {
    "RMSE": 1.046201195779705,
    "MAE": 0.8115131019187415,
    "R2": 0.23397031044284478,
    "N": 848,
    "PS_RMSE": 1.0514807731740732,
    "PS_R2": -0.017889245652525698,
    "N_solvents": 25
  },
  "ood": {
    "RMSE": 0.9856950681631365,
    "MAE": 0.7780348918688639,
    "R2": 0.1598593168894603,
    "N": 1500,
    "PS_RMSE": 0.8764132982188748,
    "PS_R2": -138.48634485318664,
    "N_solvents": 95
  },
  "sc3_gold": {
    "RMSE": 0.9666562369291108,
    "MAE": 0.7355459995247595,
    "R2": 0.29295951397296416,
    "N": 477,
    "PS_RMSE": 0.9287208076562756,
    "PS_R2": -0.9406580780263739,
    "N_solvents": 17,
    "Z_RMSE": 56.64556042236577,
    "f_aleatoric": 0.0728476821192053,
    "N_with_uncertainty": 453
  },
  "_n_train": 1877,
  "_n_trainable": 129,
  "_best_epoch": 296,
  "_val_RMSE": 1.046201195779705,
  "_elapsed_s": 4.294328451156616,
  "_protocol": "qm",
  "_variant": "head_only",
  "_fraction": 0.25,
  "_seed": 123,
  "_approach": "filter"
}