{
  "train_time_s": 45.94114303588867,
  "best_epoch": 77,
  "best_val_loss": 0.22169464826583862,
  "eval": {
    "RMSE": 0.4708446147503309,
    "MAE": 0.2884449544755672,
    "R2": 0.8321030064605313,
    "N": 6969,
    "PS_RMSE": 0.4565367112633256,
    "PS_R2": 0.8071042243686154,
    "N_solvents": 25
  },
  "test_hard": {
    "RMSE": 0.8470584413672081,
    "MAE": 0.591493354577036,
    "R2": 0.478350682643389,
    "N": 4507,
    "PS_RMSE": 0.8070259441692798,
    "PS_R2": -11.340951013115358,
    "N_solvents": 26,
    "Z_RMSE": 49.643900143031054,
    "f_aleatoric": 0.0742244128732966,
    "N_with_uncertainty": 3449
  },
  "test_medium": {
    "RMSE": 0.82159883069696,
    "MAE": 0.5808501930008206,
    "R2": 0.4755595163051236,
    "N": 5475,
    "PS_RMSE": 0.7841577502363675,
    "PS_R2": -7.929330474897428,
    "N_solvents": 27,
    "Z_RMSE": 45.374166129836944,
    "f_aleatoric": 0.10185185185185185,
    "N_with_uncertainty": 4212
  },
  "test_easy": {
    "RMSE": 0.7961737343418829,
    "MAE": 0.5639224291984983,
    "R2": 0.48865825699855325,
    "N": 6331,
    "PS_RMSE": 0.7356070666028214,
    "PS_R2": -2.3857244117487166,
    "N_solvents": 30,
    "Z_RMSE": 42.2158921895654,
    "f_aleatoric": 0.17086662569145666,
    "N_with_uncertainty": 4881
  },
  "artifacts": {
    "seed_dir": "/DATATWO/users/solubility/Dhairya/sc3-benchmark-descriptor-runner/results/hpo_mlp_trial_008/seed_42",
    "checkpoints_dir": "/DATATWO/users/solubility/Dhairya/sc3-benchmark-descriptor-runner/results/hpo_mlp_trial_008/seed_42/checkpoints",
    "predictions_dir": "/DATATWO/users/solubility/Dhairya/sc3-benchmark-descriptor-runner/results/hpo_mlp_trial_008/seed_42/predictions",
    "epoch_history_json": "/DATATWO/users/solubility/Dhairya/sc3-benchmark-descriptor-runner/results/hpo_mlp_trial_008/seed_42/epoch_history.json",
    "best_model_pkl": "/DATATWO/users/solubility/Dhairya/sc3-benchmark-descriptor-runner/results/hpo_mlp_trial_008/seed_42/best_model.pkl",
    "run_config_json": "/DATATWO/users/solubility/Dhairya/sc3-benchmark-descriptor-runner/results/hpo_mlp_trial_008/seed_42/run_config.json"
  }
}