{
  "method": "fastprop_xl",
  "fraction": 1.0,
  "seed": 42,
  "params": {
    "lr": 0.0003,
    "batch_size": 256,
    "hidden_dims": [
      2048,
      1536,
      1024,
      768,
      512,
      256,
      128
    ],
    "dropout": 0.2,
    "epochs": 200,
    "patience": 30
  },
  "wall_time_s": 128.0076310634613,
  "metrics": {
    "eval": {
      "RMSE": 0.46801005206637636,
      "MAE": 0.28475143848024437,
      "R2": 0.8341184573276401,
      "N": 6969,
      "PS_RMSE": 0.4480514250297892,
      "PS_R2": 0.8110338165917588,
      "N_solvents": 25
    },
    "ood": {
      "RMSE": 0.6700181319219934,
      "MAE": 0.47185929012694594,
      "R2": 0.6014723361118639,
      "N": 11940,
      "PS_RMSE": 0.590547557715654,
      "PS_R2": -17.053008526593683,
      "N_solvents": 146
    },
    "sc3_gold": {
      "RMSE": 0.8367606974619205,
      "MAE": 0.6365842880970187,
      "R2": 0.4909570329451932,
      "N": 4507,
      "PS_RMSE": 0.798831867576667,
      "PS_R2": -8.658597189767661,
      "N_solvents": 26,
      "Z_RMSE": 48.446348880258476,
      "f_aleatoric": 0.06871556973035663,
      "N_with_uncertainty": 3449
    },
    "_n_train": 61403,
    "_best_epoch": 76
  }
}