{
  "method": "fastprop",
  "fraction": 0.2,
  "seed": 42,
  "params": {
    "lr": 0.0005,
    "batch_size": 256,
    "hidden_dims": [
      512,
      256,
      128
    ],
    "dropout": 0.1,
    "epochs": 100,
    "patience": 20
  },
  "wall_time_s": 12.645440578460693,
  "metrics": {
    "eval": {
      "RMSE": 0.4946082978661469,
      "MAE": 0.3178825533395019,
      "R2": 0.8147276971685997,
      "N": 6969,
      "PS_RMSE": 0.48865678995839495,
      "PS_R2": 0.7797377806379885,
      "N_solvents": 25
    },
    "ood": {
      "RMSE": 0.7043879021477352,
      "MAE": 0.5162401292198352,
      "R2": 0.559537297811461,
      "N": 11940,
      "PS_RMSE": 0.6285478861468474,
      "PS_R2": -12.306214784438477,
      "N_solvents": 146
    },
    "sc3_gold": {
      "RMSE": 0.8287266317505786,
      "MAE": 0.6115046563556517,
      "R2": 0.5006851459675238,
      "N": 4507,
      "PS_RMSE": 0.7950870471649094,
      "PS_R2": -12.93278456107469,
      "N_solvents": 26,
      "Z_RMSE": 46.18171653562683,
      "f_aleatoric": 0.04523050159466512,
      "N_with_uncertainty": 3449
    },
    "_n_train": 12281,
    "_best_epoch": 86
  }
}