{
  "method": "fastprop_big",
  "fraction": 0.4,
  "seed": 42,
  "params": {
    "lr": 0.0005,
    "batch_size": 256,
    "hidden_dims": [
      1024,
      768,
      512,
      256,
      128
    ],
    "dropout": 0.35,
    "weight_decay": 0.001,
    "epochs": 400,
    "patience": 50,
    "lr_patience": 20
  },
  "wall_time_s": 49.88119101524353,
  "metrics": {
    "eval": {
      "RMSE": 0.4754109187801481,
      "MAE": 0.3060288602247017,
      "R2": 0.8288306476909515,
      "N": 6969,
      "PS_RMSE": 0.46867245359203225,
      "PS_R2": 0.7971990588885284,
      "N_solvents": 25
    },
    "ood": {
      "RMSE": 0.6701196222531995,
      "MAE": 0.4831856414921446,
      "R2": 0.6013515938035956,
      "N": 11940,
      "PS_RMSE": 0.6194538715370096,
      "PS_R2": -15.556868477003537,
      "N_solvents": 146
    },
    "sc3_gold": {
      "RMSE": 0.806366176894419,
      "MAE": 0.6092249346617725,
      "R2": 0.5272663676431179,
      "N": 4507,
      "PS_RMSE": 0.7781641279432837,
      "PS_R2": -11.069795142522473,
      "N_solvents": 26,
      "Z_RMSE": 46.80960247429823,
      "f_aleatoric": 0.06494636126413453,
      "N_with_uncertainty": 3449
    },
    "_n_train": 24561,
    "_best_epoch": 92,
    "_train_RMSE_at_best": 0.3086862760845517,
    "_val_RMSE_best": 0.47541091486967213,
    "_n_params": 1679361
  }
}