{
  "method": "gcn",
  "seed": 42,
  "hp": {
    "lr": 0.001,
    "batch_size": 64,
    "hidden_dim": 96,
    "num_layers": 4,
    "epochs": 100,
    "patience": 20
  },
  "n_sample": 5000,
  "metrics": {
    "eval": {
      "RMSE": 0.6075294722733051,
      "MAE": 0.431568013382349,
      "R2": 0.7204738739466743,
      "N": 6969,
      "PS_RMSE": 0.6128674265424248,
      "PS_R2": 0.6417244131495784,
      "N_solvents": 25
    },
    "ood": {
      "RMSE": 0.7862426339636142,
      "MAE": 0.5708250031144535,
      "R2": 0.451219663655095,
      "N": 11940,
      "PS_RMSE": 0.7376468615540748,
      "PS_R2": -20.665727200587565,
      "N_solvents": 146
    }
  }
}