{
  "method": "fastprop_xl",
  "fraction": 0.2,
  "seed": 42,
  "params": {
    "lr": 0.0003,
    "batch_size": 256,
    "hidden_dims": [
      2048,
      1536,
      1024,
      768,
      512,
      256,
      128
    ],
    "dropout": 0.5,
    "weight_decay": 0.01,
    "epochs": 500,
    "patience": 60,
    "lr_patience": 25
  },
  "wall_time_s": 94.99067401885986,
  "metrics": {
    "eval": {
      "RMSE": 0.5053108174823934,
      "MAE": 0.3314720259608975,
      "R2": 0.8066229661357347,
      "N": 6969,
      "PS_RMSE": 0.4993727833027755,
      "PS_R2": 0.7712480621346836,
      "N_solvents": 25
    },
    "ood": {
      "RMSE": 0.7232432223442032,
      "MAE": 0.5261456370543641,
      "R2": 0.535640743615353,
      "N": 11940,
      "PS_RMSE": 0.6781939905506265,
      "PS_R2": -19.918622929814774,
      "N_solvents": 146
    },
    "sc3_gold": {
      "RMSE": 0.7865541450857515,
      "MAE": 0.6104643462210442,
      "R2": 0.5502106756785166,
      "N": 4507,
      "PS_RMSE": 0.7925779363666078,
      "PS_R2": -18.59075520462002,
      "N_solvents": 26,
      "Z_RMSE": 44.94904109589895,
      "f_aleatoric": 0.05595824876775877,
      "N_with_uncertainty": 3449
    },
    "_n_train": 12281,
    "_best_epoch": 368,
    "_train_RMSE_at_best": 0.35117697014293825,
    "_val_RMSE_best": 0.5053108216247806,
    "_n_params": 6736385
  }
}