{
  "aleatoric": {
    "per_split": {
      "train": {
        "duplicate_pairs": {
          "n_triples": 905,
          "n_rows_in_dups": 1839,
          "rmse_floor": 0.229537825635112,
          "mae_floor": 0.07405678462882533,
          "std_p50": 0.005333131518138041,
          "std_p90": 0.4300768329128649,
          "std_p99": 1.4943449960771622,
          "std_max": 2.4301519107241427
        }
      },
      "eval": {
        "duplicate_pairs": {
          "n_triples": 101,
          "n_rows_in_dups": 202,
          "rmse_floor": 0.14678113070080626,
          "mae_floor": 0.03775122633676514,
          "std_p50": 0.004526407178193018,
          "std_p90": 0.026072279029435923,
          "std_p99": 0.9596641451109507,
          "std_max": 1.0003357302065372
        }
      },
      "ood": {
        "duplicate_pairs": {
          "n_triples": 83,
          "n_rows_in_dups": 166,
          "rmse_floor": 0.033819955120874816,
          "mae_floor": 0.008597745383204675,
          "std_p50": 0.0024299477382929606,
          "std_p90": 0.0238814419379987,
          "std_p99": 0.13871230483267122,
          "std_max": 0.4147601472423393
        }
      },
      "sc3_gold": {
        "duplicate_pairs": {
          "n_triples": 490,
          "n_rows_in_dups": 988,
          "rmse_floor": 0.00811599613127681,
          "mae_floor": 0.0036016080502183833,
          "std_p50": 0.00151648689514646,
          "std_p90": 0.0122950515969465,
          "std_p99": 0.05399014162231211,
          "std_max": 0.10913731606286811
        },
        "sigma_quadrature": {
          "n_with_unc": 3449,
          "sigma_p50": 0.0186151820481152,
          "sigma_mean": 0.02845018222660941,
          "rmse_floor": 0.03676829576972084
        }
      },
      "sc3_silver": {
        "duplicate_pairs": {
          "n_triples": 610,
          "n_rows_in_dups": 1232,
          "rmse_floor": 0.01008717257774571,
          "mae_floor": 0.004243837750744191,
          "std_p50": 0.001519418980963365,
          "std_p90": 0.015762205138600965,
          "std_p99": 0.0722568903050259,
          "std_max": 0.10913731606286811
        },
        "sigma_quadrature": {
          "n_with_unc": 4212,
          "sigma_p50": 0.0236798753519608,
          "sigma_mean": 0.04213283486647469,
          "rmse_floor": 0.05879097482287183
        }
      },
      "sc3_bronze": {
        "duplicate_pairs": {
          "n_triples": 699,
          "n_rows_in_dups": 1413,
          "rmse_floor": 0.01627847835013764,
          "mae_floor": 0.005666179224278472,
          "std_p50": 0.0014442395734139458,
          "std_p90": 0.016954847406844026,
          "std_p99": 0.10908167606643906,
          "std_max": 0.2462111122476846
        },
        "sigma_quadrature": {
          "n_with_unc": 4881,
          "sigma_p50": 0.0311176320075401,
          "sigma_mean": 0.06620339132081826,
          "rmse_floor": 0.10195052732730864
        }
      }
    },
    "combined_train_eval_ood_duplicates": {
      "n_triples": 1089,
      "n_rows_in_dups": 2207,
      "rmse_floor": 0.21438357437926753,
      "mae_floor": 0.0658103309406653,
      "std_p50": 0.004880276579145068,
      "std_p90": 0.40267135345748256,
      "std_p99": 1.421078019857119,
      "std_max": 2.4301519107241427
    },
    "duplicate_pairs": 0.14678113070080626,
    "sc3_gold_sigma": 0.03676829576972084
  },
  "curves": {
    "lgb_rdkit::eval": {
      "n": [
        3070.0,
        6140.0,
        12281.0,
        24561.0,
        36842.0,
        49122.0,
        61403.0
      ],
      "rmse": [
        0.6424503811028118,
        0.5740985859796742,
        0.5076429087664036,
        0.49732741211758164,
        0.4903329671275429,
        0.4913729529964257,
        0.49513130546942197
      ]
    },
    "lgb_rdkit::ood": {
      "n": [
        3070.0,
        6140.0,
        12281.0,
        24561.0,
        36842.0,
        49122.0,
        61403.0
      ],
      "rmse": [
        0.7130151998701275,
        0.6653863382060471,
        0.6346171797792706,
        0.6143672097046304,
        0.61035241983165,
        0.6169948487604001,
        0.6101479684810214
      ]
    },
    "lgb_rdkit::sc3_gold": {
      "n": [
        3070.0,
        6140.0,
        12281.0,
        24561.0,
        36842.0,
        49122.0,
        61403.0
      ],
      "rmse": [
        0.7346304235115053,
        0.7336235875934536,
        0.7613004818207266,
        0.7454877003203821,
        0.7266669645785448,
        0.73040333380008,
        0.7198033545188731
      ]
    },
    "fastprop::eval": {
      "n": [
        3070.0,
        6140.0,
        12281.0,
        24561.0,
        36842.0,
        49122.0,
        61403.0
      ],
      "rmse": [
        0.6430226800247194,
        0.5513121664563985,
        0.49254193023050774,
        0.4582370079128552,
        0.4607673484764549,
        0.4585686184666009,
        0.4512706217843229
      ]
    },
    "fastprop::ood": {
      "n": [
        3070.0,
        6140.0,
        12281.0,
        24561.0,
        36842.0,
        49122.0,
        61403.0
      ],
      "rmse": [
        0.8152274633965442,
        0.7579815313730759,
        0.7168985152861999,
        0.6995671958071216,
        0.6780440455039178,
        0.6720750280507435,
        0.6903162658510218
      ]
    },
    "fastprop::sc3_gold": {
      "n": [
        3070.0,
        6140.0,
        12281.0,
        24561.0,
        36842.0,
        49122.0,
        61403.0
      ],
      "rmse": [
        0.7359561009157676,
        0.7434172994315981,
        0.8076377881088098,
        0.7747751325745196,
        0.844046567782433,
        0.7989570374244246,
        0.8071191137317792
      ]
    },
    "fastprop_big::eval": {
      "n": [
        3070.0,
        6140.0,
        12281.0,
        24561.0,
        36842.0,
        49122.0,
        61403.0
      ],
      "rmse": [
        0.6761111352230041,
        0.5609821703467787,
        0.5041210790148326,
        0.4754109187801481,
        0.4694044175897396,
        0.4877268309586041,
        0.49176935185946674
      ]
    },
    "fastprop_big::ood": {
      "n": [
        3070.0,
        6140.0,
        12281.0,
        24561.0,
        36842.0,
        49122.0,
        61403.0
      ],
      "rmse": [
        0.7952700948304134,
        0.756046534383513,
        0.6967044089455562,
        0.6701196222531995,
        0.6766843999249991,
        0.6558123727568029,
        0.683971850676958
      ]
    },
    "fastprop_big::sc3_gold": {
      "n": [
        3070.0,
        6140.0,
        12281.0,
        24561.0,
        36842.0,
        49122.0,
        61403.0
      ],
      "rmse": [
        0.7805586245555146,
        0.7631776448538855,
        0.7980470007752375,
        0.806366176894419,
        0.8188974058384362,
        0.8835652985684723,
        0.7916841712161251
      ]
    },
    "fastprop_xl::eval": {
      "n": [
        3070.0,
        6140.0,
        12281.0,
        24561.0,
        36842.0,
        49122.0,
        61403.0
      ],
      "rmse": [
        0.6642942665547786,
        0.5622804504171677,
        0.5053108174823934,
        0.48616343240533605,
        0.4701868923617458,
        0.483732933603274,
        0.4772542078574679
      ]
    },
    "fastprop_xl::ood": {
      "n": [
        3070.0,
        6140.0,
        12281.0,
        24561.0,
        36842.0,
        49122.0,
        61403.0
      ],
      "rmse": [
        0.822338591612786,
        0.7637697353207145,
        0.7232432223442032,
        0.6906568702646186,
        0.7175693915085715,
        0.6972745532242528,
        0.7090009869091272
      ]
    },
    "fastprop_xl::sc3_gold": {
      "n": [
        3070.0,
        6140.0,
        12281.0,
        24561.0,
        36842.0,
        49122.0,
        61403.0
      ],