{
  "method": "fastprop_xl",
  "fraction": 0.6,
  "seed": 42,
  "params": {
    "lr": 0.0003,
    "batch_size": 256,
    "hidden_dims": [
      2048,
      1536,
      1024,
      768,
      512,
      256,
      128
    ],
    "dropout": 0.5,
    "weight_decay": 0.01,
    "epochs": 500,
    "patience": 60,
    "lr_patience": 25
  },
  "wall_time_s": 205.24601030349731,
  "metrics": {
    "eval": {
      "RMSE": 0.4701868923617458,
      "MAE": 0.3054679585684694,
      "R2": 0.8325717494921511,
      "N": 6969,
      "PS_RMSE": 0.46175106209775424,
      "PS_R2": 0.806415199883162,
      "N_solvents": 25
    },
    "ood": {
      "RMSE": 0.7175693915085715,
      "MAE": 0.5219890808074074,
      "R2": 0.5428979462115702,
      "N": 11940,
      "PS_RMSE": 0.6483761116471902,
      "PS_R2": -19.620864310063816,
      "N_solvents": 146
    },
    "sc3_gold": {
      "RMSE": 0.7739806619236498,
      "MAE": 0.593121328245688,
      "R2": 0.5644759773264025,
      "N": 4507,
      "PS_RMSE": 0.7591933210019806,
      "PS_R2": -12.651202495574383,
      "N_solvents": 26,
      "Z_RMSE": 43.09568615202686,
      "f_aleatoric": 0.06320672658741665,
      "N_with_uncertainty": 3449
    },
    "_n_train": 36842,
    "_best_epoch": 249,
    "_train_RMSE_at_best": 0.35113813535112676,
    "_val_RMSE_best": 0.4701868922401931,
    "_n_params": 6736385
  }
}