{
  "method": "molmerger",
  "fraction": 0.1,
  "seed": 42,
  "params": {
    "lr": 0.001,
    "batch_size": 256,
    "hidden_dim": 200,
    "num_layers": 3,
    "num_timesteps": 2,
    "dropout": 0.2,
    "epochs": 200,
    "patience": 25
  },
  "wall_time_s": 146.14875507354736,
  "metrics": {
    "eval": {
      "RMSE": 0.6218804242628639,
      "MAE": 0.42834362545110394,
      "R2": 0.7071120692454209,
      "N": 6969,
      "PS_RMSE": 0.611884057693266,
      "PS_R2": 0.6086784691652257,
      "N_solvents": 25,
      "n_skipped_unparseable": 0
    },
    "ood": {
      "RMSE": 0.9162669781997073,
      "MAE": 0.6804395870186213,
      "R2": 0.2547028984292026,
      "N": 11940,
      "PS_RMSE": 0.841947573599554,
      "PS_R2": -37.043651603028316,
      "N_solvents": 146,
      "n_skipped_unparseable": 0
    },
    "sc3_gold": {
      "RMSE": 0.8319012276976043,
      "MAE": 0.67021362761098,
      "R2": 0.49685237673005633,
      "N": 4507,
      "PS_RMSE": 0.8328182342553686,
      "PS_R2": -10.69323812042532,
      "N_solvents": 26,
      "Z_RMSE": 48.49649475376362,
      "f_aleatoric": 0.0466801971585967,
      "N_with_uncertainty": 3449,
      "n_skipped_unparseable": 0
    },
    "_n_train": 6140,
    "_n_train_skipped_unparseable": 0,
    "_best_epoch": 106
  }
}