{
  "method": "fastprop",
  "fraction": 0.4,
  "seed": 42,
  "params": {
    "lr": 0.0005,
    "batch_size": 256,
    "hidden_dims": [
      512,
      256,
      128
    ],
    "dropout": 0.2,
    "weight_decay": 0.0001,
    "epochs": 300,
    "patience": 40,
    "lr_patience": 15
  },
  "wall_time_s": 38.709760427474976,
  "metrics": {
    "eval": {
      "RMSE": 0.4582370079128552,
      "MAE": 0.291828694178402,
      "R2": 0.8409740405420998,
      "N": 6969,
      "PS_RMSE": 0.44832492729847623,
      "PS_R2": 0.809820537727451,
      "N_solvents": 25
    },
    "ood": {
      "RMSE": 0.6995671958071216,
      "MAE": 0.5143590280345313,
      "R2": 0.565545565268395,
      "N": 11940,
      "PS_RMSE": 0.6015481581090414,
      "PS_R2": -12.113698166017667,
      "N_solvents": 146
    },
    "sc3_gold": {
      "RMSE": 0.7747751325745196,
      "MAE": 0.571109479224572,
      "R2": 0.5635814106882804,
      "N": 4507,
      "PS_RMSE": 0.7596802238410405,
      "PS_R2": -7.817375209481801,
      "N_solvents": 26,
      "Z_RMSE": 43.999277291536494,
      "f_aleatoric": 0.05827776167004929,
      "N_with_uncertainty": 3449
    },
    "_n_train": 24561,
    "_best_epoch": 115,
    "_train_RMSE_at_best": 0.252852367403657,
    "_val_RMSE_best": 0.4582370111369662,
    "_n_params": 330497
  }
}