{
  "method": "fastprop_xl",
  "fraction": 0.1,
  "seed": 42,
  "params": {
    "lr": 0.0003,
    "batch_size": 256,
    "hidden_dims": [
      2048,
      1536,
      1024,
      768,
      512,
      256,
      128
    ],
    "dropout": 0.5,
    "weight_decay": 0.01,
    "epochs": 500,
    "patience": 60,
    "lr_patience": 25
  },
  "wall_time_s": 43.99655246734619,
  "metrics": {
    "eval": {
      "RMSE": 0.5622804504171677,
      "MAE": 0.3772525049883424,
      "R2": 0.7605616718039676,
      "N": 6969,
      "PS_RMSE": 0.5514075636490168,
      "PS_R2": 0.7119401869870559,
      "N_solvents": 25
    },
    "ood": {
      "RMSE": 0.7637697353207145,
      "MAE": 0.5515226758433135,
      "R2": 0.482142521150258,
      "N": 11940,
      "PS_RMSE": 0.7292498397219813,
      "PS_R2": -40.50423182728371,
      "N_solvents": 146
    },
    "sc3_gold": {
      "RMSE": 0.7815821795447134,
      "MAE": 0.5969833174813486,
      "R2": 0.5558791191521983,
      "N": 4507,
      "PS_RMSE": 0.8324156578890413,
      "PS_R2": -16.53371794140728,
      "N_solvents": 26,
      "Z_RMSE": 45.6536669237235,
      "f_aleatoric": 0.05885763989562192,
      "N_with_uncertainty": 3449
    },
    "_n_train": 6140,
    "_best_epoch": 313,
    "_train_RMSE_at_best": 0.3259307925787891,
    "_val_RMSE_best": 0.5622804531163212,
    "_n_params": 6736385
  }
}