{
  "eval": {
    "RMSE": 0.82374082169203,
    "MAE": 0.6241723143835286,
    "R2": 0.5131155021537446,
    "N": 717,
    "PS_RMSE": 0.8306044223065987,
    "PS_R2": 0.37215252193098175,
    "N_solvents": 25
  },
  "ood": {
    "RMSE": 0.8916122494396354,
    "MAE": 0.6924819757818281,
    "R2": 0.31497569650884727,
    "N": 1159,
    "PS_RMSE": 0.7550425597095907,
    "PS_R2": -7.931515653887432,
    "N_solvents": 77
  },
  "sc3_gold": {
    "RMSE": 0.8088893693990866,
    "MAE": 0.598254559454634,
    "R2": 0.5025873700453525,
    "N": 666,
    "PS_RMSE": 0.7547765075271196,
    "PS_R2": -6687.9483515399,
    "N_solvents": 25
  },
  "_n_train": 458,
  "_n_trainable": 330497,
  "_best_epoch": 159,
  "_val_RMSE": 0.82374082169203,
  "_elapsed_s": 2.8127732276916504,
  "_protocol": "qm",
  "_variant": "full",
  "_fraction": 0.05,
  "_seed": 42,
  "_approach": "interp"
}