{
  "eval": {
    "RMSE": 0.880772950901394,
    "MAE": 0.6585147565093042,
    "R2": 0.44336218425865237,
    "N": 717,
    "PS_RMSE": 0.8561668631313202,
    "PS_R2": 0.3150723946917468,
    "N_solvents": 25
  },
  "ood": {
    "RMSE": 0.9937195114461806,
    "MAE": 0.7635317758441182,
    "R2": 0.14909404840755702,
    "N": 1159,
    "PS_RMSE": 0.8371065685192892,
    "PS_R2": -6.859211080896015,
    "N_solvents": 77
  },
  "sc3_gold": {
    "RMSE": 0.8292999546930344,
    "MAE": 0.6079262440217318,
    "R2": 0.47716839102193165,
    "N": 666,
    "PS_RMSE": 0.8116086019456705,
    "PS_R2": -9268.12953621982,
    "N_solvents": 25
  },
  "_n_train": 458,
  "_n_trainable": 330497,
  "_best_epoch": 79,
  "_val_RMSE": 0.880772950901394,
  "_elapsed_s": 1.636930227279663,
  "_protocol": "qm",
  "_variant": "full",
  "_fraction": 0.05,
  "_seed": 456,
  "_approach": "interp"
}