{
  "eval": {
    "RMSE": 0.8802947492171405,
    "MAE": 0.6480745394506999,
    "R2": 0.44396645549617664,
    "N": 717,
    "PS_RMSE": 0.8998322487823475,
    "PS_R2": 0.25899232304109626,
    "N_solvents": 25
  },
  "ood": {
    "RMSE": 0.9299500558088771,
    "MAE": 0.716477957496657,
    "R2": 0.2547994331003146,
    "N": 1159,
    "PS_RMSE": 0.7985431649098501,
    "PS_R2": -5.810591220661981,
    "N_solvents": 77
  },
  "sc3_gold": {
    "RMSE": 0.8396744028258887,
    "MAE": 0.6192804456117924,
    "R2": 0.46400544135687816,
    "N": 666,
    "PS_RMSE": 0.6812089497129074,
    "PS_R2": -5128.200524837235,
    "N_solvents": 25
  },
  "_n_train": 458,
  "_n_trainable": 330497,
  "_best_epoch": 180,
  "_val_RMSE": 0.8802947492171405,
  "_elapsed_s": 3.0073654651641846,
  "_protocol": "qm",
  "_variant": "full",
  "_fraction": 0.05,
  "_seed": 789,
  "_approach": "interp"
}