{
  "eval": {
    "RMSE": 0.9489019348371293,
    "MAE": 0.6845643719040622,
    "R2": 0.3539183086904878,
    "N": 717,
    "PS_RMSE": 0.9274415623110909,
    "PS_R2": 0.2701602027759562,
    "N_solvents": 25
  },
  "ood": {
    "RMSE": 0.8869509907285043,
    "MAE": 0.6775080416052935,
    "R2": 0.3221194497850288,
    "N": 1159,
    "PS_RMSE": 0.7415005244926322,
    "PS_R2": -4.778158848837123,
    "N_solvents": 77
  },
  "sc3_gold": {
    "RMSE": 0.8813366483543404,
    "MAE": 0.6820944838565648,
    "R2": 0.4094968591770932,
    "N": 666,
    "PS_RMSE": 0.7978319878995284,
    "PS_R2": -5050.970158363572,
    "N_solvents": 25
  },
  "_n_train": 458,
  "_n_trainable": 330497,
  "_best_epoch": 55,
  "_val_RMSE": 0.9489019348371293,
  "_elapsed_s": 1.3293886184692383,
  "_protocol": "qm",
  "_variant": "full",
  "_fraction": 0.05,
  "_seed": 123,
  "_approach": "interp"
}