{
  "eval": {
    "RMSE": 0.8705727792647577,
    "MAE": 0.6568272559253455,
    "R2": 0.4561802984823581,
    "N": 717,
    "PS_RMSE": 0.8658571136455521,
    "PS_R2": 0.32840977088983947,
    "N_solvents": 25
  },
  "ood": {
    "RMSE": 0.8782705658234946,
    "MAE": 0.6730043748268602,
    "R2": 0.3353231037373947,
    "N": 1159,
    "PS_RMSE": 0.7666859808933749,
    "PS_R2": -2.8259283780573554,
    "N_solvents": 77
  },
  "sc3_gold": {
    "RMSE": 0.8335037346099797,
    "MAE": 0.644936277544372,
    "R2": 0.47185441606806344,
    "N": 666,
    "PS_RMSE": 0.8002049557538637,
    "PS_R2": -5013.152684652732,
    "N_solvents": 25
  },
  "_n_train": 458,
  "_n_trainable": 330497,
  "_best_epoch": 61,
  "_val_RMSE": 0.8705727792647577,
  "_elapsed_s": 1.4359774589538574,
  "_protocol": "qm",
  "_variant": "full",
  "_fraction": 0.05,
  "_seed": 101,
  "_approach": "interp"
}