{
  "method": "fastprop_xl",
  "fraction": 0.8,
  "seed": 42,
  "params": {
    "lr": 0.0003,
    "batch_size": 256,
    "hidden_dims": [
      2048,
      1536,
      1024,
      768,
      512,
      256,
      128
    ],
    "dropout": 0.5,
    "weight_decay": 0.01,
    "epochs": 500,
    "patience": 60,
    "lr_patience": 25
  },
  "wall_time_s": 189.88853192329407,
  "metrics": {
    "eval": {
      "RMSE": 0.483732933603274,
      "MAE": 0.31760179770197233,
      "R2": 0.8227855971536235,
      "N": 6969,
      "PS_RMSE": 0.474592501713756,
      "PS_R2": 0.7962347837917129,
      "N_solvents": 25
    },
    "ood": {
      "RMSE": 0.6972745532242528,
      "MAE": 0.5069545758597501,
      "R2": 0.5683885133167113,
      "N": 11940,
      "PS_RMSE": 0.6615870567272373,
      "PS_R2": -21.20991846364359,
      "N_solvents": 146
    },
    "sc3_gold": {
      "RMSE": 0.7921055330344843,
      "MAE": 0.607955918105715,
      "R2": 0.5438391712424577,
      "N": 4507,
      "PS_RMSE": 0.7825958145414299,
      "PS_R2": -10.902501523616085,
      "N_solvents": 26,
      "Z_RMSE": 44.71476120692387,
      "f_aleatoric": 0.057407944331690344,
      "N_with_uncertainty": 3449
    },
    "_n_train": 49122,
    "_best_epoch": 154,
    "_train_RMSE_at_best": 0.38600363185507247,
    "_val_RMSE_best": 0.48373292082077546,
    "_n_params": 6736385
  }
}