{
  "method": "fastprop_big",
  "fraction": 0.1,
  "seed": 42,
  "params": {
    "lr": 0.0005,
    "batch_size": 256,
    "hidden_dims": [
      1024,
      768,
      512,
      256,
      128
    ],
    "dropout": 0.15,
    "epochs": 150,
    "patience": 25
  },
  "wall_time_s": 11.273138046264648,
  "metrics": {
    "eval": {
      "RMSE": 0.5700142286788518,
      "MAE": 0.3827397333431887,
      "R2": 0.7539297578018412,
      "N": 6969,
      "PS_RMSE": 0.5579174974832085,
      "PS_R2": 0.6919143410701745,
      "N_solvents": 25
    },
    "ood": {
      "RMSE": 0.7609042954596126,
      "MAE": 0.550687362374776,
      "R2": 0.4860209306627592,
      "N": 11940,
      "PS_RMSE": 0.7092006371225261,
      "PS_R2": -43.33917432444841,
      "N_solvents": 146
    },
    "sc3_gold": {
      "RMSE": 0.7489867827437579,
      "MAE": 0.5798707945150484,
      "R2": 0.5921502477927276,
      "N": 4507,
      "PS_RMSE": 0.7621753687176368,
      "PS_R2": -9.89764522230979,
      "N_solvents": 26,
      "Z_RMSE": 44.16379405686747,
      "f_aleatoric": 0.06059727457233981,
      "N_with_uncertainty": 3449
    },
    "_n_train": 6140,
    "_best_epoch": 95
  }
}