{
  "eval": {
    "RMSE": 1.0492108262657918,
    "MAE": 0.8033331612752145,
    "R2": 0.22955666150110265,
    "N": 848,
    "PS_RMSE": 1.046422349409228,
    "PS_R2": 0.0007721385928921709,
    "N_solvents": 25
  },
  "ood": {
    "RMSE": 1.1679726866362183,
    "MAE": 0.9078497225346509,
    "R2": -0.17959309580996297,
    "N": 1500,
    "PS_RMSE": 0.9595990474887764,
    "PS_R2": -95.88441431506787,
    "N_solvents": 95
  },
  "sc3_gold": {
    "RMSE": 1.01594415402991,
    "MAE": 0.7801079777903089,
    "R2": 0.21902013121222985,
    "N": 477,
    "PS_RMSE": 0.9456688024398929,
    "PS_R2": -1.206139671323432,
    "N_solvents": 17,
    "Z_RMSE": 58.87954912540093,
    "f_aleatoric": 0.033112582781456956,
    "N_with_uncertainty": 453
  },
  "_n_train": 1877,
  "_n_trainable": 129,
  "_best_epoch": 221,
  "_val_RMSE": 1.0492108262657918,
  "_elapsed_s": 3.9430079460144043,
  "_protocol": "scratch",
  "_variant": "head_only",
  "_fraction": 0.25,
  "_seed": 42,
  "_approach": "filter"
}