{
  "eval": {
    "RMSE": 1.0502155798810684,
    "MAE": 0.8072036873842457,
    "R2": 0.2280803588115442,
    "N": 848,
    "PS_RMSE": 1.050455709013591,
    "PS_R2": 0.0042605927545719124,
    "N_solvents": 25
  },
  "ood": {
    "RMSE": 1.122797118083283,
    "MAE": 0.8661229156829261,
    "R2": -0.09010774905656538,
    "N": 1500,
    "PS_RMSE": 1.0158456044739648,
    "PS_R2": -137.01122088783944,
    "N_solvents": 95
  },
  "sc3_gold": {
    "RMSE": 1.011757046753097,
    "MAE": 0.7846681832978248,
    "R2": 0.22544431880537186,
    "N": 477,
    "PS_RMSE": 0.9559759299022493,
    "PS_R2": -0.8176504422012397,
    "N_solvents": 17,
    "Z_RMSE": 59.421759905966496,
    "f_aleatoric": 0.039735099337748346,
    "N_with_uncertainty": 453
  },
  "_n_train": 1877,
  "_n_trainable": 129,
  "_best_epoch": 286,
  "_val_RMSE": 1.0502155798810684,
  "_elapsed_s": 4.563050746917725,
  "_protocol": "scratch",
  "_variant": "head_only",
  "_fraction": 0.25,
  "_seed": 123,
  "_approach": "filter"
}