{
  "eval": {
    "RMSE": 1.0258609891158115,
    "MAE": 0.8013909222456003,
    "R2": 0.2634670031772255,
    "N": 848,
    "PS_RMSE": 1.0377879419790033,
    "PS_R2": 0.027394717810474978,
    "N_solvents": 25
  },
  "ood": {
    "RMSE": 1.085613228992306,
    "MAE": 0.8515440607793474,
    "R2": -0.019100705197508727,
    "N": 1500,
    "PS_RMSE": 0.9241264050138469,
    "PS_R2": -56.8545288532954,
    "N_solvents": 95
  },
  "sc3_gold": {
    "RMSE": 1.0509455517079178,
    "MAE": 0.7896796386235977,
    "R2": 0.16428037521665773,
    "N": 477,
    "PS_RMSE": 1.0299745530256232,
    "PS_R2": -3.1277874183168057,
    "N_solvents": 17,
    "Z_RMSE": 61.59778209820919,
    "f_aleatoric": 0.05518763796909492,
    "N_with_uncertainty": 453
  },
  "_n_train": 1877,
  "_n_trainable": 129,
  "_best_epoch": 182,
  "_val_RMSE": 1.0258609891158115,
  "_elapsed_s": 3.3177237510681152,
  "_protocol": "scratch",
  "_variant": "head_only",
  "_fraction": 0.25,
  "_seed": 101,
  "_approach": "filter"
}