{
  "eval": {
    "RMSE": 1.0370653518493624,
    "MAE": 0.7928128576291646,
    "R2": 0.24729044739335704,
    "N": 848,
    "PS_RMSE": 1.0327949521441762,
    "PS_R2": 0.04317789088114614,
    "N_solvents": 25
  },
  "ood": {
    "RMSE": 1.0331528252135802,
    "MAE": 0.8170515688088877,
    "R2": 0.07701215103502879,
    "N": 1500,
    "PS_RMSE": 0.9180125197746809,
    "PS_R2": -125.80816747302896,
    "N_solvents": 95
  },
  "sc3_gold": {
    "RMSE": 1.0638905809337238,
    "MAE": 0.8074883779460091,
    "R2": 0.14356561430265835,
    "N": 477,
    "PS_RMSE": 1.0301808024485832,
    "PS_R2": -2.216306056777323,
    "N_solvents": 17,
    "Z_RMSE": 62.47163278759213,
    "f_aleatoric": 0.04856512141280353,
    "N_with_uncertainty": 453
  },
  "_n_train": 1877,
  "_n_trainable": 129,
  "_best_epoch": 220,
  "_val_RMSE": 1.0370653518493624,
  "_elapsed_s": 3.7083170413970947,
  "_protocol": "scratch",
  "_variant": "head_only",
  "_fraction": 0.25,
  "_seed": 456,
  "_approach": "filter"
}