{
  "eval": {
    "RMSE": 1.0117926674414481,
    "MAE": 0.7769355243198214,
    "R2": 0.2835296318997088,
    "N": 848,
    "PS_RMSE": 0.9935536520530935,
    "PS_R2": 0.11805396189799211,
    "N_solvents": 25
  },
  "ood": {
    "RMSE": 1.0803613523367304,
    "MAE": 0.8560947460261329,
    "R2": -0.009264338249548087,
    "N": 1500,
    "PS_RMSE": 0.9405068665018051,
    "PS_R2": -105.30122780156024,
    "N_solvents": 95
  },
  "sc3_gold": {
    "RMSE": 1.124825071955225,
    "MAE": 0.8585075463990308,
    "R2": 0.042651317168162284,
    "N": 477,
    "PS_RMSE": 1.0475155088000019,
    "PS_R2": -1.1047059700228827,
    "N_solvents": 17,
    "Z_RMSE": 64.31285146916916,
    "f_aleatoric": 0.04194260485651214,
    "N_with_uncertainty": 453
  },
  "_n_train": 1877,
  "_n_trainable": 129,
  "_best_epoch": 276,
  "_val_RMSE": 1.0117926674414481,
  "_elapsed_s": 4.249767065048218,
  "_protocol": "scratch",
  "_variant": "head_only",
  "_fraction": 0.25,
  "_seed": 789,
  "_approach": "filter"
}