{
  "42": {
    "train_time_s": 609.4200026988983,
    "epoch_losses": [
      1.2438951586460893,
      0.8268315312056822,
      0.6985480448882176,
      0.6264399262390418,
      0.5700300101078506,
      0.5175669006541612,
      0.4784323093862139,
      0.43706778412061087,
      0.4111950018311833,
      0.3769222027600853,
      0.35783057071212376,
      0.34084191875613234,
      0.32079557585114016,
      0.30069393927285337,
      0.2869852297788854,
      0.2791202702745134,
      0.26407783525177586,
      0.25699274803748273,
      0.24642987060065985,
      0.23704740982923442,
      0.23188568595593279,
      0.21994158342712902,
      0.21780827938306663,
      0.21077914328922107,
      0.20511961992720043,
      0.20142915621168123,
      0.196918355545551,
      0.19473544576302096,
      0.18779740301445969,
      0.1850518451280812,
      0.1828308241555328,
      0.1740317538055677,
      0.1799204315113353,
      0.1696082519328903,
      0.16593992982932204,
      0.16661067175391078,
      0.1619073544447774,
      0.15667700933266207,
      0.15557721148805487,
      0.15748748784097047,
      0.15214358706406395,
      0.15091349900340578,
      0.14993480936052192,
      0.1440897398781136,
      0.14188824071850453,
      0.14375439011156407,
      0.1382360244703268,
      0.13345460438119502,
      0.13374037590324553,
      0.134199165862354,
      0.1324946565126038,
      0.128391081548113,
      0.13136416718737728,
      0.1289836347786015,
      0.12630714768778298,
      0.12642472935242136,
      0.12014198401919825,
      0.12270980043259669,
      0.1206248505449764,
      0.11957394073751135,
      0.11827525726638725,
      0.10385518277846391,
      0.10127753777932381,
      0.10123363864065982,
      0.10406023305101608,
      0.0986688576136719,
      0.10058406734772618,
      0.10056528053917974,
      0.10145274628835721,
      0.09838289243877278,
      0.09773736826268213,
      0.09843819563184257,
      0.09563659336747653,
      0.09792809566506896,
      0.09609577024059979,
      0.09764777502894136,
      0.09425338420043125,
      0.09324258513399311,
      0.09334424808588646,
      0.0921744296128753,
      0.09398845527141822,
      0.09204347485886112,
      0.08623992300849162,
      0.08578549578797788,
      0.08551142899530022,
      0.08566647170947654,
      0.0840758048311613,
      0.08304961886299826,
      0.08223256759234264,
      0.081349159304646,
      0.08166383531025823
    ],
    "eval": {
      "RMSE": 0.5181700664227575,
      "MAE": 0.34544617512611603,
      "R2": 0.7966555391813046,
      "N": 6969,
      "PS_RMSE": 0.5139080958033534,
      "PS_R2": 0.7365181032907926,
      "N_solvents": 25
    },
    "test_ood": {
      "RMSE": 0.7568608273772551,
      "MAE": 0.5486751219391007,
      "R2": 0.4914690155724266,
      "N": 11940,
      "PS_RMSE": 0.6249389804741523,
      "PS_R2": -10.334506477214378,
      "N_solvents": 145
    },
    "test_gold": {
      "RMSE": 0.9186726823204556,
      "MAE": 0.7321606387677547,
      "R2": 0.3864167455749802,
      "N": 4507,
      "PS_RMSE": 0.81812171552403,
      "PS_R2": -9.830593293695403,
      "N_solvents": 26,
      "Z_RMSE": 52.34828523320571,
      "f_aleatoric": 0.040301536677297765,
      "N_with_uncertainty": 3449
    },
    "test_silver": {
      "RMSE": 0.8968084320839314,
      "MAE": 0.7207344855617925,
      "R2": 0.37514974666217415,
      "N": 5475,
      "PS_RMSE": 0.781797074603722,
      "PS_R2": -5.277971585629673,
      "N_solvents": 27,
      "Z_RMSE": 47.74326597369394,
      "f_aleatoric": 0.05246913580246913,
      "N_with_uncertainty": 4212
    },
    "test_bronze": {
      "RMSE": 0.8840312123618151,
      "MAE": 0.712536389199562,
      "R2": 0.36957888196853916,
      "N": 6331,
      "PS_RMSE": 0.7154937170985585,
      "PS_R2": -1.3564197582465514,
      "N_solvents": 30,
      "Z_RMSE": 44.493998345019165,
      "f_aleatoric": 0.1024380249948781,
      "N_with_uncertainty": 4881
    }
  },
  "101": {
    "train_time_s": 633.4557385444641,
    "epoch_losses": [
      1.1911573854105917,
      0.8196622640646302,
      0.6937301948511502,
      0.6217459777961531,
      0.5597923711169658,
      0.49668310354981493,
      0.457711348239524,
      0.42151527963779517,
      0.3926217920409991,
      0.3572148972997533,
      0.3366850923826362,
      0.31942409552935774,
      0.3020928570668499,
      0.2864906857423848,
      0.2720233407004727,
      0.2583239344263916,
      0.2514637901284801,
      0.24100357727942484,
      0.2341777391255726,
      0.22463898360389467,
      0.21799906163846172,
      0.21272645121010722,
      0.19998916574230804,
      0.1995322681277757,
      0.19525636162381899,
      0.1880774202064208,
      0.18309428321202392,
      0.17813591792978817,
      0.17564189889582507,
      0.17087935703085325,
      0.16672072091675397,
      0.16456999431795583,
      0.1653789118991124,
      0.1629023425265395,
      0.1533305286902969,
      0.15515374695897702,
      0.15200553864506136,
      0.14846279994489323,
      0.13215346338417802,
      0.1292457630344531,
      0.12682039099084383,
      0.12468178275149744,
      0.12552395879522438,
      0.1250728279172121,
      0.12389401594826083,
      0.12151873715726288,
      0.12235891191361965,
      0.11950596906609379,
      0.11963208147551965,
      0.11762950504487002,
      0.11681631620079505,
      0.1163141292769841,
      0.11452518023908824,
      0.11516511384776626,
      0.11233512783964268,
      0.11221568760247835,
      0.11168123694814448,
      0.1122411302799313,
      0.1037255761499976,
      0.10056217344467731,
      0.10093200164372867,
      0.101251902791396,
      0.10052591205473693,
      0.09996852180473331,
      0.09937676681192617,
      0.09798437551770803,
      0.09883638345936817,
      0.0954615806701558,
      0.09512236719738418,
      0.09397473181716422,
      0.09306246347601262,
      0.09248970942941995,
      0.09263436511158216,
      0.0931250634507572,
      0.0927607896051203,
      0.09314452811507505,
      0.09280966829891428,
      0.09058964604779804,
      0.09060588800008061,
      0.08923175682025575,
      0.08987728714180437,
      0.08971946041346637,
      0.08967287254175173,
      0.08916575679308276,
      0.08885111743052355,
      0.08939866741614635,
      0.09012812968278155,
      0.08866832358588955,
      0.08757369634180646,
      0.08899876480551745,
      0.08788560436699672,
      0.08769763404369052,
      0.08899208083582583,
      0.08789748714101445,
      0.08731835374248775,
      0.08762648929129936,
      0.08721033959259201
    ],
    "eval": {
      "RMSE": 0.502852117258047,
      "MAE": 0.33749441090579657,
      "R2": 0.8085002239309846,
      "N": 6969,
      "PS_RMSE": 0.4851020822821032,
      "PS_R2": 0.7705864399420088,
      "N_solvents": 25
    },
    "test_ood": {
      "RMSE": 0.7156939590689008,
      "MAE": 0.5086990832930799,
      "R2": 0.5452841779232185,
      "N": 11940,
      "PS_RMSE": 0.6219520918803412,
      "PS_R2": -9.006288593990037,
      "N_solvents": 145
    },
    "test_gold": {
      "RMSE": 0.8612517649694944,
      "MAE": 0.6917279790250088,
      "R2": 0.46072269513626496,
      "N": 4507,
      "PS_RMSE": 0.7545053454093765,
      "PS_R2": -6.104615095795451,
      "N_solvents": 26,
      "Z_RMSE": 50.70519358702986,
      "f_aleatoric": 0.04928964917367353,
      "N_with_uncertainty": 3449
    },
    "test_silver": {
      "RMSE": 0.8484404908081357,
      "MAE": 0.6833161076239989,
      "R2": 0.4407327899273151,
      "N": 5475,
      "PS_RMSE": 0.7499088288406183,
      "PS_R2": -3.990590510078669,
      "N_solvents": 27,
      "Z_RMSE": 46.24851662564562,
      "f_aleatoric": 0.07169990503323836,
      "N_with_uncertainty": 4212
    },
    "test_bronze": {
      "RMSE": 0.8431557136730929,
      "MAE": 0.6816552501361124,
      "R2": 0.42652943703254964,
      "N": 6331,