{
  "method": "SolTranNet",
  "n_seeds": 5,
  "eval_RMSE_mean": 0.5071963122922292,
  "eval_RMSE_std": 0.009814647624672325,
  "eval_MAE_mean": 0.34209120953362543,
  "eval_MAE_std": 0.008148678720855878,
  "eval_R2_mean": 0.8051042040312829,
  "eval_R2_std": 0.007512083846172548,
  "eval_PS_RMSE_mean": 0.49922247727956953,
  "eval_PS_RMSE_std": 0.011075743084189264,
  "eval_PS_R2_mean": 0.7580057788786223,
  "eval_PS_R2_std": 0.013876701373779714,
  "test_ood_RMSE_mean": 0.7416259086425028,
  "test_ood_RMSE_std": 0.018989450127970247,
  "test_ood_MAE_mean": 0.5294671254693987,
  "test_ood_MAE_std": 0.01618653073837932,
  "test_ood_R2_mean": 0.5114153814397593,
  "test_ood_R2_std": 0.025003970656261677,
  "test_ood_PS_RMSE_mean": 0.6313449235175616,
  "test_ood_PS_RMSE_std": 0.024108804591670696,
  "test_ood_PS_R2_mean": -12.614654438028492,
  "test_ood_PS_R2_std": 3.421664396340954,
  "test_gold_RMSE_mean": 0.8848741399475342,
  "test_gold_RMSE_std": 0.031675831983948396,
  "test_gold_MAE_mean": 0.7052481210728982,
  "test_gold_MAE_std": 0.029561005667241493,
  "test_gold_R2_mean": 0.4300049821573694,
  "test_gold_R2_std": 0.04066631145815859,
  "test_gold_PS_RMSE_mean": 0.822624991592565,
  "test_gold_PS_RMSE_std": 0.05017306773949416,
  "test_gold_PS_R2_mean": -12.474910933336679,
  "test_gold_PS_R2_std": 5.164090916195798,
  "test_gold_Z_RMSE_mean": 51.270444816152256,
  "test_gold_Z_RMSE_std": 1.620995904073835,
  "test_gold_f_aleatoric_mean": 0.052015076833864894,
  "test_gold_f_aleatoric_std": 0.011547587301032534,
  "test_silver_RMSE_mean": 0.8591673105744062,
  "test_silver_RMSE_std": 0.028117840378255515,
  "test_silver_MAE_mean": 0.6858997797369437,
  "test_silver_MAE_std": 0.02694007647653539,
  "test_silver_R2_mean": 0.4258875373583808,
  "test_silver_R2_std": 0.037355058489969006,
  "test_silver_PS_RMSE_mean": 0.7819590209859333,
  "test_silver_PS_RMSE_std": 0.03442458350484247,
  "test_silver_PS_R2_mean": -7.490292393507502,
  "test_silver_PS_R2_std": 3.164003835085995,
  "test_silver_Z_RMSE_mean": 46.716331539380406,
  "test_silver_Z_RMSE_std": 1.4673166056092406,
  "test_silver_f_aleatoric_mean": 0.07388414055080722,
  "test_silver_f_aleatoric_std": 0.013144751507326684,
  "test_bronze_RMSE_mean": 0.8503411804934343,
  "test_bronze_RMSE_std": 0.02980360636208684,
  "test_bronze_MAE_mean": 0.6799399011208876,
  "test_bronze_MAE_std": 0.028415851171615585,
  "test_bronze_R2_mean": 0.4159968999878715,
  "test_bronze_R2_std": 0.04042180872227736,
  "test_bronze_PS_RMSE_mean": 0.7350232134859204,
  "test_bronze_PS_RMSE_std": 0.033075347842248325,
  "test_bronze_PS_R2_mean": -3.0920578899363327,
  "test_bronze_PS_R2_std": 1.186336471484412,
  "test_bronze_Z_RMSE_mean": 43.49332930359075,
  "test_bronze_Z_RMSE_std": 1.3842557518399423,
  "test_bronze_f_aleatoric_mean": 0.11780372874410983,
  "test_bronze_f_aleatoric_std": 0.014037822292675426,
  "train_time_mean_s": 589.181125497818
}