{
  "featurizer": "mordred",
  "model": "lightgbm",
  "hp_key": "lgb_rdkit",
  "seed": 42,
  "params": {
    "n_estimators": 3000,
    "learning_rate": 0.05,
    "num_leaves": 127,
    "min_child_samples": 10,
    "feature_fraction": 0.8,
    "bagging_fraction": 0.8,
    "bagging_freq": 5,
    "reg_alpha": 0.1,
    "reg_lambda": 5
  },
  "wall_time_s": 79.91334629058838,
  "metrics": {
    "eval": {
      "RMSE": 0.48661193183428453,
      "MAE": 0.30475079002158206,
      "R2": 0.8206698916608167,
      "N": 6969,
      "PS_RMSE": 0.47982237957114526,
      "PS_R2": 0.7865035213350733,
      "N_solvents": 25
    },
    "ood": {
      "RMSE": 0.676830583737235,
      "MAE": 0.4862522981866996,
      "R2": 0.5933270260286415,
      "N": 11940,
      "PS_RMSE": 0.5538132702402403,
      "PS_R2": -11.318702139595441,
      "N_solvents": 146
    },
    "sc3_gold": {
      "RMSE": 0.7629792130666907,
      "MAE": 0.6099236538285722,
      "R2": 0.57676915925663,
      "N": 4507,
      "PS_RMSE": 0.7295400583889466,
      "PS_R2": -10.442474113462973,
      "N_solvents": 26,
      "Z_RMSE": 43.97805954571014,
      "f_aleatoric": 0.05798782255726297,
      "N_with_uncertainty": 3449
    },
    "sc3_silver": {
      "RMSE": 0.736953316869385,
      "MAE": 0.5885543229983521,
      "R2": 0.578054324197081,
      "N": 5475,
      "PS_RMSE": 0.6465230254369412,
      "PS_R2": -2.309903093863829,
      "N_solvents": 27,
      "Z_RMSE": 40.07399272295643,
      "f_aleatoric": 0.09401709401709402,
      "N_with_uncertainty": 4212
    },
    "sc3_bronze": {
      "RMSE": 0.7179108304630655,
      "MAE": 0.5731927335403509,
      "R2": 0.5842458758488781,
      "N": 6331,
      "PS_RMSE": 0.637421548304754,
      "PS_R2": -2.545492245128043,
      "N_solvents": 30,
      "Z_RMSE": 37.31713984761765,
      "f_aleatoric": 0.15119852489244007,
      "N_with_uncertainty": 4881
    },
    "_n_features": 3226,
    "_n_train": 61403,
    "_best_iter": 874,
    "_train_time_s": 77.24198961257935
  }
}