{
  "featurizer": "mordred",
  "seeds": [
    42
  ],
  "aggregated": {
    "eval": {
      "RMSE_mean": 0.48661193183428453,
      "RMSE_std": 0.0,
      "RMSE_n": 1,
      "MAE_mean": 0.30475079002158206,
      "MAE_std": 0.0,
      "MAE_n": 1,
      "R2_mean": 0.8206698916608167,
      "R2_std": 0.0,
      "R2_n": 1,
      "N_mean": 6969.0,
      "N_std": 0.0,
      "N_n": 1,
      "PS_RMSE_mean": 0.47982237957114526,
      "PS_RMSE_std": 0.0,
      "PS_RMSE_n": 1,
      "PS_R2_mean": 0.7865035213350733,
      "PS_R2_std": 0.0,
      "PS_R2_n": 1,
      "N_solvents_mean": 25.0,
      "N_solvents_std": 0.0,
      "N_solvents_n": 1
    },
    "ood": {
      "RMSE_mean": 0.676830583737235,
      "RMSE_std": 0.0,
      "RMSE_n": 1,
      "MAE_mean": 0.4862522981866996,
      "MAE_std": 0.0,
      "MAE_n": 1,
      "R2_mean": 0.5933270260286415,
      "R2_std": 0.0,
      "R2_n": 1,
      "N_mean": 11940.0,
      "N_std": 0.0,
      "N_n": 1,
      "PS_RMSE_mean": 0.5538132702402403,
      "PS_RMSE_std": 0.0,
      "PS_RMSE_n": 1,
      "PS_R2_mean": -11.318702139595441,
      "PS_R2_std": 0.0,
      "PS_R2_n": 1,
      "N_solvents_mean": 146.0,
      "N_solvents_std": 0.0,
      "N_solvents_n": 1
    },
    "sc3_gold": {
      "RMSE_mean": 0.7629792130666907,
      "RMSE_std": 0.0,
      "RMSE_n": 1,
      "MAE_mean": 0.6099236538285722,
      "MAE_std": 0.0,
      "MAE_n": 1,
      "R2_mean": 0.57676915925663,
      "R2_std": 0.0,
      "R2_n": 1,
      "N_mean": 4507.0,
      "N_std": 0.0,
      "N_n": 1,
      "PS_RMSE_mean": 0.7295400583889466,
      "PS_RMSE_std": 0.0,
      "PS_RMSE_n": 1,
      "PS_R2_mean": -10.442474113462973,
      "PS_R2_std": 0.0,
      "PS_R2_n": 1,
      "N_solvents_mean": 26.0,
      "N_solvents_std": 0.0,
      "N_solvents_n": 1,
      "Z_RMSE_mean": 43.97805954571014,
      "Z_RMSE_std": 0.0,
      "Z_RMSE_n": 1,
      "f_aleatoric_mean": 0.05798782255726297,
      "f_aleatoric_std": 0.0,
      "f_aleatoric_n": 1,
      "N_with_uncertainty_mean": 3449.0,
      "N_with_uncertainty_std": 0.0,
      "N_with_uncertainty_n": 1
    },
    "sc3_silver": {
      "RMSE_mean": 0.736953316869385,
      "RMSE_std": 0.0,
      "RMSE_n": 1,
      "MAE_mean": 0.5885543229983521,
      "MAE_std": 0.0,
      "MAE_n": 1,
      "R2_mean": 0.578054324197081,
      "R2_std": 0.0,
      "R2_n": 1,
      "N_mean": 5475.0,
      "N_std": 0.0,
      "N_n": 1,
      "PS_RMSE_mean": 0.6465230254369412,
      "PS_RMSE_std": 0.0,
      "PS_RMSE_n": 1,
      "PS_R2_mean": -2.309903093863829,
      "PS_R2_std": 0.0,
      "PS_R2_n": 1,
      "N_solvents_mean": 27.0,
      "N_solvents_std": 0.0,
      "N_solvents_n": 1,
      "Z_RMSE_mean": 40.07399272295643,
      "Z_RMSE_std": 0.0,
      "Z_RMSE_n": 1,
      "f_aleatoric_mean": 0.09401709401709402,
      "f_aleatoric_std": 0.0,
      "f_aleatoric_n": 1,
      "N_with_uncertainty_mean": 4212.0,
      "N_with_uncertainty_std": 0.0,
      "N_with_uncertainty_n": 1
    },
    "sc3_bronze": {
      "RMSE_mean": 0.7179108304630655,
      "RMSE_std": 0.0,
      "RMSE_n": 1,
      "MAE_mean": 0.5731927335403509,
      "MAE_std": 0.0,
      "MAE_n": 1,
      "R2_mean": 0.5842458758488781,
      "R2_std": 0.0,
      "R2_n": 1,
      "N_mean": 6331.0,
      "N_std": 0.0,
      "N_n": 1,
      "PS_RMSE_mean": 0.637421548304754,
      "PS_RMSE_std": 0.0,
      "PS_RMSE_n": 1,
      "PS_R2_mean": -2.545492245128043,
      "PS_R2_std": 0.0,
      "PS_R2_n": 1,
      "N_solvents_mean": 30.0,
      "N_solvents_std": 0.0,
      "N_solvents_n": 1,
      "Z_RMSE_mean": 37.31713984761765,
      "Z_RMSE_std": 0.0,
      "Z_RMSE_n": 1,
      "f_aleatoric_mean": 0.15119852489244007,
      "f_aleatoric_std": 0.0,
      "f_aleatoric_n": 1,
      "N_with_uncertainty_mean": 4881.0,
      "N_with_uncertainty_std": 0.0,
      "N_with_uncertainty_n": 1
    }
  },
  "diagnostics": {
    "_n_features": 3226.0,
    "_n_train": 61403.0,
    "_best_iter": 874.0,
    "_train_time_s": 77.24198961257935
  }
}