{
  "eval": {
    "RMSE": 0.4610351116609464,
    "MAE": 0.2908270657232394,
    "R2": 0.8390260107012855,
    "N": 6969,
    "PS_RMSE": 0.460944680441095,
    "PS_R2": 0.8020956728896076,
    "N_solvents": 25,
    "train_time_s": 34.618703842163086
  },
  "ood": {
    "RMSE": 0.6547132529363547,
    "MAE": 0.4740295166948485,
    "R2": 0.6194711169009492,
    "N": 11940,
    "PS_RMSE": 0.5917842594534823,
    "PS_R2": -12.723162459251965,
    "N_solvents": 146,
    "train_time_s": 34.618703842163086
  },
  "sc3_gold": {
    "RMSE": 0.7710651396155439,
    "MAE": 0.5813403725557117,
    "R2": 0.5677509646409054,
    "N": 4507,
    "PS_RMSE": 0.7598777391547168,
    "PS_R2": -8.795693756904557,
    "N_solvents": 26,
    "Z_RMSE": 43.07455047062845,
    "f_aleatoric": 0.05595824876775877,
    "N_with_uncertainty": 3449,
    "train_time_s": 34.618703842163086
  },
  "sc3_silver": {
    "RMSE": 0.7563006373201616,
    "MAE": 0.5677190085964663,
    "R2": 0.5556087312243392,
    "N": 5475,
    "PS_RMSE": 0.7284191410513261,
    "PS_R2": -4.60515871242078,
    "N_solvents": 27,
    "Z_RMSE": 39.3203479734403,
    "f_aleatoric": 0.10161443494776828,
    "N_with_uncertainty": 4212,
    "train_time_s": 34.618703842163086
  },
  "sc3_bronze": {
    "RMSE": 0.7364232362457986,
    "MAE": 0.5535074791396454,
    "R2": 0.5625277375618081,
    "N": 6331,
    "PS_RMSE": 0.6875891015646222,
    "PS_R2": -3.329841281222705,
    "N_solvents": 30,
    "Z_RMSE": 36.563964964537796,
    "f_aleatoric": 0.16205695554189714,
    "N_with_uncertainty": 4881,
    "train_time_s": 34.618703842163086
  }
}