{
  "eval": {
    "RMSE": 0.4740810485459281,
    "MAE": 0.2963764110236885,
    "R2": 0.8297869347173998,
    "N": 6969,
    "PS_RMSE": 0.4639055413361656,
    "PS_R2": 0.7978420835547848,
    "N_solvents": 25,
    "train_time_s": 38.82987976074219
  },
  "ood": {
    "RMSE": 0.6684394593924362,
    "MAE": 0.48708500948459116,
    "R2": 0.6033481166656314,
    "N": 11940,
    "PS_RMSE": 0.5972234649574505,
    "PS_R2": -12.993801914466035,
    "N_solvents": 146,
    "train_time_s": 38.82987976074219
  },
  "sc3_gold": {
    "RMSE": 0.819139498071102,
    "MAE": 0.6128919696379295,
    "R2": 0.5121709818244284,
    "N": 4507,
    "PS_RMSE": 0.8203625800264854,
    "PS_R2": -11.612435106393114,
    "N_solvents": 26,
    "Z_RMSE": 47.03026315894973,
    "f_aleatoric": 0.05131922296317773,
    "N_with_uncertainty": 3449,
    "train_time_s": 38.82987976074219
  },
  "sc3_silver": {
    "RMSE": 0.8009801751971088,
    "MAE": 0.6014841787156479,
    "R2": 0.5015517001154892,
    "N": 5475,
    "PS_RMSE": 0.78120729211442,
    "PS_R2": -6.6570058306184015,
    "N_solvents": 27,
    "Z_RMSE": 42.982386405052786,
    "f_aleatoric": 0.08855650522317189,
    "N_with_uncertainty": 4212,
    "train_time_s": 38.82987976074219
  },
  "sc3_bronze": {
    "RMSE": 0.7809071525084113,
    "MAE": 0.5893086758142361,
    "R2": 0.5080801394661388,
    "N": 6331,
    "PS_RMSE": 0.744196448054595,
    "PS_R2": -2.51861458321799,
    "N_solvents": 30,
    "Z_RMSE": 39.98234422988605,
    "f_aleatoric": 0.14648637574267567,
    "N_with_uncertainty": 4881,
    "train_time_s": 38.82987976074219
  }
}