{
  "eval": {
    "RMSE": 0.4596351538015317,
    "MAE": 0.281951214902343,
    "R2": 0.8400021387304863,
    "N": 6969,
    "PS_RMSE": 0.4484826069058733,
    "PS_R2": 0.8081553815560072,
    "N_solvents": 25,
    "train_time_s": 61.440202951431274
  },
  "ood": {
    "RMSE": 0.6912830681959973,
    "MAE": 0.5040248251842119,
    "R2": 0.575774078696582,
    "N": 11940,
    "PS_RMSE": 0.6181038625068457,
    "PS_R2": -13.398997402015075,
    "N_solvents": 146,
    "train_time_s": 61.440202951431274
  },
  "sc3_gold": {
    "RMSE": 0.7756640219576664,
    "MAE": 0.5797442139996195,
    "R2": 0.5625794415578731,
    "N": 4507,
    "PS_RMSE": 0.7239489938804058,
    "PS_R2": -7.307591378855975,
    "N_solvents": 26,
    "Z_RMSE": 44.2368195163126,
    "f_aleatoric": 0.06987532618150188,
    "N_with_uncertainty": 3449,
    "train_time_s": 61.440202951431274
  },
  "sc3_silver": {
    "RMSE": 0.7624954061560838,
    "MAE": 0.5702544216070093,
    "R2": 0.5482990044042423,
    "N": 5475,
    "PS_RMSE": 0.6980956203562594,
    "PS_R2": -3.049112834988448,
    "N_solvents": 27,
    "Z_RMSE": 40.4815405646535,
    "f_aleatoric": 0.10944919278252611,
    "N_with_uncertainty": 4212,
    "train_time_s": 61.440202951431274
  },
  "sc3_bronze": {
    "RMSE": 0.7408682193204511,
    "MAE": 0.5538706545408508,
    "R2": 0.5572307146288638,
    "N": 6331,
    "PS_RMSE": 0.6594525801035496,
    "PS_R2": -1.5690388632308363,
    "N_solvents": 30,
    "Z_RMSE": 37.65378512780684,
    "f_aleatoric": 0.17291538619135424,
    "N_with_uncertainty": 4881,
    "train_time_s": 61.440202951431274
  }
}