{
  "eval": {
    "RMSE": 0.45989189230731764,
    "MAE": 0.29079259170703636,
    "R2": 0.8398233487321294,
    "N": 6969,
    "PS_RMSE": 0.4412312517109364,
    "PS_R2": 0.8164244947937278,
    "N_solvents": 25,
    "train_time_s": 33.99365234375
  },
  "ood": {
    "RMSE": 0.6758849582908746,
    "MAE": 0.49583523110696975,
    "R2": 0.5944625883981182,
    "N": 11940,
    "PS_RMSE": 0.6325158661958756,
    "PS_R2": -14.836282256498073,
    "N_solvents": 146,
    "train_time_s": 33.99365234375
  },
  "sc3_gold": {
    "RMSE": 0.8278550844495998,
    "MAE": 0.6140074119926792,
    "R2": 0.5017348230638526,
    "N": 4507,
    "PS_RMSE": 0.8117405394784047,
    "PS_R2": -12.563259833862004,
    "N_solvents": 26,
    "Z_RMSE": 47.80875394832526,
    "f_aleatoric": 0.06523630037692085,
    "N_with_uncertainty": 3449,
    "train_time_s": 33.99365234375
  },
  "sc3_silver": {
    "RMSE": 0.7978034643873229,
    "MAE": 0.5923620848140997,
    "R2": 0.5054975809104759,
    "N": 5475,
    "PS_RMSE": 0.7590053924348652,
    "PS_R2": -6.331091631248703,
    "N_solvents": 27,
    "Z_RMSE": 43.60681883707597,
    "f_aleatoric": 0.1030389363722697,
    "N_with_uncertainty": 4212,
    "train_time_s": 33.99365234375
  },
  "sc3_bronze": {
    "RMSE": 0.7745600401250016,
    "MAE": 0.5745991945715708,
    "R2": 0.5160441641837843,
    "N": 6331,
    "PS_RMSE": 0.6946295856357877,
    "PS_R2": -1.181043389983437,
    "N_solvents": 30,
    "Z_RMSE": 40.55341097950342,
    "f_aleatoric": 0.16574472444171276,
    "N_with_uncertainty": 4881,
    "train_time_s": 33.99365234375
  }
}