{
  "eval": {
    "RMSE": 0.4680393154898571,
    "MAE": 0.29446180718405285,
    "R2": 0.8340977124159807,
    "N": 6969,
    "PS_RMSE": 0.46230618194148143,
    "PS_R2": 0.7993876439141837,
    "N_solvents": 25,
    "train_time_s": 40.34303331375122
  },
  "ood": {
    "RMSE": 0.6867639842939922,
    "MAE": 0.4947281701987434,
    "R2": 0.5813024832142801,
    "N": 11940,
    "PS_RMSE": 0.6302986227099616,
    "PS_R2": -14.587190954140524,
    "N_solvents": 146,
    "train_time_s": 40.34303331375122
  },
  "sc3_gold": {
    "RMSE": 0.7985302576988531,
    "MAE": 0.5804822528799519,
    "R2": 0.5364093705157172,
    "N": 4507,
    "PS_RMSE": 0.7256454048990039,
    "PS_R2": -8.159441569961281,
    "N_solvents": 26,
    "Z_RMSE": 45.09563079987534,
    "f_aleatoric": 0.06001739634676718,
    "N_with_uncertainty": 3449,
    "train_time_s": 40.34303331375122
  },
  "sc3_silver": {
    "RMSE": 0.7752459347309643,
    "MAE": 0.5664594238066745,
    "R2": 0.5330659124460738,
    "N": 5475,
    "PS_RMSE": 0.6957288992688733,
    "PS_R2": -5.212282073767256,
    "N_solvents": 27,
    "Z_RMSE": 41.17973562850613,
    "f_aleatoric": 0.09971509971509972,
    "N_with_uncertainty": 4212,
    "train_time_s": 40.34303331375122
  },
  "sc3_bronze": {
    "RMSE": 0.751760337693514,
    "MAE": 0.5502523576941806,
    "R2": 0.5441159755559628,
    "N": 6331,
    "PS_RMSE": 0.659912857408909,
    "PS_R2": -1.5910314512428387,
    "N_solvents": 30,
    "Z_RMSE": 38.292315299079405,
    "f_aleatoric": 0.15877893874206106,
    "N_with_uncertainty": 4881,
    "train_time_s": 40.34303331375122
  }
}