{
  "method": "fastprop",
  "seeds": [
    42,
    101,
    123,
    456,
    789
  ],
  "params": {
    "lr": 0.0005,
    "batch_size": 256,
    "hidden_dims": [
      512,
      256,
      128
    ],
    "dropout": 0.1,
    "epochs": 100,
    "patience": 20
  },
  "aggregated": {
    "eval": {
      "RMSE_mean": 0.46453650436111615,
      "RMSE_std": 0.005678440257297599,
      "MAE_mean": 0.290881818108072,
      "MAE_std": 0.0049552700407737476,
      "R2_mean": 0.8365472290594564,
      "R2_std": 0.0040128650799753085,
      "N_mean": 6969.0,
      "N_std": 0.0,
      "PS_RMSE_mean": 0.4553740524671103,
      "PS_RMSE_std": 0.008937376041648088,
      "PS_R2_mean": 0.8047810553416621,
      "PS_R2_std": 0.006803017784390577,
      "N_solvents_mean": 25.0,
      "N_solvents_std": 0.0,
      "train_time_s_mean": 41.845094442367554,
      "train_time_s_std": 10.091400783112702
    },
    "ood": {
      "RMSE_mean": 0.6754169446219309,
      "RMSE_std": 0.013099895976078652,
      "MAE_mean": 0.49114055053387295,
      "MAE_std": 0.01010099466440007,
      "R2_mean": 0.5948716767751122,
      "R2_std": 0.015658806514436685,
      "N_mean": 11940.0,
      "N_std": 0.0,
      "PS_RMSE_mean": 0.6139852151647232,
      "PS_RMSE_std": 0.016735078451012114,
      "PS_R2_mean": -13.707886997274334,
      "PS_R2_std": 0.851053936355538,
      "N_solvents_mean": 146.0,
      "N_solvents_std": 0.0,
      "train_time_s_mean": 41.845094442367554,
      "train_time_s_std": 10.091400783112702
    },
    "sc3_gold": {
      "RMSE_mean": 0.798450800358553,
      "RMSE_std": 0.022635600869601168,
      "MAE_mean": 0.5936932442131784,
      "MAE_std": 0.016142835219377656,
      "R2_mean": 0.5361291163205554,
      "R2_std": 0.026292961628282152,
      "N_mean": 4507.0,
      "N_std": 0.0,
      "PS_RMSE_mean": 0.7683150514878033,
      "PS_RMSE_std": 0.04112165434718991,
      "PS_R2_mean": -9.687684329195386,
      "PS_R2_std": 2.0381175433141476,
      "N_solvents_mean": 26.0,
      "N_solvents_std": 0.0,
      "Z_RMSE_mean": 45.44920357881828,
      "Z_RMSE_std": 1.7493480815108688,
      "f_aleatoric_mean": 0.06048129892722528,
      "f_aleatoric_std": 0.0065646722867311845,
      "N_with_uncertainty_mean": 3449.0,
      "N_with_uncertainty_std": 0.0,
      "train_time_s_mean": 41.845094442367554,
      "train_time_s_std": 10.091400783112702
    },
    "sc3_silver": {
      "RMSE_mean": 0.7785651235583282,
      "RMSE_std": 0.018097007913635717,
      "MAE_mean": 0.5796558235079796,
      "MAE_std": 0.014442610847512595,
      "R2_mean": 0.5288045858201241,
      "R2_std": 0.021920719552443534,
      "N_mean": 5475.0,
      "N_std": 0.0,
      "PS_RMSE_mean": 0.7324912690451487,
      "PS_RMSE_std": 0.03354806805020539,
      "PS_R2_mean": -5.170930216608718,
      "PS_R2_std": 1.294473762620251,
      "N_solvents_mean": 27.0,
      "N_solvents_std": 0.0,
      "Z_RMSE_mean": 41.51416588174574,
      "Z_RMSE_std": 1.582773739426819,
      "f_aleatoric_mean": 0.10047483380816716,
      "f_aleatoric_std": 0.006797590512370671,
      "N_with_uncertainty_mean": 4212.0,
      "N_with_uncertainty_std": 0.0,
      "train_time_s_mean": 41.845094442367554,
      "train_time_s_std": 10.091400783112702
    },
    "sc3_bronze": {
      "RMSE_mean": 0.7569037971786353,
      "RMSE_std": 0.01783789388304123,
      "MAE_mean": 0.5643076723520968,
      "MAE_std": 0.015192715281077374,
      "R2_mean": 0.5375997462793116,
      "R2_std": 0.021841663020880794,
      "N_mean": 6331.0,
      "N_std": 0.0,
      "PS_RMSE_mean": 0.6891561145534927,
      "PS_RMSE_std": 0.03098167450139443,
      "PS_R2_mean": -2.037913913779561,
      "PS_R2_std": 0.7815272611045279,
      "N_solvents_mean": 30.0,
      "N_solvents_std": 0.0,
      "Z_RMSE_mean": 38.6091641201627,
      "Z_RMSE_std": 1.4738861044478082,
      "f_aleatoric_mean": 0.16119647613194016,
      "f_aleatoric_std": 0.008729162399413229,
      "N_with_uncertainty_mean": 4881.0,
      "N_with_uncertainty_std": 0.0,
      "train_time_s_mean": 41.845094442367554,
      "train_time_s_std": 10.091400783112702
    }
  },
  "per_seed": {
    "42": {
      "eval": {
        "RMSE": 0.4596351538015317,
        "MAE": 0.281951214902343,
        "R2": 0.8400021387304863,
        "N": 6969,
        "PS_RMSE": 0.4484826069058733,
        "PS_R2": 0.8081553815560072,
        "N_solvents": 25,
        "train_time_s": 61.440202951431274
      },
      "ood": {
        "RMSE": 0.6912830681959973,
        "MAE": 0.5040248251842119,
        "R2": 0.575774078696582,
        "N": 11940,
        "PS_RMSE": 0.6181038625068457,
        "PS_R2": -13.398997402015075,
        "N_solvents": 146,
        "train_time_s": 61.440202951431274
      },
      "sc3_gold": {
        "RMSE": 0.7756640219576664,
        "MAE": 0.5797442139996195,
        "R2": 0.5625794415578731,
        "N": 4507,
        "PS_RMSE": 0.7239489938804058,
        "PS_R2": -7.307591378855975,
        "N_solvents": 26,
        "Z_RMSE": 44.2368195163126,
        "f_aleatoric": 0.06987532618150188,
        "N_with_uncertainty": 3449,
        "train_time_s": 61.440202951431274
      },
      "sc3_silver": {
        "RMSE": 0.7624954061560838,
        "MAE": 0.5702544216070093,
        "R2": 0.5482990044042423,
        "N": 5475,
        "PS_RMSE": 0.6980956203562594,
        "PS_R2": -3.049112834988448,
        "N_solvents": 27,
        "Z_RMSE": 40.4815405646535,
        "f_aleatoric": 0.10944919278252611,
        "N_with_uncertainty": 4212,
        "train_time_s": 61.440202951431274
      },
      "sc3_bronze": {
        "RMSE": 0.7408682193204511,
        "MAE": 0.5538706545408508,
        "R2": 0.5572307146288638,
        "N": 6331,
        "PS_RMSE": 0.6594525801035496,
        "PS_R2": -1.5690388632308363,
        "N_solvents": 30,
        "Z_RMSE": 37.65378512780684,
        "f_aleatoric": 0.17291538619135424,
        "N_with_uncertainty": 4881,
        "train_time_s": 61.440202951431274
      }
    },
    "101": {
      "eval": {
        "RMSE": 0.4610351116609464,
        "MAE": 0.2908270657232394,
        "R2": 0.8390260107012855,
        "N": 6969,
        "PS_RMSE": 0.460944680441095,
        "PS_R2": 0.8020956728896076,
        "N_solvents": 25,
        "train_time_s": 34.618703842163086
      },
      "ood": {
        "RMSE": 0.6547132529363547,
        "MAE": 0.4740295166948485,
        "R2": 0.6194711169009492,
        "N": 11940,
        "PS_RMSE": 0.5917842594534823,
        "PS_R2": -12.723162459251965,
        "N_solvents": 146,
        "train_time_s": 34.618703842163086
      },
      "sc3_gold": {
        "RMSE": 0.7710651396155439,
        "MAE": 0.5813403725557117,
        "R2": 0.5677509646409054,
        "N": 4507,
        "PS_RMSE": 0.7598777391547168,
        "PS_R2": -8.795693756904557,
        "N_solvents": 26,
        "Z_RMSE": 43.07455047062845,
        "f_aleatoric": 0.05595824876775877,
        "N_with_uncertainty": 3449,
        "train_time_s": 34.618703842163086
      },
      "sc3_silver": {
        "RMSE": 0.7563006373201616,
        "MAE": 0.5677190085964663,
        "R2": 0.5556087312243392,
        "N": 5475,
        "PS_RMSE": 0.7284191410513261,
        "PS_R2": -4.60515871242078,
        "N_solvents": 27,
        "Z_RMSE": 39.3203479734403,
        "f_aleatoric": 0.10161443494776828,
        "N_with_uncertainty": 4212,
        "train_time_s": 34.618703842163086
      },
      "sc3_bronze": {
        "RMSE": 0.7364232362457986,
        "MAE": 0.5535074791396454,
        "R2": 0.5625277375618081,
        "N": 6331,
        "PS_RMSE": 0.6875891015646222,
        "PS_R2": -3.329841281222705,
        "N_solvents": 30,
        "Z_RMSE": 36.563964964537796,
        "f_aleatoric": 0.16205695554189714,
        "N_with_uncertainty": 4881,
        "train_time_s": 34.618703842163086
      }
    },
    "123": {
      "eval": {
        "RMSE": 0.4740810485459281,
        "MAE": 0.2963764110236885,
        "R2": 0.8297869347173998,
        "N": 6969,