{
  "eval": {
    "RMSE": 1.025900575977318,
    "MAE": 0.8148061079021823,
    "R2": 0.2448115883550609,
    "N": 717,
    "PS_RMSE": 1.0393071888522905,
    "PS_R2": 0.047179862061461256,
    "N_solvents": 25
  },
  "ood": {
    "RMSE": 1.026808014738482,
    "MAE": 0.8204370442230148,
    "R2": 0.09148432087122471,
    "N": 1159,
    "PS_RMSE": 0.89722755675121,
    "PS_R2": -5.336011080748041,
    "N_solvents": 77
  },
  "sc3_gold": {
    "RMSE": 1.00162941958569,
    "MAE": 0.7713654653662844,
    "R2": 0.2373018434064097,
    "N": 666,
    "PS_RMSE": 0.8801327663061151,
    "PS_R2": -10165.503582012429,
    "N_solvents": 25
  },
  "_n_train": 2008,
  "_n_trainable": 129,
  "_best_epoch": 297,
  "_val_RMSE": 1.025900575977318,
  "_elapsed_s": 4.302103519439697,
  "_protocol": "qm",
  "_variant": "head_only",
  "_fraction": 0.25,
  "_seed": 42,
  "_approach": "interp"
}