{
  "eval": {
    "RMSE": 1.0232545972214966,
    "MAE": 0.8000974425064683,
    "R2": 0.24870209328143655,
    "N": 717,
    "PS_RMSE": 1.0329249314303162,
    "PS_R2": 0.0575408363521697,
    "N_solvents": 25
  },
  "ood": {
    "RMSE": 1.0047950559386485,
    "MAE": 0.7977727553846875,
    "R2": 0.13002072682200783,
    "N": 1159,
    "PS_RMSE": 0.8859796665109761,
    "PS_R2": -7.410354889528581,
    "N_solvents": 77
  },
  "sc3_gold": {
    "RMSE": 0.9544825702072314,
    "MAE": 0.7334403043253453,
    "R2": 0.30741264680490443,
    "N": 666,
    "PS_RMSE": 0.8476587034379653,
    "PS_R2": -9955.479769073656,
    "N_solvents": 25
  },
  "_n_train": 2008,
  "_n_trainable": 129,
  "_best_epoch": 296,
  "_val_RMSE": 1.0232545972214966,
  "_elapsed_s": 4.264212131500244,
  "_protocol": "qm",
  "_variant": "head_only",
  "_fraction": 0.25,
  "_seed": 123,
  "_approach": "interp"
}