{
  "eval": {
    "RMSE": 1.053757609833016,
    "MAE": 0.8215133683055229,
    "R2": 0.20324239456769566,
    "N": 717,
    "PS_RMSE": 1.0529534635917388,
    "PS_R2": 0.023275145288044762,
    "N_solvents": 25
  },
  "ood": {
    "RMSE": 1.01945110148738,
    "MAE": 0.8105894791132994,
    "R2": 0.10445641792514637,
    "N": 1159,
    "PS_RMSE": 0.9025668964576719,
    "PS_R2": -7.166672638971676,
    "N_solvents": 77
  },
  "sc3_gold": {
    "RMSE": 1.014955659000206,
    "MAE": 0.7608135534784625,
    "R2": 0.21687210934261725,
    "N": 666,
    "PS_RMSE": 0.8413805250922036,
    "PS_R2": -9036.008300510171,
    "N_solvents": 25
  },
  "_n_train": 2008,
  "_n_trainable": 129,
  "_best_epoch": 189,
  "_val_RMSE": 1.053757609833016,
  "_elapsed_s": 3.1708765029907227,
  "_protocol": "qm",
  "_variant": "head_only",
  "_fraction": 0.25,
  "_seed": 101,
  "_approach": "interp"
}