{
  "eval": {
    "RMSE": 1.0190373133323278,
    "MAE": 0.8006234831118897,
    "R2": 0.25488219216143937,
    "N": 717,
    "PS_RMSE": 1.0268612048751748,
    "PS_R2": 0.0721220976588571,
    "N_solvents": 25
  },
  "ood": {
    "RMSE": 0.9935054118234034,
    "MAE": 0.7907525700407213,
    "R2": 0.1494606689996052,
    "N": 1159,
    "PS_RMSE": 0.8913249371179229,
    "PS_R2": -7.071552408092747,
    "N_solvents": 77
  },
  "sc3_gold": {
    "RMSE": 0.9407443374105905,
    "MAE": 0.7247279178758093,
    "R2": 0.32720651334142237,
    "N": 666,
    "PS_RMSE": 0.7911493495729528,
    "PS_R2": -6630.13146067285,
    "N_solvents": 25
  },
  "_n_train": 2008,
  "_n_trainable": 129,
  "_best_epoch": 296,
  "_val_RMSE": 1.0190373133323278,
  "_elapsed_s": 3.8805527687072754,
  "_protocol": "qm",
  "_variant": "head_only",
  "_fraction": 0.25,
  "_seed": 789,
  "_approach": "interp"
}