{
  "eval": {
    "RMSE": 1.0282356525733003,
    "MAE": 0.8042440715130948,
    "R2": 0.24136987146531497,
    "N": 717,
    "PS_RMSE": 1.0330545792767232,
    "PS_R2": 0.05451639819478017,
    "N_solvents": 25
  },
  "ood": {
    "RMSE": 1.0088595139049255,
    "MAE": 0.8008369651294717,
    "R2": 0.12296825214331952,
    "N": 1159,
    "PS_RMSE": 0.8913327062831881,
    "PS_R2": -6.598783495508085,
    "N_solvents": 77
  },
  "sc3_gold": {
    "RMSE": 0.9937085904758313,
    "MAE": 0.7546639524102379,
    "R2": 0.24931689588243122,
    "N": 666,
    "PS_RMSE": 0.8602297494816827,
    "PS_R2": -10071.229099037968,
    "N_solvents": 25
  },
  "_n_train": 2008,
  "_n_trainable": 129,
  "_best_epoch": 297,
  "_val_RMSE": 1.0282356525733003,
  "_elapsed_s": 4.016419410705566,
  "_protocol": "qm",
  "_variant": "head_only",
  "_fraction": 0.25,
  "_seed": 456,
  "_approach": "interp"
}