{
  "method": "molmerger",
  "fraction": 1.0,
  "seed": 42,
  "params": {
    "lr": 0.001,
    "batch_size": 256,
    "hidden_dim": 200,
    "num_layers": 3,
    "num_timesteps": 2,
    "dropout": 0.2,
    "epochs": 200,
    "patience": 25
  },
  "wall_time_s": 531.5241537094116,
  "metrics": {
    "eval": {
      "RMSE": 0.5041395033276947,
      "MAE": 0.31564732272730106,
      "R2": 0.8075184258358398,
      "N": 6969,
      "PS_RMSE": 0.49270097187473694,
      "PS_R2": 0.7687820835046014,
      "N_solvents": 25,
      "n_skipped_unparseable": 0
    },
    "ood": {
      "RMSE": 0.8094774426708273,
      "MAE": 0.5835873953027266,
      "R2": 0.4183056251750841,
      "N": 11940,
      "PS_RMSE": 0.70895550052126,
      "PS_R2": -23.76470514829789,
      "N_solvents": 146,
      "n_skipped_unparseable": 0
    },
    "sc3_gold": {
      "RMSE": 0.8807861241953473,
      "MAE": 0.69364346283579,
      "R2": 0.43598218277077516,
      "N": 4507,
      "PS_RMSE": 0.9261891582485133,
      "PS_R2": -16.759822328460878,
      "N_solvents": 26,
      "Z_RMSE": 50.991039198259,
      "f_aleatoric": 0.04957958828645984,
      "N_with_uncertainty": 3449,
      "n_skipped_unparseable": 0
    },
    "_n_train": 61403,
    "_n_train_skipped_unparseable": 0,
    "_best_epoch": 46
  }
}