{
  "method": "fastprop_big",
  "fraction": 0.05,
  "seed": 42,
  "params": {
    "lr": 0.0005,
    "batch_size": 256,
    "hidden_dims": [
      1024,
      768,
      512,
      256,
      128
    ],
    "dropout": 0.15,
    "epochs": 150,
    "patience": 25
  },
  "wall_time_s": 9.299013614654541,
  "metrics": {
    "eval": {
      "RMSE": 0.6906812641768977,
      "MAE": 0.48142141278646106,
      "R2": 0.6387207207025766,
      "N": 6969,
      "PS_RMSE": 0.6752505655013237,
      "PS_R2": 0.5509382388981762,
      "N_solvents": 25
    },
    "ood": {
      "RMSE": 0.8252998325606266,
      "MAE": 0.6196552958926189,
      "R2": 0.39534329083394293,
      "N": 11940,
      "PS_RMSE": 0.7923108121526989,
      "PS_R2": -44.708267499187684,
      "N_solvents": 146
    },
    "sc3_gold": {
      "RMSE": 0.7626344101605302,
      "MAE": 0.617633469508692,
      "R2": 0.5771516028330772,
      "N": 4507,
      "PS_RMSE": 0.7150250093170978,
      "PS_R2": -5.531400444364409,
      "N_solvents": 26,
      "Z_RMSE": 44.12172115015004,
      "f_aleatoric": 0.040881414902870394,
      "N_with_uncertainty": 3449
    },
    "_n_train": 3070,
    "_best_epoch": 90
  }
}