{
  "eval": {
    "RMSE": 0.5774401100604724,
    "MAE": 0.3800731872408497,
    "R2": 0.7474766172615694,
    "N": 6969,
    "PS_RMSE": 0.5741690410784438,
    "PS_R2": 0.6833928406850573,
    "N_solvents": 25,
    "train_time_s": 157.7663712501526
  },
  "ood": {
    "RMSE": 0.7549371955285266,
    "MAE": 0.5633233095056981,
    "R2": 0.4940506887848203,
    "N": 11940,
    "PS_RMSE": 0.6245964579114858,
    "PS_R2": -7.969308817118934,
    "N_solvents": 146,
    "train_time_s": 157.7663712501526
  },
  "sc3_gold": {
    "RMSE": 0.9230838131463281,
    "MAE": 0.7250200729713498,
    "R2": 0.38051019161114585,
    "N": 4507,
    "PS_RMSE": 0.8209960089907831,
    "PS_R2": -6.82704244895796,
    "N_solvents": 26,
    "Z_RMSE": 52.692834872458434,
    "f_aleatoric": 0.05508843142939983,
    "N_with_uncertainty": 3449,
    "train_time_s": 157.7663712501526
  },
  "sc3_silver": {
    "RMSE": 0.8877745236858489,
    "MAE": 0.6895337383569939,
    "R2": 0.3876750710776914,
    "N": 5475,
    "PS_RMSE": 0.7852049595800765,
    "PS_R2": -4.032736654402993,
    "N_solvents": 27,
    "Z_RMSE": 48.02347280019753,
    "f_aleatoric": 0.09734093067426401,
    "N_with_uncertainty": 4212,
    "train_time_s": 157.7663712501526
  },
  "sc3_bronze": {
    "RMSE": 0.8659501123446959,
    "MAE": 0.6672906373822693,
    "R2": 0.3951031799760806,
    "N": 6331,
    "PS_RMSE": 0.7239418824260493,
    "PS_R2": -2.743802309100397,
    "N_solvents": 30,
    "Z_RMSE": 44.677399351778895,
    "f_aleatoric": 0.16492522024175374,
    "N_with_uncertainty": 4881,
    "train_time_s": 157.7663712501526
  }
}