{
  "eval": {
    "RMSE": 0.5795245206213749,
    "MAE": 0.3815589039255981,
    "R2": 0.7456502376483483,
    "N": 6969,
    "PS_RMSE": 0.5753194899184104,
    "PS_R2": 0.6828683688971133,
    "N_solvents": 25,
    "train_time_s": 154.33031940460205
  },
  "ood": {
    "RMSE": 0.7577660601061423,
    "MAE": 0.5650874946802087,
    "R2": 0.4902518465195359,
    "N": 11940,
    "PS_RMSE": 0.6247601166091563,
    "PS_R2": -7.932495444937533,
    "N_solvents": 146,
    "train_time_s": 154.33031940460205
  },
  "sc3_gold": {
    "RMSE": 0.9250487788960734,
    "MAE": 0.7258204985569485,
    "R2": 0.3778699722841321,
    "N": 4507,
    "PS_RMSE": 0.8120488099191258,
    "PS_R2": -6.919527726786843,
    "N_solvents": 26,
    "Z_RMSE": 52.80801990665108,
    "f_aleatoric": 0.06059727457233981,
    "N_with_uncertainty": 3449,
    "train_time_s": 154.33031940460205
  },
  "sc3_silver": {
    "RMSE": 0.8893289825457245,
    "MAE": 0.688735082066669,
    "R2": 0.3855288792290775,
    "N": 5475,
    "PS_RMSE": 0.7762497267248939,
    "PS_R2": -4.22343268753856,
    "N_solvents": 27,
    "Z_RMSE": 48.1092404706408,
    "f_aleatoric": 0.10493827160493827,
    "N_with_uncertainty": 4212,
    "train_time_s": 154.33031940460205
  },
  "sc3_bronze": {
    "RMSE": 0.8668087404390143,
    "MAE": 0.6657507713489513,
    "R2": 0.39390302100312635,
    "N": 6331,
    "PS_RMSE": 0.7136783072087874,
    "PS_R2": -2.8889427979500053,
    "N_solvents": 30,
    "Z_RMSE": 44.753186777425064,
    "f_aleatoric": 0.17004712149149764,
    "N_with_uncertainty": 4881,
    "train_time_s": 154.33031940460205
  }
}