{
  "eval": {
    "RMSE": 0.5773185533287077,
    "MAE": 0.37967178583217115,
    "R2": 0.7475829233032569,
    "N": 6969,
    "PS_RMSE": 0.5736666236636148,
    "PS_R2": 0.6853735762582879,
    "N_solvents": 25,
    "train_time_s": 156.03798270225525
  },
  "ood": {
    "RMSE": 0.7540081585236412,
    "MAE": 0.5628727264378152,
    "R2": 0.49529518014888163,
    "N": 11940,
    "PS_RMSE": 0.6232162626440795,
    "PS_R2": -7.815174060217144,
    "N_solvents": 146,
    "train_time_s": 156.03798270225525
  },
  "sc3_gold": {
    "RMSE": 0.9247780103657464,
    "MAE": 0.7254726789511594,
    "R2": 0.37823412298271997,
    "N": 4507,
    "PS_RMSE": 0.818599499295321,
    "PS_R2": -7.048917448681459,
    "N_solvents": 26,
    "Z_RMSE": 52.81214934653023,
    "f_aleatoric": 0.05885763989562192,
    "N_with_uncertainty": 3449,
    "train_time_s": 156.03798270225525
  },
  "sc3_silver": {
    "RMSE": 0.8889024273845032,
    "MAE": 0.688834493770515,
    "R2": 0.3861181841438873,
    "N": 5475,
    "PS_RMSE": 0.7843558908016811,
    "PS_R2": -4.156402303929464,
    "N_solvents": 27,
    "Z_RMSE": 48.11889423988451,
    "f_aleatoric": 0.10375118708452041,
    "N_with_uncertainty": 4212,
    "train_time_s": 156.03798270225525
  },
  "sc3_bronze": {
    "RMSE": 0.8662088324693817,
    "MAE": 0.6649444798896219,
    "R2": 0.39474167564208607,
    "N": 6331,
    "PS_RMSE": 0.7212192410012981,
    "PS_R2": -2.822545424084305,
    "N_solvents": 30,
    "Z_RMSE": 44.76099921531541,
    "f_aleatoric": 0.1706617496414669,
    "N_with_uncertainty": 4881,
    "train_time_s": 156.03798270225525
  }
}