{
  "eval": {
    "RMSE": 0.5761054917730823,
    "MAE": 0.37913514119095504,
    "R2": 0.7486425662299142,
    "N": 6969,
    "PS_RMSE": 0.5728806956201539,
    "PS_R2": 0.6853741365160079,
    "N_solvents": 25,
    "train_time_s": 156.7777807712555
  },
  "ood": {
    "RMSE": 0.756541688524908,
    "MAE": 0.56437736001092,
    "R2": 0.4918977817734477,
    "N": 11940,
    "PS_RMSE": 0.6260934059543116,
    "PS_R2": -8.075633209197552,
    "N_solvents": 146,
    "train_time_s": 156.7777807712555
  },
  "sc3_gold": {
    "RMSE": 0.9235653500163202,
    "MAE": 0.7248700326679338,
    "R2": 0.37986369562303934,
    "N": 4507,
    "PS_RMSE": 0.8192401242470827,
    "PS_R2": -7.013449971117244,
    "N_solvents": 26,
    "Z_RMSE": 52.72376940214062,
    "f_aleatoric": 0.06523630037692085,
    "N_with_uncertainty": 3449,
    "train_time_s": 156.7777807712555
  },
  "sc3_silver": {
    "RMSE": 0.8878375730085001,
    "MAE": 0.6883867523317362,
    "R2": 0.3875880939412796,
    "N": 5475,
    "PS_RMSE": 0.7847328877592806,
    "PS_R2": -4.18254983702964,
    "N_solvents": 27,
    "Z_RMSE": 48.051663632253245,
    "f_aleatoric": 0.10897435897435898,
    "N_with_uncertainty": 4212,
    "train_time_s": 156.7777807712555
  },
  "sc3_bronze": {
    "RMSE": 0.8656160244857551,
    "MAE": 0.6661971123987939,
    "R2": 0.3955698343414813,
    "N": 6331,
    "PS_RMSE": 0.7217294287758899,
    "PS_R2": -2.8462184219452564,
    "N_solvents": 30,
    "Z_RMSE": 44.69600887791849,
    "f_aleatoric": 0.1735300143413235,
    "N_with_uncertainty": 4881,
    "train_time_s": 156.7777807712555
  }
}