{
  "eval": {
    "RMSE": 0.5775376256953285,
    "MAE": 0.38091363258755084,
    "R2": 0.7473913199057551,
    "N": 6969,
    "PS_RMSE": 0.5747335874163926,
    "PS_R2": 0.6839721500383216,
    "N_solvents": 25,
    "train_time_s": 157.23281121253967
  },
  "ood": {
    "RMSE": 0.755691860499447,
    "MAE": 0.5639806862495845,
    "R2": 0.4930386494608391,
    "N": 11940,
    "PS_RMSE": 0.6262575583650859,
    "PS_R2": -8.028566122648032,
    "N_solvents": 146,
    "train_time_s": 157.23281121253967
  },
  "sc3_gold": {
    "RMSE": 0.9215565515328373,
    "MAE": 0.7235051794393272,
    "R2": 0.38255841366989607,
    "N": 4507,
    "PS_RMSE": 0.8147029461398035,
    "PS_R2": -6.933429856985778,
    "N_solvents": 26,
    "Z_RMSE": 52.77188186063588,
    "f_aleatoric": 0.0623369092490577,
    "N_with_uncertainty": 3449,
    "train_time_s": 157.23281121253967
  },
  "sc3_silver": {
    "RMSE": 0.885343881680337,
    "MAE": 0.68621130921109,
    "R2": 0.39102345556814044,
    "N": 5475,
    "PS_RMSE": 0.7785604745114482,
    "PS_R2": -4.17950985922678,
    "N_solvents": 27,
    "Z_RMSE": 48.07847947268863,
    "f_aleatoric": 0.10802469135802469,
    "N_with_uncertainty": 4212,
    "train_time_s": 157.23281121253967
  },
  "sc3_bronze": {
    "RMSE": 0.8631379231528491,
    "MAE": 0.6630324101465006,
    "R2": 0.3990256279871105,
    "N": 6331,
    "PS_RMSE": 0.714018246172261,
    "PS_R2": -2.8127615689362724,
    "N_solvents": 30,
    "Z_RMSE": 44.72439848197612,
    "f_aleatoric": 0.173120262241344,
    "N_with_uncertainty": 4881,
    "train_time_s": 157.23281121253967
  }
}