{
  "method": "rf",
  "featurizer": "morgan",
  "seeds": [
    42,
    101,
    123,
    456,
    789
  ],
  "params": {
    "n_estimators": 1000,
    "max_depth": null,
    "min_samples_split": 2,
    "min_samples_leaf": 1,
    "max_features": 0.3
  },
  "aggregated": {
    "eval": {
      "RMSE_mean": 0.5775852602957932,
      "RMSE_std": 0.0010995376977119345,
      "MAE_mean": 0.380270530155425,
      "MAE_std": 0.0008671833486729534,
      "R2_mean": 0.7473487328697688,
      "R2_std": 0.0009624867805275307,
      "N_mean": 6969.0,
      "N_std": 0.0,
      "PS_RMSE_mean": 0.574153887539403,
      "PS_RMSE_std": 0.0008430129573101964,
      "PS_R2_mean": 0.6841962144789576,
      "PS_R2_std": 0.001022982824909879,
      "N_solvents_mean": 25.0,
      "N_solvents_std": 0.0,
      "train_time_s_mean": 156.429053068161,
      "train_time_s_std": 1.1927847338972042
    },
    "ood": {
      "RMSE_mean": 0.755788992636533,
      "RMSE_std": 0.0012947362652421645,
      "MAE_mean": 0.5639283153768453,
      "MAE_std": 0.0007782519593774416,
      "R2_mean": 0.49290682933750496,
      "R2_std": 0.0017376490628762057,
      "N_mean": 11940.0,
      "N_std": 0.0,
      "PS_RMSE_mean": 0.6249847602968239,
      "PS_RMSE_std": 0.0011115698442354905,
      "PS_R2_mean": -7.9642355308238395,
      "PS_R2_std": 0.08921923682349751,
      "N_solvents_mean": 146.0,
      "N_solvents_std": 0.0,
      "train_time_s_mean": 156.429053068161,
      "train_time_s_std": 1.1927847338972042
    },
    "sc3_gold": {
      "RMSE_mean": 0.9236065007914611,
      "RMSE_std": 0.0012593481279842792,
      "MAE_mean": 0.7249376925173439,
      "MAE_std": 0.000791077126586558,
      "R2_mean": 0.37980727923418667,
      "R2_std": 0.0016907979247809686,
      "N_mean": 4507.0,
      "N_std": 0.0,
      "PS_RMSE_mean": 0.8171174777184232,
      "PS_RMSE_std": 0.003263935571498947,
      "PS_R2_mean": -6.948473490505857,
      "PS_R2_std": 0.07761520181613216,
      "N_solvents_mean": 26.0,
      "N_solvents_std": 0.0,
      "Z_RMSE_mean": 52.76173107768325,
      "Z_RMSE_std": 0.04685183415763932,
      "f_aleatoric_mean": 0.06042331110466802,
      "f_aleatoric_std": 0.003399095596347428,
      "N_with_uncertainty_mean": 3449.0,
      "N_with_uncertainty_std": 0.0,
      "train_time_s_mean": 156.429053068161,
      "train_time_s_std": 1.1927847338972042
    },
    "sc3_silver": {
      "RMSE_mean": 0.8878374776609828,
      "RMSE_std": 0.0013842462831161109,
      "MAE_mean": 0.6883402751474008,
      "MAE_std": 0.0011277530820372763,
      "R2_mean": 0.3875867367920153,
      "R2_std": 0.0019084163782421817,
      "N_mean": 5475.0,
      "N_std": 0.0,
      "PS_RMSE_mean": 0.781820787875476,
      "PS_RMSE_std": 0.0036885242653698553,
      "PS_R2_mean": -4.154926268425488,
      "PS_R2_std": 0.06479664249725423,
      "N_solvents_mean": 27.0,
      "N_solvents_std": 0.0,
      "Z_RMSE_mean": 48.07635012313294,
      "Z_RMSE_std": 0.035501394540660355,
      "f_aleatoric_mean": 0.10460588793922128,
      "f_aleatoric_std": 0.004108341575749906,
      "N_with_uncertainty_mean": 4212.0,
      "N_with_uncertainty_std": 0.0,
      "train_time_s_mean": 156.429053068161,
      "train_time_s_std": 1.1927847338972042
    },
    "sc3_bronze": {
      "RMSE_mean": 0.8655443265783391,
      "RMSE_std": 0.001264981471375267,
      "MAE_mean": 0.6654430822332275,
      "MAE_std": 0.0014238425698119286,
      "R2_mean": 0.39566866778997695,
      "R2_std": 0.0017649673822205864,
      "N_mean": 6331.0,
      "N_std": 0.0,
      "PS_RMSE_mean": 0.7189174211168572,
      "PS_RMSE_std": 0.004240311379649463,
      "PS_R2_mean": -2.8228541044032474,
      "PS_R2_std": 0.04746524548596865,
      "N_solvents_mean": 30.0,
      "N_solvents_std": 0.0,
      "Z_RMSE_mean": 44.72239854088279,
      "Z_RMSE_std": 0.03213493012841437,
      "f_aleatoric_mean": 0.17045687359147718,
      "f_aleatoric_std": 0.0030772355428016567,
      "N_with_uncertainty_mean": 4881.0,
      "N_with_uncertainty_std": 0.0,
      "train_time_s_mean": 156.429053068161,
      "train_time_s_std": 1.1927847338972042
    }
  },
  "per_seed": {
    "42": {
      "eval": {
        "RMSE": 0.5774401100604724,
        "MAE": 0.3800731872408497,
        "R2": 0.7474766172615694,
        "N": 6969,
        "PS_RMSE": 0.5741690410784438,
        "PS_R2": 0.6833928406850573,
        "N_solvents": 25,
        "train_time_s": 157.7663712501526
      },
      "ood": {
        "RMSE": 0.7549371955285266,
        "MAE": 0.5633233095056981,
        "R2": 0.4940506887848203,
        "N": 11940,
        "PS_RMSE": 0.6245964579114858,
        "PS_R2": -7.969308817118934,
        "N_solvents": 146,
        "train_time_s": 157.7663712501526
      },
      "sc3_gold": {
        "RMSE": 0.9230838131463281,
        "MAE": 0.7250200729713498,
        "R2": 0.38051019161114585,
        "N": 4507,
        "PS_RMSE": 0.8209960089907831,
        "PS_R2": -6.82704244895796,
        "N_solvents": 26,
        "Z_RMSE": 52.692834872458434,
        "f_aleatoric": 0.05508843142939983,
        "N_with_uncertainty": 3449,
        "train_time_s": 157.7663712501526
      },
      "sc3_silver": {
        "RMSE": 0.8877745236858489,
        "MAE": 0.6895337383569939,
        "R2": 0.3876750710776914,
        "N": 5475,
        "PS_RMSE": 0.7852049595800765,
        "PS_R2": -4.032736654402993,
        "N_solvents": 27,
        "Z_RMSE": 48.02347280019753,
        "f_aleatoric": 0.09734093067426401,
        "N_with_uncertainty": 4212,
        "train_time_s": 157.7663712501526
      },
      "sc3_bronze": {
        "RMSE": 0.8659501123446959,
        "MAE": 0.6672906373822693,
        "R2": 0.3951031799760806,
        "N": 6331,
        "PS_RMSE": 0.7239418824260493,
        "PS_R2": -2.743802309100397,
        "N_solvents": 30,
        "Z_RMSE": 44.677399351778895,
        "f_aleatoric": 0.16492522024175374,
        "N_with_uncertainty": 4881,
        "train_time_s": 157.7663712501526
      }
    },
    "101": {
      "eval": {
        "RMSE": 0.5761054917730823,
        "MAE": 0.37913514119095504,
        "R2": 0.7486425662299142,
        "N": 6969,
        "PS_RMSE": 0.5728806956201539,
        "PS_R2": 0.6853741365160079,
        "N_solvents": 25,
        "train_time_s": 156.7777807712555
      },
      "ood": {
        "RMSE": 0.756541688524908,
        "MAE": 0.56437736001092,
        "R2": 0.4918977817734477,
        "N": 11940,
        "PS_RMSE": 0.6260934059543116,
        "PS_R2": -8.075633209197552,
        "N_solvents": 146,
        "train_time_s": 156.7777807712555
      },
      "sc3_gold": {
        "RMSE": 0.9235653500163202,
        "MAE": 0.7248700326679338,
        "R2": 0.37986369562303934,
        "N": 4507,
        "PS_RMSE": 0.8192401242470827,
        "PS_R2": -7.013449971117244,
        "N_solvents": 26,
        "Z_RMSE": 52.72376940214062,
        "f_aleatoric": 0.06523630037692085,
        "N_with_uncertainty": 3449,
        "train_time_s": 156.7777807712555
      },
      "sc3_silver": {
        "RMSE": 0.8878375730085001,
        "MAE": 0.6883867523317362,
        "R2": 0.3875880939412796,
        "N": 5475,
        "PS_RMSE": 0.7847328877592806,
        "PS_R2": -4.18254983702964,
        "N_solvents": 27,
        "Z_RMSE": 48.051663632253245,
        "f_aleatoric": 0.10897435897435898,
        "N_with_uncertainty": 4212,
        "train_time_s": 156.7777807712555
      },
      "sc3_bronze": {
        "RMSE": 0.8656160244857551,
        "MAE": 0.6661971123987939,
        "R2": 0.3955698343414813,
        "N": 6331,
        "PS_RMSE": 0.7217294287758899,
        "PS_R2": -2.8462184219452564,
        "N_solvents": 30,
        "Z_RMSE": 44.69600887791849,
        "f_aleatoric": 0.1735300143413235,
        "N_with_uncertainty": 4881,
        "train_time_s": 156.7777807712555
      }
    },
    "123": {
      "eval": {
        "RMSE": 0.5795245206213749,
        "MAE": 0.3815589039255981,
        "R2": 0.7456502376483483,
        "N": 6969,