{
  "train_time_s": 56.62675595283508,
  "best_epoch": 57,
  "best_val_loss": 0.21104870736598969,
  "eval": {
    "RMSE": 0.45940038139905925,
    "MAE": 0.2895885393971904,
    "R2": 0.8401655440335836,
    "N": 6969,
    "PS_RMSE": 0.4491611869717099,
    "PS_R2": 0.8117987516656422,
    "N_solvents": 25
  },
  "test_hard": {
    "RMSE": 0.8276790976814514,
    "MAE": 0.6285804501443998,
    "R2": 0.5019466460385217,
    "N": 4507,
    "PS_RMSE": 0.7934780044446537,
    "PS_R2": -8.944314199390744,
    "N_solvents": 26,
    "Z_RMSE": 47.54685152977962,
    "f_aleatoric": 0.04581037982023775,
    "N_with_uncertainty": 3449
  },
  "test_medium": {
    "RMSE": 0.8045694367383537,
    "MAE": 0.6072623957210533,
    "R2": 0.4970745117748039,
    "N": 5475,
    "PS_RMSE": 0.757534293078953,
    "PS_R2": -4.687929697490337,
    "N_solvents": 27,
    "Z_RMSE": 43.42789622417968,
    "f_aleatoric": 0.08784425451092118,
    "N_with_uncertainty": 4212
  },
  "test_easy": {
    "RMSE": 0.7790225380540776,
    "MAE": 0.5863576996533514,
    "R2": 0.5104516398245645,
    "N": 6331,
    "PS_RMSE": 0.6953478679448285,
    "PS_R2": -1.1675108837802712,
    "N_solvents": 30,
    "Z_RMSE": 40.370211356151785,
    "f_aleatoric": 0.1524277811923786,
    "N_with_uncertainty": 4881
  },
  "artifacts": {
    "seed_dir": "/DATATWO/users/solubility/Dhairya/sc3-benchmark-descriptor-runner/results/hpo_fastprop_trial_011/seed_42",
    "checkpoints_dir": "/DATATWO/users/solubility/Dhairya/sc3-benchmark-descriptor-runner/results/hpo_fastprop_trial_011/seed_42/checkpoints",
    "predictions_dir": "/DATATWO/users/solubility/Dhairya/sc3-benchmark-descriptor-runner/results/hpo_fastprop_trial_011/seed_42/predictions",
    "epoch_history_json": "/DATATWO/users/solubility/Dhairya/sc3-benchmark-descriptor-runner/results/hpo_fastprop_trial_011/seed_42/epoch_history.json",
    "best_model_pkl": "/DATATWO/users/solubility/Dhairya/sc3-benchmark-descriptor-runner/results/hpo_fastprop_trial_011/seed_42/best_model.pkl",
    "run_config_json": "/DATATWO/users/solubility/Dhairya/sc3-benchmark-descriptor-runner/results/hpo_fastprop_trial_011/seed_42/run_config.json"
  }
}