{
  "train_time_s": 17.44490909576416,
  "best_epoch": 18,
  "best_val_loss": 0.22756245732307434,
  "eval": {
    "RMSE": 0.4770350664062718,
    "MAE": 0.30187078121143895,
    "R2": 0.8276591169292795,
    "N": 6969,
    "PS_RMSE": 0.4734288076312648,
    "PS_R2": 0.7878720688396652,
    "N_solvents": 25
  },
  "test_hard": {
    "RMSE": 0.9206889593349378,
    "MAE": 0.6214024507977075,
    "R2": 0.3837204393248167,
    "N": 4507,
    "PS_RMSE": 0.8220266364009166,
    "PS_R2": -6.452162958087285,
    "N_solvents": 26,
    "Z_RMSE": 54.36848773629641,
    "f_aleatoric": 0.04986952739924616,
    "N_with_uncertainty": 3449
  },
  "test_medium": {
    "RMSE": 0.881228574809215,
    "MAE": 0.6037148021448874,
    "R2": 0.3966716588433441,
    "N": 5475,
    "PS_RMSE": 0.7701777163360161,
    "PS_R2": -4.256489196810219,
    "N_solvents": 27,
    "Z_RMSE": 49.47839310209764,
    "f_aleatoric": 0.08950617283950617,
    "N_with_uncertainty": 4212
  },
  "test_easy": {
    "RMSE": 0.850305505993394,
    "MAE": 0.5902077159186273,
    "R2": 0.41676236843524095,
    "N": 6331,
    "PS_RMSE": 0.7178719112639667,
    "PS_R2": -1.6334626573347983,
    "N_solvents": 30,
    "Z_RMSE": 46.013666245117214,
    "f_aleatoric": 0.147920508092604,
    "N_with_uncertainty": 4881
  },
  "artifacts": {
    "seed_dir": "/DATATWO/users/solubility/Dhairya/sc3-benchmark-descriptor-runner/results/hpo_mlp_trial_021/seed_42",
    "checkpoints_dir": "/DATATWO/users/solubility/Dhairya/sc3-benchmark-descriptor-runner/results/hpo_mlp_trial_021/seed_42/checkpoints",
    "predictions_dir": "/DATATWO/users/solubility/Dhairya/sc3-benchmark-descriptor-runner/results/hpo_mlp_trial_021/seed_42/predictions",
    "epoch_history_json": "/DATATWO/users/solubility/Dhairya/sc3-benchmark-descriptor-runner/results/hpo_mlp_trial_021/seed_42/epoch_history.json",
    "best_model_pkl": "/DATATWO/users/solubility/Dhairya/sc3-benchmark-descriptor-runner/results/hpo_mlp_trial_021/seed_42/best_model.pkl",
    "run_config_json": "/DATATWO/users/solubility/Dhairya/sc3-benchmark-descriptor-runner/results/hpo_mlp_trial_021/seed_42/run_config.json"
  }
}