{
  "method": "lgb_rdkit",
  "fraction": 0.1,
  "seed": 42,
  "params": {
    "n_estimators": 3000,
    "learning_rate": 0.05,
    "num_leaves": 127,
    "min_child_samples": 10,
    "feature_fraction": 0.8,
    "bagging_fraction": 0.8,
    "bagging_freq": 5,
    "reg_alpha": 0.1,
    "reg_lambda": 5
  },
  "wall_time_s": 16.16782832145691,
  "metrics": {
    "eval": {
      "RMSE": 0.5740985859796742,
      "MAE": 0.3883715975243082,
      "R2": 0.750390760099704,
      "N": 6969,
      "PS_RMSE": 0.5602846410236233,
      "PS_R2": 0.7162660846858528,
      "N_solvents": 25
    },
    "ood": {
      "RMSE": 0.6653863382060471,
      "MAE": 0.47804211743836095,
      "R2": 0.6069632849466485,
      "N": 11940,
      "PS_RMSE": 0.5964198333724668,
      "PS_R2": -33.47809133691447,
      "N_solvents": 146
    },
    "sc3_gold": {
      "RMSE": 0.7336235875934536,
      "MAE": 0.5794903262606633,
      "R2": 0.6087102532602019,
      "N": 4507,
      "PS_RMSE": 0.6028427870629526,
      "PS_R2": -1.7491087907782927,
      "N_solvents": 26,
      "Z_RMSE": 41.79736533259063,
      "f_aleatoric": 0.06610611771527979,
      "N_with_uncertainty": 3449
    },
    "_n_train": 6140,
    "_best_iter": 961
  }
}