{
  "method": "fastprop_big",
  "fraction": 0.8,
  "seed": 42,
  "params": {
    "lr": 0.0005,
    "batch_size": 256,
    "hidden_dims": [
      1024,
      768,
      512,
      256,
      128
    ],
    "dropout": 0.35,
    "weight_decay": 0.001,
    "epochs": 400,
    "patience": 50,
    "lr_patience": 20
  },
  "wall_time_s": 71.24758696556091,
  "metrics": {
    "eval": {
      "RMSE": 0.4877268309586041,
      "MAE": 0.31515829700144155,
      "R2": 0.8198472072677643,
      "N": 6969,
      "PS_RMSE": 0.4787600739147321,
      "PS_R2": 0.7891079010908056,
      "N_solvents": 25
    },
    "ood": {
      "RMSE": 0.6558123727568029,
      "MAE": 0.47998725937462594,
      "R2": 0.618192395542857,
      "N": 11940,
      "PS_RMSE": 0.6173461573804764,
      "PS_R2": -16.58535591984052,
      "N_solvents": 146
    },
    "sc3_gold": {
      "RMSE": 0.8835652985684723,
      "MAE": 0.6086904613206111,
      "R2": 0.4324172381841337,
      "N": 4507,
      "PS_RMSE": 0.8279987670498266,
      "PS_R2": -11.94062595590495,
      "N_solvents": 26,
      "Z_RMSE": 51.77756668547829,
      "f_aleatoric": 0.07625398666280081,
      "N_with_uncertainty": 3449
    },
    "_n_train": 49122,
    "_best_epoch": 52,
    "_train_RMSE_at_best": 0.3123664844728822,
    "_val_RMSE_best": 0.487726842848669,
    "_n_params": 1679361
  }
}