{
  "train_time_s": 134.76512002944946,
  "best_epoch": 50,
  "best_val_loss": 0.14946649968624115,
  "eval": {
    "RMSE": 0.47353079736561193,
    "MAE": 0.300103697374889,
    "R2": 0.8301818271119961,
    "N": 6969,
    "PS_RMSE": 0.46504630094799604,
    "PS_R2": 0.7969583453513287,
    "N_solvents": 25
  },
  "test_hard": {
    "RMSE": 0.791646984638107,
    "MAE": 0.6037156557284536,
    "R2": 0.544367160994504,
    "N": 4507,
    "PS_RMSE": 0.7290509387912534,
    "PS_R2": -6.691952305800976,
    "N_solvents": 26,
    "Z_RMSE": 44.86148529508999,
    "f_aleatoric": 0.061177152797912436,
    "N_with_uncertainty": 3449
  },
  "test_medium": {
    "RMSE": 0.7717023635244512,
    "MAE": 0.5871666084983562,
    "R2": 0.5373247747832723,
    "N": 5475,
    "PS_RMSE": 0.6929827395995497,
    "PS_R2": -3.7265266451706736,
    "N_solvents": 27,
    "Z_RMSE": 41.03033681001676,
    "f_aleatoric": 0.10090218423551757,
    "N_with_uncertainty": 4212
  },
  "test_easy": {
    "RMSE": 0.7559750817396127,
    "MAE": 0.5763120003024571,
    "R2": 0.5389898191090361,
    "N": 6331,
    "PS_RMSE": 0.6204806781754532,
    "PS_R2": -0.5250873069892734,
    "N_solvents": 30,
    "Z_RMSE": 38.1668864811424,
    "f_aleatoric": 0.1557057979922147,
    "N_with_uncertainty": 4881
  },
  "artifacts": {
    "seed_dir": "/DATATWO/users/solubility/Dhairya/sc3-benchmark-descriptor-runner/results/hpo_fastsolv_trial_009/seed_42",
    "checkpoints_dir": "/DATATWO/users/solubility/Dhairya/sc3-benchmark-descriptor-runner/results/hpo_fastsolv_trial_009/seed_42/checkpoints",
    "predictions_dir": "/DATATWO/users/solubility/Dhairya/sc3-benchmark-descriptor-runner/results/hpo_fastsolv_trial_009/seed_42/predictions",
    "epoch_history_json": "/DATATWO/users/solubility/Dhairya/sc3-benchmark-descriptor-runner/results/hpo_fastsolv_trial_009/seed_42/epoch_history.json",
    "best_model_pkl": "/DATATWO/users/solubility/Dhairya/sc3-benchmark-descriptor-runner/results/hpo_fastsolv_trial_009/seed_42/best_model.pkl",
    "run_config_json": "/DATATWO/users/solubility/Dhairya/sc3-benchmark-descriptor-runner/results/hpo_fastsolv_trial_009/seed_42/run_config.json"
  }
}