{
  "method": "gnn_gcn",
  "n_seeds": 1,
  "eval_RMSE_mean": 0.8882741640945031,
  "eval_RMSE_std": 0.0,
  "eval_MAE_mean": 0.6829060545603294,
  "eval_MAE_std": 0.0,
  "eval_R2_mean": 0.4024396601802136,
  "eval_R2_std": 0.0,
  "eval_PS_RMSE_mean": 0.8803406881055017,
  "eval_PS_RMSE_std": 0.0,
  "eval_PS_R2_mean": 0.27155488672879124,
  "eval_PS_R2_std": 0.0,
  "test_hard_RMSE_mean": 0.9778262091971155,
  "test_hard_RMSE_std": 0.0,
  "test_hard_MAE_mean": 0.7618994818217679,
  "test_hard_MAE_std": 0.0,
  "test_hard_R2_mean": 0.3048552594435071,
  "test_hard_R2_std": 0.0,
  "test_hard_PS_RMSE_mean": 0.8365477889425077,
  "test_hard_PS_RMSE_std": 0.0,
  "test_hard_PS_R2_mean": -6.403042126341426,
  "test_hard_PS_R2_std": 0.0,
  "test_hard_Z_RMSE_mean": 52.87160584953358,
  "test_hard_Z_RMSE_std": 0.0,
  "test_medium_RMSE_mean": 0.9653014221130354,
  "test_medium_RMSE_std": 0.0,
  "test_medium_MAE_mean": 0.7608202453903464,
  "test_medium_MAE_std": 0.0,
  "test_medium_R2_mean": 0.2760601619683415,
  "test_medium_R2_std": 0.0,
  "test_medium_PS_RMSE_mean": 0.8161539442850025,
  "test_medium_PS_RMSE_std": 0.0,
  "test_medium_PS_R2_mean": -3.2956589288587668,
  "test_medium_PS_R2_std": 0.0,
  "test_medium_Z_RMSE_mean": 48.43978189068149,
  "test_medium_Z_RMSE_std": 0.0,
  "test_easy_RMSE_mean": 0.9555113471299671,
  "test_easy_RMSE_std": 0.0,
  "test_easy_MAE_mean": 0.7565090368137288,
  "test_easy_MAE_std": 0.0,
  "test_easy_R2_mean": 0.2635093242734007,
  "test_easy_R2_std": 0.0,
  "test_easy_PS_RMSE_mean": 0.8229869656311349,
  "test_easy_PS_RMSE_std": 0.0,
  "test_easy_PS_R2_mean": -3.2791170549516,
  "test_easy_PS_R2_std": 0.0,
  "test_easy_Z_RMSE_mean": 45.16211573743679,
  "test_easy_Z_RMSE_std": 0.0,
  "train_time_mean_s": 69.00794863700867
}