{
  "method": "fastprop_xl",
  "fraction": 0.2,
  "seed": 42,
  "params": {
    "lr": 0.0003,
    "batch_size": 256,
    "hidden_dims": [
      2048,
      1536,
      1024,
      768,
      512,
      256,
      128
    ],
    "dropout": 0.2,
    "epochs": 200,
    "patience": 30
  },
  "wall_time_s": 29.672311305999756,
  "metrics": {
    "eval": {
      "RMSE": 0.5014227062746378,
      "MAE": 0.3252716476626056,
      "R2": 0.8095873941733929,
      "N": 6969,
      "PS_RMSE": 0.4937256135397066,
      "PS_R2": 0.7771159530374478,
      "N_solvents": 25
    },
    "ood": {
      "RMSE": 0.6953419321598785,
      "MAE": 0.5018222764671497,
      "R2": 0.5707777743642286,
      "N": 11940,
      "PS_RMSE": 0.6063832898739435,
      "PS_R2": -13.236294241311663,
      "N_solvents": 146
    },
    "sc3_gold": {
      "RMSE": 0.802775916473312,
      "MAE": 0.6179046086307319,
      "R2": 0.5314665896127354,
      "N": 4507,
      "PS_RMSE": 0.7793169503682777,
      "PS_R2": -11.437250686613375,
      "N_solvents": 26,
      "Z_RMSE": 46.84991064075519,
      "f_aleatoric": 0.040881414902870394,
      "N_with_uncertainty": 3449
    },
    "_n_train": 12281,
    "_best_epoch": 100
  }
}