{
  "eval": {
    "RMSE": 0.4771531363860029,
    "MAE": 0.30546457826647594,
    "R2": 0.8275737948882581,
    "N": 6969,
    "PS_RMSE": 0.4768744602299874,
    "PS_R2": 0.7883232461584937,
    "N_solvents": 25
  },
  "ood": {
    "RMSE": 0.6761575966531849,
    "MAE": 0.49530742140470385,
    "R2": 0.5941353503555586,
    "N": 11940,
    "PS_RMSE": 0.6007576377454337,
    "PS_R2": -12.804252681643414,
    "N_solvents": 146
  },
  "sc3_gold": {
    "RMSE": 0.8611655803410967,
    "MAE": 0.6108498583467866,
    "R2": 0.4608306196492552,
    "N": 4507,
    "PS_RMSE": 0.8217143724678249,
    "PS_R2": -8.530446328992852,
    "N_solvents": 26,
    "Z_RMSE": 47.58456567578134,
    "f_aleatoric": 0.06523630037692085,
    "N_with_uncertainty": 3449
  },
  "_n_train": 15352,
  "_n_trainable": 330497,
  "_best_epoch": 112,
  "_val_RMSE": 0.4771531363860029,
  "_elapsed_s": 25.877537488937378,
  "_protocol": "scratch",
  "_variant": "full",
  "_fraction": 0.25,
  "_seed": 101
}