{
  "eval": {
    "RMSE": 0.4924325987529421,
    "MAE": 0.31212479875286625,
    "R2": 0.8163540755060956,
    "N": 6969,
    "PS_RMSE": 0.48363123554232557,
    "PS_R2": 0.7818374730267166,
    "N_solvents": 25
  },
  "ood": {
    "RMSE": 0.6759136541634835,
    "MAE": 0.49106709403645094,
    "R2": 0.5944281512461786,
    "N": 11940,
    "PS_RMSE": 0.5924821661445213,
    "PS_R2": -11.470500259390594,
    "N_solvents": 146
  },
  "sc3_gold": {
    "RMSE": 1.0605148947754361,
    "MAE": 0.6587413915023702,
    "R2": 0.18231611479010568,
    "N": 4507,
    "PS_RMSE": 0.8991962883023105,
    "PS_R2": -7.826246347434264,
    "N_solvents": 26,
    "Z_RMSE": 59.5555530022328,
    "f_aleatoric": 0.06059727457233981,
    "N_with_uncertainty": 3449
  },
  "_n_train": 15352,
  "_n_trainable": 330497,
  "_best_epoch": 155,
  "_val_RMSE": 0.4924325987529421,
  "_elapsed_s": 32.457818269729614,
  "_protocol": "scratch",
  "_variant": "full",
  "_fraction": 0.25,
  "_seed": 42
}