{
  "eval": {
    "RMSE": 0.5015625504816965,
    "MAE": 0.32453540449510915,
    "R2": 0.8094811687691721,
    "N": 6969,
    "PS_RMSE": 0.49504008365567465,
    "PS_R2": 0.7746428567530047,
    "N_solvents": 25
  },
  "ood": {
    "RMSE": 0.6757432692853549,
    "MAE": 0.4968656905428647,
    "R2": 0.5946325992545496,
    "N": 11940,
    "PS_RMSE": 0.6158390648381186,
    "PS_R2": -13.707567191497345,
    "N_solvents": 146
  },
  "sc3_gold": {
    "RMSE": 0.8265241998254799,
    "MAE": 0.6040957094696269,
    "R2": 0.5033355888075877,
    "N": 4507,
    "PS_RMSE": 0.7560024526994733,
    "PS_R2": -9.845774541797109,
    "N_solvents": 26,
    "Z_RMSE": 46.35347541874255,
    "f_aleatoric": 0.06784575239199768,
    "N_with_uncertainty": 3449
  },
  "_n_train": 15352,
  "_n_trainable": 330497,
  "_best_epoch": 71,
  "_val_RMSE": 0.5015625504816965,
  "_elapsed_s": 18.73375129699707,
  "_protocol": "scratch",
  "_variant": "full",
  "_fraction": 0.25,
  "_seed": 456
}