{
  "eval": {
    "RMSE": 0.46807342457560663,
    "MAE": 0.3135771332410267,
    "R2": 0.8340735304121825,
    "N": 6969,
    "PS_RMSE": 0.4746116579700173,
    "PS_R2": 0.787291381040593,
    "N_solvents": 25
  },
  "ood": {
    "RMSE": 0.6880929209109784,
    "MAE": 0.5140654910900162,
    "R2": 0.5796804962524561,
    "N": 11940,
    "PS_RMSE": 0.6403646929785403,
    "PS_R2": -15.01757273720477,
    "N_solvents": 146
  },
  "sc3_gold": {
    "RMSE": 0.8910544151911911,
    "MAE": 0.6147009317074279,
    "R2": 0.4227547780707248,
    "N": 4507,
    "PS_RMSE": 0.8746154291286276,
    "PS_R2": -14.074259644252221,
    "N_solvents": 26,
    "Z_RMSE": 49.781352187656495,
    "f_aleatoric": 0.06465642215134822,
    "N_with_uncertainty": 3449
  },
  "_n_train": 15352,
  "_n_trainable": 330497,
  "_best_epoch": 70,
  "_val_RMSE": 0.46807342457560663,
  "_elapsed_s": 18.100350618362427,
  "_protocol": "scratch",
  "_variant": "full",
  "_fraction": 0.25,
  "_seed": 789
}