{
  "eval": {
    "RMSE": 0.4780511776474111,
    "MAE": 0.30788129842327155,
    "R2": 0.8269241436496987,
    "N": 6969,
    "PS_RMSE": 0.4729072850385053,
    "PS_R2": 0.785123555557103,
    "N_solvents": 25
  },
  "ood": {
    "RMSE": 0.6973952709237838,
    "MAE": 0.5090693275854771,
    "R2": 0.5682390514933653,
    "N": 11940,
    "PS_RMSE": 0.6296382936554241,
    "PS_R2": -14.763633376536571,
    "N_solvents": 146
  },
  "sc3_gold": {
    "RMSE": 0.7819092537449733,
    "MAE": 0.5837915625664198,
    "R2": 0.5555073338951024,
    "N": 4507,
    "PS_RMSE": 0.7378771521235394,
    "PS_R2": -7.507183095325546,
    "N_solvents": 26,
    "Z_RMSE": 44.29918295701179,
    "f_aleatoric": 0.05798782255726297,
    "N_with_uncertainty": 3449
  },
  "_n_train": 15352,
  "_n_trainable": 330497,
  "_best_epoch": 125,
  "_val_RMSE": 0.4780511776474111,
  "_elapsed_s": 27.621081113815308,
  "_protocol": "scratch",
  "_variant": "full",
  "_fraction": 0.25,
  "_seed": 123
}