{
  "method": "fastprop_xl",
  "fraction": 0.1,
  "seed": 42,
  "params": {
    "lr": 0.0003,
    "batch_size": 256,
    "hidden_dims": [
      2048,
      1536,
      1024,
      768,
      512,
      256,
      128
    ],
    "dropout": 0.2,
    "epochs": 200,
    "patience": 30
  },
  "wall_time_s": 14.652296543121338,
  "metrics": {
    "eval": {
      "RMSE": 0.5879990046410509,
      "MAE": 0.40008816336286473,
      "R2": 0.7381570499973253,
      "N": 6969,
      "PS_RMSE": 0.5816726249057474,
      "PS_R2": 0.666997596226117,
      "N_solvents": 25
    },
    "ood": {
      "RMSE": 0.7408726607744428,
      "MAE": 0.537324280001778,
      "R2": 0.5127268288881324,
      "N": 11940,
      "PS_RMSE": 0.6932572670119823,
      "PS_R2": -37.805040427054095,
      "N_solvents": 146
    },
    "sc3_gold": {
      "RMSE": 0.7716228200861196,
      "MAE": 0.6109052544376834,
      "R2": 0.5671254817694162,
      "N": 4507,
      "PS_RMSE": 0.7794443657641918,
      "PS_R2": -10.054854010207855,
      "N_solvents": 26,
      "Z_RMSE": 45.56021938981125,
      "f_aleatoric": 0.053348796752681935,
      "N_with_uncertainty": 3449
    },
    "_n_train": 6140,
    "_best_epoch": 94
  }
}