{
  "method": "fastprop_xl",
  "fractions": [
    0.05,
    0.1,
    0.2,
    0.4,
    0.6,
    0.8,
    1.0
  ],
  "seeds": [
    42
  ],
  "by_fraction": {
    "0.050": {
      "aggregated": {
        "eval": {
          "RMSE_mean": 0.7114837781776643,
          "RMSE_std": 0.0,
          "RMSE_n": 1,
          "MAE_mean": 0.4970091182159568,
          "MAE_std": 0.0,
          "MAE_n": 1,
          "R2_mean": 0.6166303674005258,
          "R2_std": 0.0,
          "R2_n": 1,
          "N_mean": 6969.0,
          "N_std": 0.0,
          "N_n": 1,
          "PS_RMSE_mean": 0.7002251832960333,
          "PS_RMSE_std": 0.0,
          "PS_RMSE_n": 1,
          "PS_R2_mean": 0.5223584033817048,
          "PS_R2_std": 0.0,
          "PS_R2_n": 1,
          "N_solvents_mean": 25.0,
          "N_solvents_std": 0.0,
          "N_solvents_n": 1
        },
        "ood": {
          "RMSE_mean": 0.8013763043231956,
          "RMSE_std": 0.0,
          "RMSE_n": 1,
          "MAE_mean": 0.5913278078388037,
          "MAE_std": 0.0,
          "MAE_n": 1,
          "R2_mean": 0.42989039802349416,
          "R2_std": 0.0,
          "R2_n": 1,
          "N_mean": 11940.0,
          "N_std": 0.0,
          "N_n": 1,
          "PS_RMSE_mean": 0.7454853658828829,
          "PS_RMSE_std": 0.0,
          "PS_RMSE_n": 1,
          "PS_R2_mean": -42.652746295823896,
          "PS_R2_std": 0.0,
          "PS_R2_n": 1,
          "N_solvents_mean": 146.0,
          "N_solvents_std": 0.0,
          "N_solvents_n": 1
        },
        "sc3_gold": {
          "RMSE_mean": 0.7910644111014368,
          "RMSE_std": 0.0,
          "RMSE_n": 1,
          "MAE_mean": 0.6302248199931895,
          "MAE_std": 0.0,
          "MAE_n": 1,
          "R2_mean": 0.5450375139220549,
          "R2_std": 0.0,
          "R2_n": 1,
          "N_mean": 4507.0,
          "N_std": 0.0,
          "N_n": 1,
          "PS_RMSE_mean": 0.7245102492870709,
          "PS_RMSE_std": 0.0,
          "PS_RMSE_n": 1,
          "PS_R2_mean": -5.573561925485009,
          "PS_R2_std": 0.0,
          "PS_R2_n": 1,
          "N_solvents_mean": 26.0,
          "N_solvents_std": 0.0,
          "N_solvents_n": 1,
          "Z_RMSE_mean": 46.26027861940729,
          "Z_RMSE_std": 0.0,
          "Z_RMSE_n": 1,
          "f_aleatoric_mean": 0.04610031893302406,
          "f_aleatoric_std": 0.0,
          "f_aleatoric_n": 1,
          "N_with_uncertainty_mean": 3449.0,
          "N_with_uncertainty_std": 0.0,
          "N_with_uncertainty_n": 1
        }
      },
      "n_train_mean": 3070.0
    },
    "0.100": {
      "aggregated": {
        "eval": {
          "RMSE_mean": 0.5879990046410509,
          "RMSE_std": 0.0,
          "RMSE_n": 1,
          "MAE_mean": 0.40008816336286473,
          "MAE_std": 0.0,
          "MAE_n": 1,
          "R2_mean": 0.7381570499973253,
          "R2_std": 0.0,
          "R2_n": 1,
          "N_mean": 6969.0,
          "N_std": 0.0,
          "N_n": 1,
          "PS_RMSE_mean": 0.5816726249057474,
          "PS_RMSE_std": 0.0,
          "PS_RMSE_n": 1,
          "PS_R2_mean": 0.666997596226117,
          "PS_R2_std": 0.0,
          "PS_R2_n": 1,
          "N_solvents_mean": 25.0,
          "N_solvents_std": 0.0,
          "N_solvents_n": 1
        },
        "ood": {
          "RMSE_mean": 0.7408726607744428,
          "RMSE_std": 0.0,
          "RMSE_n": 1,
          "MAE_mean": 0.537324280001778,
          "MAE_std": 0.0,
          "MAE_n": 1,
          "R2_mean": 0.5127268288881324,
          "R2_std": 0.0,
          "R2_n": 1,
          "N_mean": 11940.0,
          "N_std": 0.0,
          "N_n": 1,
          "PS_RMSE_mean": 0.6932572670119823,
          "PS_RMSE_std": 0.0,
          "PS_RMSE_n": 1,
          "PS_R2_mean": -37.805040427054095,
          "PS_R2_std": 0.0,
          "PS_R2_n": 1,
          "N_solvents_mean": 146.0,
          "N_solvents_std": 0.0,
          "N_solvents_n": 1
        },
        "sc3_gold": {
          "RMSE_mean": 0.7716228200861196,
          "RMSE_std": 0.0,
          "RMSE_n": 1,
          "MAE_mean": 0.6109052544376834,
          "MAE_std": 0.0,
          "MAE_n": 1,
          "R2_mean": 0.5671254817694162,
          "R2_std": 0.0,
          "R2_n": 1,
          "N_mean": 4507.0,
          "N_std": 0.0,
          "N_n": 1,
          "PS_RMSE_mean": 0.7794443657641918,
          "PS_RMSE_std": 0.0,
          "PS_RMSE_n": 1,
          "PS_R2_mean": -10.054854010207855,
          "PS_R2_std": 0.0,
          "PS_R2_n": 1,
          "N_solvents_mean": 26.0,
          "N_solvents_std": 0.0,
          "N_solvents_n": 1,
          "Z_RMSE_mean": 45.56021938981125,
          "Z_RMSE_std": 0.0,
          "Z_RMSE_n": 1,
          "f_aleatoric_mean": 0.053348796752681935,
          "f_aleatoric_std": 0.0,
          "f_aleatoric_n": 1,
          "N_with_uncertainty_mean": 3449.0,
          "N_with_uncertainty_std": 0.0,
          "N_with_uncertainty_n": 1
        }
      },
      "n_train_mean": 6140.0
    },
    "0.200": {
      "aggregated": {
        "eval": {
          "RMSE_mean": 0.5014227062746378,
          "RMSE_std": 0.0,
          "RMSE_n": 1,
          "MAE_mean": 0.3252716476626056,
          "MAE_std": 0.0,
          "MAE_n": 1,
          "R2_mean": 0.8095873941733929,
          "R2_std": 0.0,
          "R2_n": 1,
          "N_mean": 6969.0,
          "N_std": 0.0,
          "N_n": 1,
          "PS_RMSE_mean": 0.4937256135397066,
          "PS_RMSE_std": 0.0,
          "PS_RMSE_n": 1,
          "PS_R2_mean": 0.7771159530374478,
          "PS_R2_std": 0.0,
          "PS_R2_n": 1,
          "N_solvents_mean": 25.0,
          "N_solvents_std": 0.0,
          "N_solvents_n": 1
        },
        "ood": {
          "RMSE_mean": 0.6953419321598785,
          "RMSE_std": 0.0,
          "RMSE_n": 1,
          "MAE_mean": 0.5018222764671497,
          "MAE_std": 0.0,
          "MAE_n": 1,
          "R2_mean": 0.5707777743642286,
          "R2_std": 0.0,
          "R2_n": 1,
          "N_mean": 11940.0,
          "N_std": 0.0,
          "N_n": 1,
          "PS_RMSE_mean": 0.6063832898739435,
          "PS_RMSE_std": 0.0,
          "PS_RMSE_n": 1,
          "PS_R2_mean": -13.236294241311663,
          "PS_R2_std": 0.0,
          "PS_R2_n": 1,
          "N_solvents_mean": 146.0,
          "N_solvents_std": 0.0,
          "N_solvents_n": 1
        },
        "sc3_gold": {
          "RMSE_mean": 0.802775916473312,
          "RMSE_std": 0.0,
          "RMSE_n": 1,
          "MAE_mean": 0.6179046086307319,
          "MAE_std": 0.0,
          "MAE_n": 1,
          "R2_mean": 0.5314665896127354,
          "R2_std": 0.0,
          "R2_n": 1,
          "N_mean": 4507.0,
          "N_std": 0.0,
          "N_n": 1,
          "PS_RMSE_mean": 0.7793169503682777,
          "PS_RMSE_std": 0.0,
          "PS_RMSE_n": 1,
          "PS_R2_mean": -11.437250686613375,
          "PS_R2_std": 0.0,
          "PS_R2_n": 1,
          "N_solvents_mean": 26.0,
          "N_solvents_std": 0.0,
          "N_solvents_n": 1,
          "Z_RMSE_mean": 46.84991064075519,
          "Z_RMSE_std": 0.0,
          "Z_RMSE_n": 1,
          "f_aleatoric_mean": 0.040881414902870394,
          "f_aleatoric_std": 0.0,
          "f_aleatoric_n": 1,
          "N_with_uncertainty_mean": 3449.0,
          "N_with_uncertainty_std": 0.0,
          "N_with_uncertainty_n": 1
        }
      },
      "n_train_mean": 12281.0
    },
    "0.400": {
      "aggregated": {
        "eval": {
          "RMSE_mean": 0.4769320317720096,
          "RMSE_std": 0.0,
          "RMSE_n": 1,
          "MAE_mean": 0.30360741570615524,
          "MAE_std": 0.0,
          "MAE_n": 1,
          "R2_mean": 0.8277335569482503,
          "R2_std": 0.0,
          "R2_n": 1,
          "N_mean": 6969.0,
          "N_std": 0.0,
          "N_n": 1,
          "PS_RMSE_mean": 0.46578675009309867,
          "PS_RMSE_std": 0.0,
          "PS_RMSE_n": 1,
          "PS_R2_mean": 0.7976250519619371,
          "PS_R2_std": 0.0,