{
  "method": "fastprop_big",
  "fraction": 0.2,
  "seed": 42,
  "params": {
    "lr": 0.0005,
    "batch_size": 256,
    "hidden_dims": [
      1024,
      768,
      512,
      256,
      128
    ],
    "dropout": 0.15,
    "epochs": 150,
    "patience": 25
  },
  "wall_time_s": 19.724384546279907,
  "metrics": {
    "eval": {
      "RMSE": 0.5052402707447634,
      "MAE": 0.3290027092068992,
      "R2": 0.8066769573273247,
      "N": 6969,
      "PS_RMSE": 0.493344437803767,
      "PS_R2": 0.7720406400824406,
      "N_solvents": 25
    },
    "ood": {
      "RMSE": 0.7368138132367403,
      "MAE": 0.535298407526172,
      "R2": 0.5180512254995178,
      "N": 11940,
      "PS_RMSE": 0.6455673910595834,
      "PS_R2": -17.287196958555995,
      "N_solvents": 146
    },
    "sc3_gold": {
      "RMSE": 0.8128325602253131,
      "MAE": 0.6079038866408768,
      "R2": 0.5196541096689182,
      "N": 4507,
      "PS_RMSE": 0.8101518523493444,
      "PS_R2": -12.537772117189045,
      "N_solvents": 26,
      "Z_RMSE": 47.32481538414468,
      "f_aleatoric": 0.06581617860249347,
      "N_with_uncertainty": 3449
    },
    "_n_train": 12281,
    "_best_epoch": 87
  }
}