{
  "eval": {
    "RMSE": 0.7459411351806863,
    "MAE": 0.5172846627873061,
    "R2": 0.6105745841634505,
    "N": 848,
    "PS_RMSE": 0.7756433906367707,
    "PS_R2": 0.44431110248403827,
    "N_solvents": 25
  },
  "ood": {
    "RMSE": 0.8310010964221493,
    "MAE": 0.6231982445396328,
    "R2": 0.4028684172808288,
    "N": 1500,
    "PS_RMSE": 0.6944664178738055,
    "PS_R2": -80.98926261216519,
    "N_solvents": 95
  },
  "sc3_gold": {
    "RMSE": 0.7536290916183784,
    "MAE": 0.6149050893195646,
    "R2": 0.5702504035822058,
    "N": 477,
    "PS_RMSE": 0.815879860073839,
    "PS_R2": -1.7416304138954266,
    "N_solvents": 17,
    "Z_RMSE": 45.18038295071217,
    "f_aleatoric": 0.04856512141280353,
    "N_with_uncertainty": 453
  },
  "_n_train": 1877,
  "_n_trainable": 330497,
  "_best_epoch": 87,
  "_val_RMSE": 0.7459411351806863,
  "_elapsed_s": 2.726496696472168,
  "_protocol": "scratch",
  "_variant": "full",
  "_fraction": 0.25,
  "_seed": 123,
  "_approach": "filter"
}