{
  "eval": {
    "RMSE": 0.7442002543902906,
    "MAE": 0.5100950396302341,
    "R2": 0.6123901486907416,
    "N": 848,
    "PS_RMSE": 0.7656523799988681,
    "PS_R2": 0.4204903223568946,
    "N_solvents": 25
  },
  "ood": {
    "RMSE": 0.8283768279792026,
    "MAE": 0.6222895892438634,
    "R2": 0.40663389788171,
    "N": 1500,
    "PS_RMSE": 0.7203981432403309,
    "PS_R2": -33.231948441571014,
    "N_solvents": 95
  },
  "sc3_gold": {
    "RMSE": 1.0653965350217536,
    "MAE": 0.6926935528770121,
    "R2": 0.14113930520873197,
    "N": 477,
    "PS_RMSE": 1.045717156854768,
    "PS_R2": -3.748735096843487,
    "N_solvents": 17,
    "Z_RMSE": 59.37952989674274,
    "f_aleatoric": 0.0772626931567329,
    "N_with_uncertainty": 453
  },
  "_n_train": 1877,
  "_n_trainable": 330497,
  "_best_epoch": 54,
  "_val_RMSE": 0.7442002543902906,
  "_elapsed_s": 2.0694124698638916,
  "_protocol": "scratch",
  "_variant": "full",
  "_fraction": 0.25,
  "_seed": 789,
  "_approach": "filter"
}