{
  "eval": {
    "RMSE": 0.7551607783313748,
    "MAE": 0.5317838985405924,
    "R2": 0.6008886955925299,
    "N": 848,
    "PS_RMSE": 0.7664372926664939,
    "PS_R2": 0.44638976020795973,
    "N_solvents": 25
  },
  "ood": {
    "RMSE": 0.8242280953435648,
    "MAE": 0.6243480003987594,
    "R2": 0.412562486805393,
    "N": 1500,
    "PS_RMSE": 0.7416717497924759,
    "PS_R2": -83.68246804092071,
    "N_solvents": 95
  },
  "sc3_gold": {
    "RMSE": 0.8695719939804295,
    "MAE": 0.628900523256487,
    "R2": 0.4278482162575239,
    "N": 477,
    "PS_RMSE": 0.9045186471795152,
    "PS_R2": -2.012628694152975,
    "N_solvents": 17,
    "Z_RMSE": 48.67260306436995,
    "f_aleatoric": 0.059602649006622516,
    "N_with_uncertainty": 453
  },
  "_n_train": 1877,
  "_n_trainable": 330497,
  "_best_epoch": 70,
  "_val_RMSE": 0.7551607783313748,
  "_elapsed_s": 2.3955957889556885,
  "_protocol": "scratch",
  "_variant": "full",
  "_fraction": 0.25,
  "_seed": 456,
  "_approach": "filter"
}