{
  "eval": {
    "RMSE": 0.7148771964863537,
    "MAE": 0.4935639124129732,
    "R2": 0.64233366382677,
    "N": 848,
    "PS_RMSE": 0.7293469828078785,
    "PS_R2": 0.48971465639255657,
    "N_solvents": 25
  },
  "ood": {
    "RMSE": 0.8479984822421961,
    "MAE": 0.6452403683540566,
    "R2": 0.37819100777493375,
    "N": 1500,
    "PS_RMSE": 0.7121769776288306,
    "PS_R2": -106.690887064551,
    "N_solvents": 95
  },
  "sc3_gold": {
    "RMSE": 0.8022021561598709,
    "MAE": 0.6434746038586495,
    "R2": 0.5130685588017743,
    "N": 477,
    "PS_RMSE": 0.848332735527781,
    "PS_R2": -0.6388232213125891,
    "N_solvents": 17,
    "Z_RMSE": 45.03775458523096,
    "f_aleatoric": 0.0640176600441501,
    "N_with_uncertainty": 453
  },
  "_n_train": 1877,
  "_n_trainable": 330497,
  "_best_epoch": 58,
  "_val_RMSE": 0.7148771964863537,
  "_elapsed_s": 1.961937427520752,
  "_protocol": "scratch",
  "_variant": "full",
  "_fraction": 0.25,
  "_seed": 42,
  "_approach": "filter"
}