{
  "eval": {
    "RMSE": 0.7441639053255212,
    "MAE": 0.5173390892324398,
    "R2": 0.6124280119175429,
    "N": 848,
    "PS_RMSE": 0.7825938795399017,
    "PS_R2": 0.3984709149897403,
    "N_solvents": 25
  },
  "ood": {
    "RMSE": 0.8352196502172331,
    "MAE": 0.6332388849831962,
    "R2": 0.39679038534496136,
    "N": 1500,
    "PS_RMSE": 0.7162829439787641,
    "PS_R2": -46.61662861129031,
    "N_solvents": 95
  },
  "sc3_gold": {
    "RMSE": 0.9372854944904278,
    "MAE": 0.6737523208835028,
    "R2": 0.33527201980069266,
    "N": 477,
    "PS_RMSE": 1.0221283844651181,
    "PS_R2": -3.2219378219584165,
    "N_solvents": 17,
    "Z_RMSE": 51.70645437199977,
    "f_aleatoric": 0.07947019867549669,
    "N_with_uncertainty": 453
  },
  "_n_train": 1877,
  "_n_trainable": 330497,
  "_best_epoch": 121,
  "_val_RMSE": 0.7441639053255212,
  "_elapsed_s": 3.41851544380188,
  "_protocol": "scratch",
  "_variant": "full",
  "_fraction": 0.25,
  "_seed": 101,
  "_approach": "filter"
}