{
  "train_time_s": 1985.107791185379,
  "best_epoch": 85,
  "best_val_loss": 0.280833899974823,
  "eval": {
    "RMSE": 0.5299376291666152,
    "MAE": 0.3486668199820603,
    "R2": 0.7873148238496392,
    "N": 6969,
    "PS_RMSE": 0.5169305908225502,
    "PS_R2": 0.7537852678947323,
    "N_solvents": 25
  },
  "test_hard": {
    "RMSE": 1.1564905581725973,
    "MAE": 0.8349480941066831,
    "R2": 0.027619867721304425,
    "N": 4507,
    "PS_RMSE": 1.2101408992535334,
    "PS_R2": -35.70103953011946,
    "N_solvents": 26,
    "Z_RMSE": 64.76494397923923,
    "f_aleatoric": 0.05566830965497246,
    "N_with_uncertainty": 3449
  },
  "test_medium": {
    "RMSE": 1.1197033629902864,
    "MAE": 0.8246519568190032,
    "R2": 0.02594708703968618,
    "N": 5475,
    "PS_RMSE": 1.1487240310831006,
    "PS_R2": -31.237873319885434,
    "N_solvents": 27,
    "Z_RMSE": 59.061753099640754,
    "f_aleatoric": 0.07336182336182336,
    "N_with_uncertainty": 4212
  },
  "test_easy": {
    "RMSE": 1.0977670023166473,
    "MAE": 0.8090798244364074,
    "R2": 0.027888905702342037,
    "N": 6331,
    "PS_RMSE": 1.0563671925301894,
    "PS_R2": -7.994721154541758,
    "N_solvents": 30,
    "Z_RMSE": 54.997733974588215,
    "f_aleatoric": 0.1206719934439664,
    "N_with_uncertainty": 4881
  },
  "artifacts": {
    "seed_dir": "/DATATWO/users/solubility/Dhairya/sc3-benchmark-gnn-runner/results/hpo_gat_trial_003/seed_42",
    "checkpoints_dir": "/DATATWO/users/solubility/Dhairya/sc3-benchmark-gnn-runner/results/hpo_gat_trial_003/seed_42/checkpoints",
    "predictions_dir": "/DATATWO/users/solubility/Dhairya/sc3-benchmark-gnn-runner/results/hpo_gat_trial_003/seed_42/predictions",
    "epoch_history_json": "/DATATWO/users/solubility/Dhairya/sc3-benchmark-gnn-runner/results/hpo_gat_trial_003/seed_42/epoch_history.json",
    "best_model_pkl": "/DATATWO/users/solubility/Dhairya/sc3-benchmark-gnn-runner/results/hpo_gat_trial_003/seed_42/best_model.pkl",
    "run_config_json": "/DATATWO/users/solubility/Dhairya/sc3-benchmark-gnn-runner/results/hpo_gat_trial_003/seed_42/run_config.json"
  }
}