{
  "eval": {
    "RMSE": 0.5572191581987798,
    "MAE": 0.3605854660035729,
    "R2": 0.764852815540239,
    "N": 6969,
    "PS_RMSE": 0.5258134643072472,
    "PS_R2": 0.7450759468147661,
    "N_solvents": 25,
    "train_time_s": 810.0295407772064
  },
  "ood": {
    "RMSE": 0.8159015941127405,
    "MAE": 0.5763136114456892,
    "R2": 0.40903613631952673,
    "N": 11940,
    "PS_RMSE": 0.6777433392697481,
    "PS_R2": -18.7565420572296,
    "N_solvents": 146,
    "train_time_s": 810.0295407772064
  },
  "sc3_gold": {
    "RMSE": 1.184162778225248,
    "MAE": 0.9185755574020258,
    "R2": -0.01947060184784677,
    "N": 4507,
    "PS_RMSE": 1.0637309177694336,
    "PS_R2": -25.617575973984458,
    "N_solvents": 26,
    "Z_RMSE": 69.42258396185221,
    "f_aleatoric": 0.030443606842563063,
    "N_with_uncertainty": 3449,
    "train_time_s": 810.0295407772064
  },
  "sc3_silver": {
    "RMSE": 1.1479805586405696,
    "MAE": 0.888855318050488,
    "R2": -0.023871964152301306,
    "N": 5475,
    "PS_RMSE": 1.0272127489039242,
    "PS_R2": -13.915787733568486,
    "N_solvents": 27,
    "Z_RMSE": 63.30600421407323,
    "f_aleatoric": 0.05864197530864197,
    "N_with_uncertainty": 4212,
    "train_time_s": 810.0295407772064
  },
  "sc3_bronze": {
    "RMSE": 1.121643306014471,
    "MAE": 0.8679233346895383,
    "R2": -0.014857564585813332,
    "N": 6331,
    "PS_RMSE": 0.9763654671110823,
    "PS_R2": -3.9565182129511753,
    "N_solvents": 30,
    "Z_RMSE": 58.91673674414275,
    "f_aleatoric": 0.10592091784470395,
    "N_with_uncertainty": 4881,
    "train_time_s": 810.0295407772064
  }
}