{
  "eval": {
    "RMSE": 0.5328065300549153,
    "MAE": 0.34902455742475774,
    "R2": 0.7850057815442766,
    "N": 6969,
    "PS_RMSE": 0.5197746463841234,
    "PS_R2": 0.7481216668558978,
    "N_solvents": 25,
    "train_time_s": 896.3957974910736
  },
  "ood": {
    "RMSE": 0.7577325524475503,
    "MAE": 0.542118138467887,
    "R2": 0.4902969266316003,
    "N": 11940,
    "PS_RMSE": 0.6268875328277101,
    "PS_R2": -12.60471624436958,
    "N_solvents": 146,
    "train_time_s": 896.3957974910736
  },
  "sc3_gold": {
    "RMSE": 1.1705266178779963,
    "MAE": 0.9227133293865084,
    "R2": 0.0038735243636489614,
    "N": 4507,
    "PS_RMSE": 1.0160810970182745,
    "PS_R2": -13.563663249319669,
    "N_solvents": 26,
    "Z_RMSE": 69.8616964831543,
    "f_aleatoric": 0.031893302406494635,
    "N_with_uncertainty": 3449,
    "train_time_s": 896.3957974910736
  },
  "sc3_silver": {
    "RMSE": 1.117968988388478,
    "MAE": 0.8762308807313347,
    "R2": 0.028962284955650452,
    "N": 5475,
    "PS_RMSE": 0.9701828345267117,
    "PS_R2": -7.207498950620239,
    "N_solvents": 27,
    "Z_RMSE": 63.61358944735063,
    "f_aleatoric": 0.0584045584045584,
    "N_with_uncertainty": 4212,
    "train_time_s": 896.3957974910736
  },
  "sc3_bronze": {
    "RMSE": 1.1292741448529688,
    "MAE": 0.8790934693103488,
    "R2": -0.028713230566400405,
    "N": 6331,
    "PS_RMSE": 0.9546376523398126,
    "PS_R2": -6.5202870133720605,
    "N_solvents": 30,
    "Z_RMSE": 59.50196429208766,
    "f_aleatoric": 0.10141364474492932,
    "N_with_uncertainty": 4881,
    "train_time_s": 896.3957974910736
  }
}