{
  "eval": {
    "RMSE": 0.5633511147257345,
    "MAE": 0.3497000342685998,
    "R2": 0.7596489523823158,
    "N": 6969,
    "PS_RMSE": 0.5384214807609716,
    "PS_R2": 0.7309507312234811,
    "N_solvents": 25,
    "train_time_s": 837.8016855716705
  },
  "ood": {
    "RMSE": 0.8200341782964323,
    "MAE": 0.578270737198466,
    "R2": 0.40303444962308066,
    "N": 11940,
    "PS_RMSE": 0.7169872907299408,
    "PS_R2": -22.177807010165974,
    "N_solvents": 146,
    "train_time_s": 837.8016855716705
  },
  "sc3_gold": {
    "RMSE": 1.0076651767382432,
    "MAE": 0.7807801411926257,
    "R2": 0.26178239890345434,
    "N": 4507,
    "PS_RMSE": 1.0014620109660328,
    "PS_R2": -19.005135295262715,
    "N_solvents": 26,
    "Z_RMSE": 58.67062794041047,
    "f_aleatoric": 0.0565381269933314,
    "N_with_uncertainty": 3449,
    "train_time_s": 837.8016855716705
  },
  "sc3_silver": {
    "RMSE": 0.9792064992409746,
    "MAE": 0.7561791669893212,
    "R2": 0.25505337066871214,
    "N": 5475,
    "PS_RMSE": 0.958743465139293,
    "PS_R2": -13.843691651383415,
    "N_solvents": 27,
    "Z_RMSE": 53.61163065096806,
    "f_aleatoric": 0.09472934472934473,
    "N_with_uncertainty": 4212,
    "train_time_s": 837.8016855716705
  },
  "sc3_bronze": {
    "RMSE": 0.980683295313713,
    "MAE": 0.761683287017244,
    "R2": 0.22419404114484198,
    "N": 6331,
    "PS_RMSE": 0.9130643204538603,
    "PS_R2": -3.3281207865904556,
    "N_solvents": 30,
    "Z_RMSE": 50.09989704144159,
    "f_aleatoric": 0.1341938127432903,
    "N_with_uncertainty": 4881,
    "train_time_s": 837.8016855716705
  }
}