{
  "eval": {
    "RMSE": 0.5509214205683495,
    "MAE": 0.35060108785341615,
    "R2": 0.7701380848973667,
    "N": 6969,
    "PS_RMSE": 0.5412251633711509,
    "PS_R2": 0.6956250148322561,
    "N_solvents": 25,
    "train_time_s": 761.6176090240479
  },
  "ood": {
    "RMSE": 0.7597572716657387,
    "MAE": 0.5374272297320406,
    "R2": 0.4875693563199909,
    "N": 11940,
    "PS_RMSE": 0.714160805857648,
    "PS_R2": -29.353401941262657,
    "N_solvents": 146,
    "train_time_s": 761.6176090240479
  },
  "sc3_gold": {
    "RMSE": 1.1251720616415575,
    "MAE": 0.8771533096091252,
    "R2": 0.07957209891373573,
    "N": 4507,
    "PS_RMSE": 1.022640243905924,
    "PS_R2": -20.311776918541575,
    "N_solvents": 26,
    "Z_RMSE": 62.42428676866374,
    "f_aleatoric": 0.038851841113366196,
    "N_with_uncertainty": 3449,
    "train_time_s": 761.6176090240479
  },
  "sc3_silver": {
    "RMSE": 1.0855716387568115,
    "MAE": 0.831864223476761,
    "R2": 0.08442576677181635,
    "N": 5475,
    "PS_RMSE": 0.9282034047307494,
    "PS_R2": -3.773990527285565,
    "N_solvents": 27,
    "Z_RMSE": 56.998836127583324,
    "f_aleatoric": 0.07692307692307693,
    "N_with_uncertainty": 4212,
    "train_time_s": 761.6176090240479
  },
  "sc3_bronze": {
    "RMSE": 1.0890724631098319,
    "MAE": 0.8343791267255409,
    "R2": 0.04322656191124874,
    "N": 6331,
    "PS_RMSE": 0.8865274252459071,
    "PS_R2": -1.9770392995248818,
    "N_solvents": 30,
    "Z_RMSE": 53.52028981534728,
    "f_aleatoric": 0.10858430649457078,
    "N_with_uncertainty": 4881,
    "train_time_s": 761.6176090240479
  }
}