{
  "eval": {
    "RMSE": 0.5583153807162483,
    "MAE": 0.35848461149912253,
    "R2": 0.7639266908907701,
    "N": 6969,
    "PS_RMSE": 0.5319573833789927,
    "PS_R2": 0.7331381325528157,
    "N_solvents": 25,
    "train_time_s": 821.857339143753
  },
  "ood": {
    "RMSE": 0.7647373682521353,
    "MAE": 0.542777787392124,
    "R2": 0.4808295249666138,
    "N": 11940,
    "PS_RMSE": 0.6741078697078895,
    "PS_R2": -15.225276585850786,
    "N_solvents": 146,
    "train_time_s": 821.857339143753
  },
  "sc3_gold": {
    "RMSE": 1.148817812111416,
    "MAE": 0.9002768772157758,
    "R2": 0.04047959181093708,
    "N": 4507,
    "PS_RMSE": 0.9967277355506989,
    "PS_R2": -13.035833844905126,
    "N_solvents": 26,
    "Z_RMSE": 63.809043277558644,
    "f_aleatoric": 0.02551464192519571,
    "N_with_uncertainty": 3449,
    "train_time_s": 821.857339143753
  },
  "sc3_silver": {
    "RMSE": 1.0978810795273581,
    "MAE": 0.8534050971057442,
    "R2": 0.06354441067330763,
    "N": 5475,
    "PS_RMSE": 0.9455720677323837,
    "PS_R2": -4.029097604100451,
    "N_solvents": 27,
    "Z_RMSE": 58.091086455244245,
    "f_aleatoric": 0.057692307692307696,
    "N_with_uncertainty": 4212,
    "train_time_s": 821.857339143753
  },
  "sc3_bronze": {
    "RMSE": 1.0934474077862224,
    "MAE": 0.844557282114823,
    "R2": 0.03552415731832648,
    "N": 6331,
    "PS_RMSE": 0.9467723618352212,
    "PS_R2": -4.300506033296074,
    "N_solvents": 30,
    "Z_RMSE": 54.33339932714249,
    "f_aleatoric": 0.11042819094447859,
    "N_with_uncertainty": 4881,
    "train_time_s": 821.857339143753
  }
}