{
  "method": "gin",
  "display": "GIN",
  "family": "GNN",
  "seeds": [
    42,
    101,
    123,
    456,
    789
  ],
  "params": {
    "lr": 0.001,
    "batch_size": 128,
    "hidden_dim": 64,
    "num_layers": 4,
    "epochs": 100,
    "patience": 20
  },
  "aggregated": {
    "eval": {
      "RMSE_mean": 0.5525227208528054,
      "RMSE_std": 0.01062222093618184,
      "MAE_mean": 0.3536791514098938,
      "MAE_std": 0.004853096363855868,
      "R2_mean": 0.7687144650509936,
      "R2_std": 0.008802866860863843,
      "N_mean": 6969.0,
      "N_std": 0.0,
      "PS_RMSE_mean": 0.5314384276404972,
      "PS_RMSE_std": 0.007905650484311617,
      "PS_R2_mean": 0.7305822984558433,
      "PS_R2_std": 0.018688900425655675,
      "N_solvents_mean": 25.0,
      "N_solvents_std": 0.0,
      "train_time_s_mean": 825.5403944015503,
      "train_time_s_std": 43.61445029974205
    },
    "ood": {
      "RMSE_mean": 0.7836325929549195,
      "RMSE_std": 0.028157544042805214,
      "MAE_mean": 0.5553815008472414,
      "MAE_std": 0.01799553622758035,
      "R2_mean": 0.4541532787721625,
      "R2_std": 0.039454558334775326,
      "N_mean": 11940.0,
      "N_std": 0.0,
      "PS_RMSE_mean": 0.6819773676785872,
      "PS_RMSE_std": 0.032790896004414725,
      "PS_R2_mean": -19.62354876777572,
      "PS_R2_std": 5.840458659394533,
      "N_solvents_mean": 146.0,
      "N_solvents_std": 0.0,
      "train_time_s_mean": 825.5403944015503,
      "train_time_s_std": 43.61445029974205
    },
    "sc3_gold": {
      "RMSE_mean": 1.1272688893188925,
      "RMSE_std": 0.0630586179643718,
      "MAE_mean": 0.8798998429612123,
      "MAE_std": 0.05210813325490693,
      "R2_mean": 0.07324740242878587,
      "R2_std": 0.10006851589671484,
      "N_mean": 4507.0,
      "N_std": 0.0,
      "PS_RMSE_mean": 1.0201284010420728,
      "PS_RMSE_std": 0.02374824100140292,
      "PS_R2_mean": -18.306797056402708,
      "PS_R2_std": 4.652643988401632,
      "N_solvents_mean": 26.0,
      "N_solvents_std": 0.0,
      "Z_RMSE_mean": 64.83764768632787,
      "Z_RMSE_std": 4.270296885667212,
      "f_aleatoric_mean": 0.0366483038561902,
      "f_aleatoric_std": 0.010821528290234392,
      "N_with_uncertainty_mean": 3449.0,
      "N_with_uncertainty_std": 0.0,
      "train_time_s_mean": 825.5403944015503,
      "train_time_s_std": 43.61445029974205
    },
    "sc3_silver": {
      "RMSE_mean": 1.0857217529108385,
      "RMSE_std": 0.057287719642563247,
      "MAE_mean": 0.8413069372707298,
      "MAE_std": 0.04682477534359144,
      "R2_mean": 0.08162277378343705,
      "R2_std": 0.09414363784571843,
      "N_mean": 5475.0,
      "N_std": 0.0,
      "PS_RMSE_mean": 0.9659829042066124,
      "PS_RMSE_std": 0.03365422885934095,
      "PS_R2_mean": -8.55401329339163,
      "PS_R2_std": 4.513665977746145,
      "N_solvents_mean": 27.0,
      "N_solvents_std": 0.0,
      "Z_RMSE_mean": 59.1242293790439,
      "Z_RMSE_std": 3.8370566872259375,
      "f_aleatoric_mean": 0.06927825261158596,
      "f_aleatoric_std": 0.014641059859080024,
      "N_with_uncertainty_mean": 4212.0,
      "N_with_uncertainty_std": 0.0,
      "train_time_s_mean": 825.5403944015503,
      "train_time_s_std": 43.61445029974205
    },
    "sc3_bronze": {
      "RMSE_mean": 1.0828241234154414,
      "RMSE_std": 0.05338385170492921,
      "MAE_mean": 0.8375272999714991,
      "MAE_std": 0.04114197687232205,
      "R2_mean": 0.05187479304444069,
      "R2_std": 0.09053584434980705,
      "N_mean": 6331.0,
      "N_std": 0.0,
      "PS_RMSE_mean": 0.9354734453971767,
      "PS_RMSE_std": 0.03182757153676122,
      "PS_R2_mean": -4.016494269146929,
      "PS_R2_std": 1.4823273956943057,
      "N_solvents_mean": 30.0,
      "N_solvents_std": 0.0,
      "Z_RMSE_mean": 55.27445744403235,
      "Z_RMSE_std": 3.5178624890498056,
      "f_aleatoric_mean": 0.11210817455439459,
      "f_aleatoric_std": 0.011451379992652371,
      "N_with_uncertainty_mean": 4881.0,
      "N_with_uncertainty_std": 0.0,
      "train_time_s_mean": 825.5403944015503,
      "train_time_s_std": 43.61445029974205
    }
  },
  "per_seed": {
    "42": {
      "eval": {
        "RMSE": 0.5633511147257345,
        "MAE": 0.3497000342685998,
        "R2": 0.7596489523823158,
        "N": 6969,
        "PS_RMSE": 0.5384214807609716,
        "PS_R2": 0.7309507312234811,
        "N_solvents": 25,
        "train_time_s": 837.8016855716705
      },
      "ood": {
        "RMSE": 0.8200341782964323,
        "MAE": 0.578270737198466,
        "R2": 0.40303444962308066,
        "N": 11940,
        "PS_RMSE": 0.7169872907299408,
        "PS_R2": -22.177807010165974,
        "N_solvents": 146,
        "train_time_s": 837.8016855716705
      },
      "sc3_gold": {
        "RMSE": 1.0076651767382432,
        "MAE": 0.7807801411926257,
        "R2": 0.26178239890345434,
        "N": 4507,
        "PS_RMSE": 1.0014620109660328,
        "PS_R2": -19.005135295262715,
        "N_solvents": 26,
        "Z_RMSE": 58.67062794041047,
        "f_aleatoric": 0.0565381269933314,
        "N_with_uncertainty": 3449,
        "train_time_s": 837.8016855716705
      },
      "sc3_silver": {
        "RMSE": 0.9792064992409746,
        "MAE": 0.7561791669893212,
        "R2": 0.25505337066871214,
        "N": 5475,
        "PS_RMSE": 0.958743465139293,
        "PS_R2": -13.843691651383415,
        "N_solvents": 27,
        "Z_RMSE": 53.61163065096806,
        "f_aleatoric": 0.09472934472934473,
        "N_with_uncertainty": 4212,
        "train_time_s": 837.8016855716705
      },
      "sc3_bronze": {
        "RMSE": 0.980683295313713,
        "MAE": 0.761683287017244,
        "R2": 0.22419404114484198,
        "N": 6331,
        "PS_RMSE": 0.9130643204538603,
        "PS_R2": -3.3281207865904556,
        "N_solvents": 30,
        "Z_RMSE": 50.09989704144159,
        "f_aleatoric": 0.1341938127432903,
        "N_with_uncertainty": 4881,
        "train_time_s": 837.8016855716705
      }
    },
    "101": {
      "eval": {
        "RMSE": 0.5572191581987798,
        "MAE": 0.3605854660035729,
        "R2": 0.764852815540239,
        "N": 6969,
        "PS_RMSE": 0.5258134643072472,
        "PS_R2": 0.7450759468147661,
        "N_solvents": 25,
        "train_time_s": 810.0295407772064
      },
      "ood": {
        "RMSE": 0.8159015941127405,
        "MAE": 0.5763136114456892,
        "R2": 0.40903613631952673,
        "N": 11940,
        "PS_RMSE": 0.6777433392697481,
        "PS_R2": -18.7565420572296,
        "N_solvents": 146,
        "train_time_s": 810.0295407772064
      },
      "sc3_gold": {
        "RMSE": 1.184162778225248,
        "MAE": 0.9185755574020258,
        "R2": -0.01947060184784677,
        "N": 4507,
        "PS_RMSE": 1.0637309177694336,
        "PS_R2": -25.617575973984458,
        "N_solvents": 26,
        "Z_RMSE": 69.42258396185221,
        "f_aleatoric": 0.030443606842563063,
        "N_with_uncertainty": 3449,
        "train_time_s": 810.0295407772064
      },
      "sc3_silver": {
        "RMSE": 1.1479805586405696,
        "MAE": 0.888855318050488,
        "R2": -0.023871964152301306,
        "N": 5475,
        "PS_RMSE": 1.0272127489039242,
        "PS_R2": -13.915787733568486,
        "N_solvents": 27,
        "Z_RMSE": 63.30600421407323,
        "f_aleatoric": 0.05864197530864197,
        "N_with_uncertainty": 4212,
        "train_time_s": 810.0295407772064
      },
      "sc3_bronze": {
        "RMSE": 1.121643306014471,
        "MAE": 0.8679233346895383,
        "R2": -0.014857564585813332,
        "N": 6331,
        "PS_RMSE": 0.9763654671110823,
        "PS_R2": -3.9565182129511753,
        "N_solvents": 30,
        "Z_RMSE": 58.91673674414275,
        "f_aleatoric": 0.10592091784470395,
        "N_with_uncertainty": 4881,
        "train_time_s": 810.0295407772064
      }
    },
    "123": {
      "eval": {
        "RMSE": 0.5328065300549153,
        "MAE": 0.34902455742475774,
        "R2": 0.7850057815442766,
        "N": 6969,