{
  "eval": {
    "RMSE": 0.4989694004724656,
    "MAE": 0.30240350370328295,
    "R2": 0.8257539249218621,
    "N": 848,
    "PS_RMSE": 0.47811106711006796,
    "PS_R2": 0.7872333681997058,
    "N_solvents": 25
  },
  "ood": {
    "RMSE": 0.6483533227322571,
    "MAE": 0.446031014866118,
    "R2": 0.6365117888551097,
    "N": 1500,
    "PS_RMSE": 0.5101097855853555,
    "PS_R2": -19.43768153406582,
    "N_solvents": 95
  },
  "sc3_gold": {
    "RMSE": 0.785857094339573,
    "MAE": 0.6078453421264699,
    "R2": 0.5327090994008032,
    "N": 477,
    "PS_RMSE": 0.7812126446761957,
    "PS_R2": -0.4360867519897586,
    "N_solvents": 17,
    "Z_RMSE": 42.25842999769547,
    "f_aleatoric": 0.0728476821192053,
    "N_with_uncertainty": 453
  },
  "_n_train": 7506,
  "_n_trainable": 330497,
  "_best_epoch": 61,
  "_val_RMSE": 0.4989694004724656,
  "_elapsed_s": 9.251752853393555,
  "_protocol": "qm",
  "_variant": "full",
  "_fraction": 1.0,
  "_seed": 123,
  "_approach": "filter"
}