{
  "eval": {
    "RMSE": 0.4779364845565348,
    "MAE": 0.29381228354924255,
    "R2": 0.8401342064861912,
    "N": 848,
    "PS_RMSE": 0.4700071182905091,
    "PS_R2": 0.7955752394384965,
    "N_solvents": 25
  },
  "ood": {
    "RMSE": 0.6602995617721361,
    "MAE": 0.45245080718545555,
    "R2": 0.6229934752975897,
    "N": 1500,
    "PS_RMSE": 0.4986851750811302,
    "PS_R2": -24.370472719040123,
    "N_solvents": 95
  },
  "sc3_gold": {
    "RMSE": 0.7783957593536852,
    "MAE": 0.5944523530615888,
    "R2": 0.5415403795644129,
    "N": 477,
    "PS_RMSE": 0.7825250677513027,
    "PS_R2": -0.27423766948029143,
    "N_solvents": 17,
    "Z_RMSE": 44.35422888088275,
    "f_aleatoric": 0.059602649006622516,
    "N_with_uncertainty": 453
  },
  "_n_train": 7506,
  "_n_trainable": 330497,
  "_best_epoch": 65,
  "_val_RMSE": 0.4779364845565348,
  "_elapsed_s": 8.408542156219482,
  "_protocol": "qm",
  "_variant": "full",
  "_fraction": 1.0,
  "_seed": 789,
  "_approach": "filter"
}