{
  "eval": {
    "RMSE": 0.4909608740370258,
    "MAE": 0.297510259716117,
    "R2": 0.8313023841340293,
    "N": 848,
    "PS_RMSE": 0.4713030741924771,
    "PS_R2": 0.7922767570239684,
    "N_solvents": 25
  },
  "ood": {
    "RMSE": 0.6424380051702475,
    "MAE": 0.44017906990794775,
    "R2": 0.643114175473342,
    "N": 1500,
    "PS_RMSE": 0.5060497978901625,
    "PS_R2": -16.212584768154088,
    "N_solvents": 95
  },
  "sc3_gold": {
    "RMSE": 0.7999988555491796,
    "MAE": 0.6135288129211159,
    "R2": 0.5157396635813529,
    "N": 477,
    "PS_RMSE": 0.8089616626315342,
    "PS_R2": -1.5158902172082682,
    "N_solvents": 17,
    "Z_RMSE": 44.643809619517306,
    "f_aleatoric": 0.059602649006622516,
    "N_with_uncertainty": 453
  },
  "_n_train": 7506,
  "_n_trainable": 330497,
  "_best_epoch": 91,
  "_val_RMSE": 0.4909608740370258,
  "_elapsed_s": 12.030509233474731,
  "_protocol": "qm",
  "_variant": "full",
  "_fraction": 1.0,
  "_seed": 101,
  "_approach": "filter"
}