{
  "eval": {
    "RMSE": 0.48158869995683773,
    "MAE": 0.29685882395210256,
    "R2": 0.8376815996210236,
    "N": 848,
    "PS_RMSE": 0.470069284637785,
    "PS_R2": 0.7941347399610644,
    "N_solvents": 25
  },
  "ood": {
    "RMSE": 0.6642489624794117,
    "MAE": 0.4590320063496474,
    "R2": 0.6184700656384703,
    "N": 1500,
    "PS_RMSE": 0.5125992069341998,
    "PS_R2": -12.975604393032647,
    "N_solvents": 95
  },
  "sc3_gold": {
    "RMSE": 0.7827135340742054,
    "MAE": 0.5906047830065279,
    "R2": 0.5364401061718069,
    "N": 477,
    "PS_RMSE": 0.798233081730003,
    "PS_R2": -0.7854438691750089,
    "N_solvents": 17,
    "Z_RMSE": 43.276773780293574,
    "f_aleatoric": 0.04856512141280353,
    "N_with_uncertainty": 453
  },
  "_n_train": 7506,
  "_n_trainable": 330497,
  "_best_epoch": 72,
  "_val_RMSE": 0.48158869995683773,
  "_elapsed_s": 9.47729229927063,
  "_protocol": "qm",
  "_variant": "full",
  "_fraction": 1.0,
  "_seed": 456,
  "_approach": "filter"
}