{
  "eval": {
    "RMSE": 0.4817378545961126,
    "MAE": 0.2952877347778204,
    "R2": 0.8375810395720555,
    "N": 848,
    "PS_RMSE": 0.4599003698099011,
    "PS_R2": 0.8013657307698332,
    "N_solvents": 25
  },
  "ood": {
    "RMSE": 0.6791510393251764,
    "MAE": 0.46768187017389573,
    "R2": 0.6011591917901598,
    "N": 1500,
    "PS_RMSE": 0.5143696088312559,
    "PS_R2": -34.591723422507556,
    "N_solvents": 95
  },
  "sc3_gold": {
    "RMSE": 0.8102097712809031,
    "MAE": 0.6126552770496102,
    "R2": 0.5032989007985957,
    "N": 477,
    "PS_RMSE": 0.8663008462863496,
    "PS_R2": -1.6304056778731633,
    "N_solvents": 17,
    "Z_RMSE": 43.41183950056561,
    "f_aleatoric": 0.05077262693156733,
    "N_with_uncertainty": 453
  },
  "_n_train": 7506,
  "_n_trainable": 330497,
  "_best_epoch": 119,
  "_val_RMSE": 0.4817378545961126,
  "_elapsed_s": 14.37718915939331,
  "_protocol": "qm",
  "_variant": "full",
  "_fraction": 1.0,
  "_seed": 42,
  "_approach": "filter"
}