{
  "eval": {
    "RMSE": 0.9989466415561585,
    "MAE": 0.7812310590290571,
    "R2": 0.24426021348014004,
    "N": 6969,
    "PS_RMSE": 0.9984234980337813,
    "PS_R2": 0.08989431546666647,
    "N_solvents": 25
  },
  "ood": {
    "RMSE": 0.9739333450456843,
    "MAE": 0.7851587403806947,
    "R2": 0.15793845715146504,
    "N": 11940,
    "PS_RMSE": 0.8575148612615787,
    "PS_R2": -42.24659642084487,
    "N_solvents": 146
  },
  "sc3_gold": {
    "RMSE": 0.9723528411409017,
    "MAE": 0.7538511991954725,
    "R2": 0.3126156045289208,
    "N": 4507,
    "PS_RMSE": 0.8369771072858874,
    "PS_R2": -9.874157216242818,
    "N_solvents": 26,
    "Z_RMSE": 56.9443072809055,
    "f_aleatoric": 0.05421861409104088,
    "N_with_uncertainty": 3449
  },
  "_n_train": 3071,
  "_n_trainable": 129,
  "_best_epoch": 283,
  "_val_RMSE": 0.9989466415561585,
  "_elapsed_s": 4.627645969390869,
  "_protocol": "qm",
  "_variant": "head_only",
  "_fraction": 0.05,
  "_seed": 789
}