{
  "eval": {
    "RMSE": 1.0054269272823844,
    "MAE": 0.783551212543628,
    "R2": 0.23442326206186215,
    "N": 6969,
    "PS_RMSE": 1.0123451565582722,
    "PS_R2": 0.06652537998965424,
    "N_solvents": 25
  },
  "ood": {
    "RMSE": 0.9686491044885687,
    "MAE": 0.7770696772021713,
    "R2": 0.16705116408950027,
    "N": 11940,
    "PS_RMSE": 0.8496176542334675,
    "PS_R2": -44.94166118070799,
    "N_solvents": 146
  },
  "sc3_gold": {
    "RMSE": 0.9768331885778688,
    "MAE": 0.7494817940077383,
    "R2": 0.3062664356719471,
    "N": 4507,
    "PS_RMSE": 0.8736349931880185,
    "PS_R2": -11.53681300292726,
    "N_solvents": 26,
    "Z_RMSE": 56.81821279954445,
    "f_aleatoric": 0.05131922296317773,
    "N_with_uncertainty": 3449
  },
  "_n_train": 3071,
  "_n_trainable": 129,
  "_best_epoch": 296,
  "_val_RMSE": 1.0054269272823844,
  "_elapsed_s": 4.627866983413696,
  "_protocol": "qm",
  "_variant": "head_only",
  "_fraction": 0.05,
  "_seed": 123
}