{
  "eval": {
    "RMSE": 1.0247011669358093,
    "MAE": 0.7985231668096305,
    "R2": 0.20478939008909214,
    "N": 6969,
    "PS_RMSE": 1.0175727430140193,
    "PS_R2": 0.05080960175989507,
    "N_solvents": 25
  },
  "ood": {
    "RMSE": 0.9875466018266038,
    "MAE": 0.7934366650141002,
    "R2": 0.13423393134440087,
    "N": 11940,
    "PS_RMSE": 0.8687692718460255,
    "PS_R2": -43.547287861086055,
    "N_solvents": 146
  },
  "sc3_gold": {
    "RMSE": 1.024282739955325,
    "MAE": 0.7699926361713639,
    "R2": 0.23723351415942584,
    "N": 4507,
    "PS_RMSE": 0.87314178240905,
    "PS_R2": -12.759628256667233,
    "N_solvents": 26,
    "Z_RMSE": 61.05369362425606,
    "f_aleatoric": 0.05595824876775877,
    "N_with_uncertainty": 3449
  },
  "_n_train": 3071,
  "_n_trainable": 129,
  "_best_epoch": 296,
  "_val_RMSE": 1.0247011669358093,
  "_elapsed_s": 4.586233854293823,
  "_protocol": "qm",
  "_variant": "head_only",
  "_fraction": 0.05,
  "_seed": 456
}