{
  "eval": {
    "RMSE": 1.0301163030095206,
    "MAE": 0.8031938996929161,
    "R2": 0.19636244181869666,
    "N": 6969,
    "PS_RMSE": 1.0285185027096952,
    "PS_R2": 0.03790067086183241,
    "N_solvents": 25
  },
  "ood": {
    "RMSE": 0.9903051616333293,
    "MAE": 0.7966701182436441,
    "R2": 0.12939040678798308,
    "N": 11940,
    "PS_RMSE": 0.8759587398969139,
    "PS_R2": -45.91549776323228,
    "N_solvents": 146
  },
  "sc3_gold": {
    "RMSE": 1.0276627631776674,
    "MAE": 0.7805376223554511,
    "R2": 0.23219111292715267,
    "N": 4507,
    "PS_RMSE": 0.876630786175014,
    "PS_R2": -10.668769987459001,
    "N_solvents": 26,
    "Z_RMSE": 60.400865211173105,
    "f_aleatoric": 0.04755001449695564,
    "N_with_uncertainty": 3449
  },
  "_n_train": 3071,
  "_n_trainable": 129,
  "_best_epoch": 239,
  "_val_RMSE": 1.0301163030095206,
  "_elapsed_s": 4.283743381500244,
  "_protocol": "qm",
  "_variant": "head_only",
  "_fraction": 0.05,
  "_seed": 101
}