{
  "eval": {
    "RMSE": 1.0238580271437363,
    "MAE": 0.8043900153118013,
    "R2": 0.20609747461540906,
    "N": 6969,
    "PS_RMSE": 1.0340112785493973,
    "PS_R2": 0.022665865078274398,
    "N_solvents": 25
  },
  "ood": {
    "RMSE": 0.9831331001621357,
    "MAE": 0.7877385812286892,
    "R2": 0.1419551295498398,
    "N": 11940,
    "PS_RMSE": 0.8639859425626678,
    "PS_R2": -44.3353408169581,
    "N_solvents": 146
  },
  "sc3_gold": {
    "RMSE": 1.0371833524582308,
    "MAE": 0.798076444922885,
    "R2": 0.21789877043110306,
    "N": 4507,
    "PS_RMSE": 0.8978012335243366,
    "PS_R2": -12.866512351335153,
    "N_solvents": 26,
    "Z_RMSE": 61.470219723765865,
    "f_aleatoric": 0.04610031893302406,
    "N_with_uncertainty": 3449
  },
  "_n_train": 3071,
  "_n_trainable": 129,
  "_best_epoch": 213,
  "_val_RMSE": 1.0238580271437363,
  "_elapsed_s": 3.9441492557525635,
  "_protocol": "qm",
  "_variant": "head_only",
  "_fraction": 0.05,
  "_seed": 42
}