{
  "method": "fastprop",
  "fractions": [
    0.05,
    0.1,
    0.2,
    0.4,
    0.6,
    0.8,
    1.0
  ],
  "seeds": [
    42
  ],
  "by_fraction": {
    "0.050": {
      "aggregated": {
        "eval": {
          "RMSE_mean": 0.6430226800247194,
          "RMSE_std": 0.0,
          "RMSE_n": 1,
          "MAE_mean": 0.44052890962351365,
          "MAE_std": 0.0,
          "MAE_n": 1,
          "R2_mean": 0.6868587464697882,
          "R2_std": 0.0,
          "R2_n": 1,
          "N_mean": 6969.0,
          "N_std": 0.0,
          "N_n": 1,
          "PS_RMSE_mean": 0.6308653491293166,
          "PS_RMSE_std": 0.0,
          "PS_RMSE_n": 1,
          "PS_R2_mean": 0.612976025745867,
          "PS_R2_std": 0.0,
          "PS_R2_n": 1,
          "N_solvents_mean": 25.0,
          "N_solvents_std": 0.0,
          "N_solvents_n": 1
        },
        "ood": {
          "RMSE_mean": 0.8152274633965442,
          "RMSE_std": 0.0,
          "RMSE_n": 1,
          "MAE_mean": 0.6166709276432677,
          "MAE_std": 0.0,
          "MAE_n": 1,
          "R2_mean": 0.4100122891151695,
          "R2_std": 0.0,
          "R2_n": 1,
          "N_mean": 11940.0,
          "N_std": 0.0,
          "N_n": 1,
          "PS_RMSE_mean": 0.7796547138985483,
          "PS_RMSE_std": 0.0,
          "PS_RMSE_n": 1,
          "PS_R2_mean": -45.347059836430965,
          "PS_R2_std": 0.0,
          "PS_R2_n": 1,
          "N_solvents_mean": 146.0,
          "N_solvents_std": 0.0,
          "N_solvents_n": 1
        },
        "sc3_gold": {
          "RMSE_mean": 0.7359561009157676,
          "RMSE_std": 0.0,
          "RMSE_n": 1,
          "MAE_mean": 0.5787331329995241,
          "MAE_std": 0.0,
          "MAE_n": 1,
          "R2_mean": 0.6062181320073878,
          "R2_std": 0.0,
          "R2_n": 1,
          "N_mean": 4507.0,
          "N_std": 0.0,
          "N_n": 1,
          "PS_RMSE_mean": 0.7108253327845371,
          "PS_RMSE_std": 0.0,
          "PS_RMSE_n": 1,
          "PS_R2_mean": -5.954012598883073,
          "PS_R2_std": 0.0,
          "PS_R2_n": 1,
          "N_solvents_mean": 26.0,
          "N_solvents_std": 0.0,
          "N_solvents_n": 1,
          "Z_RMSE_mean": 43.4043927873582,
          "Z_RMSE_std": 0.0,
          "Z_RMSE_n": 1,
          "f_aleatoric_mean": 0.06813569150478399,
          "f_aleatoric_std": 0.0,
          "f_aleatoric_n": 1,
          "N_with_uncertainty_mean": 3449.0,
          "N_with_uncertainty_std": 0.0,
          "N_with_uncertainty_n": 1
        }
      },
      "n_train_mean": 3070.0,
      "diagnostics": {
        "_train_RMSE_at_best": 0.26800446063838107,
        "_val_RMSE_best": 0.6430226791217745,
        "_n_params": 330497.0,
        "_best_epoch": 204.0,
        "_n_train": 3070.0
      }
    },
    "0.100": {
      "aggregated": {
        "eval": {
          "RMSE_mean": 0.5513121664563985,
          "RMSE_std": 0.0,
          "RMSE_n": 1,
          "MAE_mean": 0.3615696710438115,
          "MAE_std": 0.0,
          "MAE_n": 1,
          "R2_mean": 0.7698119060749296,
          "R2_std": 0.0,
          "R2_n": 1,
          "N_mean": 6969.0,
          "N_std": 0.0,
          "N_n": 1,
          "PS_RMSE_mean": 0.5466420153812094,
          "PS_RMSE_std": 0.0,
          "PS_RMSE_n": 1,
          "PS_R2_mean": 0.7052448953923371,
          "PS_R2_std": 0.0,
          "PS_R2_n": 1,
          "N_solvents_mean": 25.0,
          "N_solvents_std": 0.0,
          "N_solvents_n": 1
        },
        "ood": {
          "RMSE_mean": 0.7579815313730759,
          "RMSE_std": 0.0,
          "RMSE_n": 1,
          "MAE_mean": 0.5540837479438233,
          "MAE_std": 0.0,
          "MAE_n": 1,
          "R2_mean": 0.4899619108726103,
          "R2_std": 0.0,
          "R2_n": 1,
          "N_mean": 11940.0,
          "N_std": 0.0,
          "N_n": 1,
          "PS_RMSE_mean": 0.686801415339299,
          "PS_RMSE_std": 0.0,
          "PS_RMSE_n": 1,
          "PS_R2_mean": -39.649575165699524,
          "PS_R2_std": 0.0,
          "PS_R2_n": 1,
          "N_solvents_mean": 146.0,
          "N_solvents_std": 0.0,
          "N_solvents_n": 1
        },
        "sc3_gold": {
          "RMSE_mean": 0.7434172994315981,
          "RMSE_std": 0.0,
          "RMSE_n": 1,
          "MAE_mean": 0.5768437181129078,
          "MAE_std": 0.0,
          "MAE_n": 1,
          "R2_mean": 0.5981932566446415,
          "R2_std": 0.0,
          "R2_n": 1,
          "N_mean": 4507.0,
          "N_std": 0.0,
          "N_n": 1,
          "PS_RMSE_mean": 0.7504238614060473,
          "PS_RMSE_std": 0.0,
          "PS_RMSE_n": 1,
          "PS_R2_mean": -10.919150505376425,
          "PS_R2_std": 0.0,
          "PS_R2_n": 1,
          "N_solvents_mean": 26.0,
          "N_solvents_std": 0.0,
          "N_solvents_n": 1,
          "Z_RMSE_mean": 42.88542533912524,
          "Z_RMSE_std": 0.0,
          "Z_RMSE_n": 1,
          "f_aleatoric_mean": 0.0701652652942882,
          "f_aleatoric_std": 0.0,
          "f_aleatoric_n": 1,
          "N_with_uncertainty_mean": 3449.0,
          "N_with_uncertainty_std": 0.0,
          "N_with_uncertainty_n": 1
        }
      },
      "n_train_mean": 6140.0,
      "diagnostics": {
        "_train_RMSE_at_best": 0.26045620355540167,
        "_val_RMSE_best": 0.5513121569011518,
        "_n_params": 330497.0,
        "_best_epoch": 216.0,
        "_n_train": 6140.0
      }
    },
    "0.200": {
      "aggregated": {
        "eval": {
          "RMSE_mean": 0.49254193023050774,
          "RMSE_std": 0.0,
          "RMSE_n": 1,
          "MAE_mean": 0.3208340435979854,
          "MAE_std": 0.0,
          "MAE_n": 1,
          "R2_mean": 0.8162725195209783,
          "R2_std": 0.0,
          "R2_n": 1,
          "N_mean": 6969.0,
          "N_std": 0.0,
          "N_n": 1,
          "PS_RMSE_mean": 0.4821377077595945,
          "PS_RMSE_std": 0.0,
          "PS_RMSE_n": 1,
          "PS_R2_mean": 0.7827409631477016,
          "PS_R2_std": 0.0,
          "PS_R2_n": 1,
          "N_solvents_mean": 25.0,
          "N_solvents_std": 0.0,
          "N_solvents_n": 1
        },
        "ood": {
          "RMSE_mean": 0.7168985152861999,
          "RMSE_std": 0.0,
          "RMSE_n": 1,
          "MAE_mean": 0.521663023635438,
          "MAE_std": 0.0,
          "MAE_n": 1,
          "R2_mean": 0.5437522623254047,
          "R2_std": 0.0,
          "R2_n": 1,
          "N_mean": 11940.0,
          "N_std": 0.0,
          "N_n": 1,
          "PS_RMSE_mean": 0.6121361231142146,
          "PS_RMSE_std": 0.0,
          "PS_RMSE_n": 1,
          "PS_R2_mean": -13.397710106776755,
          "PS_R2_std": 0.0,
          "PS_R2_n": 1,
          "N_solvents_mean": 146.0,
          "N_solvents_std": 0.0,
          "N_solvents_n": 1
        },
        "sc3_gold": {
          "RMSE_mean": 0.8076377881088098,
          "RMSE_std": 0.0,
          "RMSE_n": 1,
          "MAE_mean": 0.6100648591905268,
          "MAE_std": 0.0,
          "MAE_n": 1,
          "R2_mean": 0.5257742232831208,
          "R2_std": 0.0,
          "R2_n": 1,
          "N_mean": 4507.0,
          "N_std": 0.0,
          "N_n": 1,
          "PS_RMSE_mean": 0.8313348771516288,
          "PS_RMSE_std": 0.0,
          "PS_RMSE_n": 1,
          "PS_R2_mean": -16.78729148428438,
          "PS_R2_std": 0.0,
          "PS_R2_n": 1,
          "N_solvents_mean": 26.0,
          "N_solvents_std": 0.0,
          "N_solvents_n": 1,
          "Z_RMSE_mean": 46.12782180360924,
          "Z_RMSE_std": 0.0,
          "Z_RMSE_n": 1,
          "f_aleatoric_mean": 0.05015946651203247,
          "f_aleatoric_std": 0.0,
          "f_aleatoric_n": 1,
          "N_with_uncertainty_mean": 3449.0,
          "N_with_uncertainty_std": 0.0,
          "N_with_uncertainty_n": 1
        }
      },
      "n_train_mean": 12281.0,
      "diagnostics": {
        "_train_RMSE_at_best": 0.26461893746706244,
        "_val_RMSE_best": 0.4925419273054146,
        "_n_params": 330497.0,