{
  "eval": {
    "RMSE": 0.5490291267800737,
    "MAE": 0.37308296908581706,
    "R2": 0.7717144231960935,
    "N": 6969,
    "PS_RMSE": 0.5426578684132976,
    "PS_R2": 0.7292600525221453,
    "N_solvents": 25,
    "train_time_s": 17.856241703033447
  },
  "ood": {
    "RMSE": 0.7376839266404465,
    "MAE": 0.5625887647271832,
    "R2": 0.5169122737340864,
    "N": 11940,
    "PS_RMSE": 0.6343222013663014,
    "PS_R2": -11.968494145017514,
    "N_solvents": 146,
    "train_time_s": 17.856241703033447
  },
  "sc3_gold": {
    "RMSE": 0.898889891164463,
    "MAE": 0.7152402027698619,
    "R2": 0.41255814318194794,
    "N": 4507,
    "PS_RMSE": 0.906100246394067,
    "PS_R2": -15.399207909748972,
    "N_solvents": 26,
    "Z_RMSE": 50.641582509525186,
    "f_aleatoric": 0.04928964917367353,
    "N_with_uncertainty": 3449,
    "train_time_s": 17.856241703033447
  },
  "sc3_silver": {
    "RMSE": 0.8588930954790069,
    "MAE": 0.6764167488849915,
    "R2": 0.4268678014214452,
    "N": 5475,
    "PS_RMSE": 0.8398640516014438,
    "PS_R2": -8.063565479171562,
    "N_solvents": 27,
    "Z_RMSE": 46.1898973467836,
    "f_aleatoric": 0.08736942070275404,
    "N_with_uncertainty": 4212,
    "train_time_s": 17.856241703033447
  },
  "sc3_bronze": {
    "RMSE": 0.8451745688272712,
    "MAE": 0.6623469446765246,
    "R2": 0.4237799085374747,
    "N": 6331,
    "PS_RMSE": 0.7817001579496909,
    "PS_R2": -3.388266526540373,
    "N_solvents": 30,
    "Z_RMSE": 42.997154908768465,
    "f_aleatoric": 0.1450522433927474,
    "N_with_uncertainty": 4881,
    "train_time_s": 17.856241703033447
  }
}