{
  "eval": {
    "RMSE": 0.5460851683319116,
    "MAE": 0.36191166930744567,
    "R2": 0.7741560474335546,
    "N": 6969,
    "PS_RMSE": 0.5330636462276334,
    "PS_R2": 0.7347722304786188,
    "N_solvents": 25,
    "train_time_s": 24.80948233604431
  },
  "ood": {
    "RMSE": 0.7382895042125052,
    "MAE": 0.560230592746784,
    "R2": 0.5161187979369499,
    "N": 11940,
    "PS_RMSE": 0.6241257519035918,
    "PS_R2": -11.436090356226014,
    "N_solvents": 146,
    "train_time_s": 24.80948233604431
  },
  "sc3_gold": {
    "RMSE": 0.8897259013164965,
    "MAE": 0.7070332202889827,
    "R2": 0.4244747759366275,
    "N": 4507,
    "PS_RMSE": 0.8664160583568622,
    "PS_R2": -12.696585671036907,
    "N_solvents": 26,
    "Z_RMSE": 50.8278447594601,
    "f_aleatoric": 0.06262684836184401,
    "N_with_uncertainty": 3449,
    "train_time_s": 24.80948233604431
  },
  "sc3_silver": {
    "RMSE": 0.8484775814357234,
    "MAE": 0.6694933917586962,
    "R2": 0.44068389009671494,
    "N": 5475,
    "PS_RMSE": 0.8083901614115356,
    "PS_R2": -8.016363672177981,
    "N_solvents": 27,
    "Z_RMSE": 46.28555248971617,
    "f_aleatoric": 0.09781576448243115,
    "N_with_uncertainty": 4212,
    "train_time_s": 24.80948233604431
  },
  "sc3_bronze": {
    "RMSE": 0.8315542928316811,
    "MAE": 0.6551828123295409,
    "R2": 0.44220222776328033,
    "N": 6331,
    "PS_RMSE": 0.7488064345010027,
    "PS_R2": -2.5106145832292417,
    "N_solvents": 30,
    "Z_RMSE": 43.100648751416834,
    "f_aleatoric": 0.14710100389264494,
    "N_with_uncertainty": 4881,
    "train_time_s": 24.80948233604431
  }
}