{
  "eval": {
    "RMSE": 0.5471077442822988,
    "MAE": 0.36824275345724217,
    "R2": 0.7733094438834162,
    "N": 6969,
    "PS_RMSE": 0.537138988617373,
    "PS_R2": 0.7331151185985801,
    "N_solvents": 25,
    "train_time_s": 19.003971338272095
  },
  "ood": {
    "RMSE": 0.7212433601721244,
    "MAE": 0.5509447784192396,
    "R2": 0.5382052213921568,
    "N": 11940,
    "PS_RMSE": 0.6248271100898868,
    "PS_R2": -12.0882846056017,
    "N_solvents": 146,
    "train_time_s": 19.003971338272095
  },
  "sc3_gold": {
    "RMSE": 0.8823329643669187,
    "MAE": 0.7054410513479981,
    "R2": 0.4339993824307632,
    "N": 4507,
    "PS_RMSE": 0.891846863542973,
    "PS_R2": -16.777129404746805,
    "N_solvents": 26,
    "Z_RMSE": 49.7624744681379,
    "f_aleatoric": 0.05044940562481879,
    "N_with_uncertainty": 3449,
    "train_time_s": 19.003971338272095
  },
  "sc3_silver": {
    "RMSE": 0.846536252976576,
    "MAE": 0.6712107565810735,
    "R2": 0.4432404080865787,
    "N": 5475,
    "PS_RMSE": 0.8401637857424035,
    "PS_R2": -10.113136310688493,
    "N_solvents": 27,
    "Z_RMSE": 45.412412971334675,
    "f_aleatoric": 0.09354226020892688,
    "N_with_uncertainty": 4212,
    "train_time_s": 19.003971338272095
  },
  "sc3_bronze": {
    "RMSE": 0.8331905182083126,
    "MAE": 0.6595780862866869,
    "R2": 0.44000494297332604,
    "N": 6331,
    "PS_RMSE": 0.7990823308769952,
    "PS_R2": -4.089014726636987,
    "N_solvents": 30,
    "Z_RMSE": 42.302437954374625,
    "f_aleatoric": 0.1440278631427986,
    "N_with_uncertainty": 4881,
    "train_time_s": 19.003971338272095
  }
}