{
  "eval": {
    "RMSE": 0.5423480232688466,
    "MAE": 0.3637794161425354,
    "R2": 0.7772366057630395,
    "N": 6969,
    "PS_RMSE": 0.5328124655585517,
    "PS_R2": 0.7375441892740728,
    "N_solvents": 25,
    "train_time_s": 22.120326042175293
  },
  "ood": {
    "RMSE": 0.7243275915159296,
    "MAE": 0.552544117259057,
    "R2": 0.5342472584729753,
    "N": 11940,
    "PS_RMSE": 0.6228934138501934,
    "PS_R2": -11.554328204714068,
    "N_solvents": 146,
    "train_time_s": 22.120326042175293
  },
  "sc3_gold": {
    "RMSE": 0.90399608520733,
    "MAE": 0.7258506572558555,
    "R2": 0.40586519488132833,
    "N": 4507,
    "PS_RMSE": 0.8685552125180126,
    "PS_R2": -11.557306186999456,
    "N_solvents": 26,
    "Z_RMSE": 51.34193752563612,
    "f_aleatoric": 0.0545085532038272,
    "N_with_uncertainty": 3449,
    "train_time_s": 22.120326042175293
  },
  "sc3_silver": {
    "RMSE": 0.8606656903320727,
    "MAE": 0.6831364006350272,
    "R2": 0.4244996847448934,
    "N": 5475,
    "PS_RMSE": 0.8099532161630988,
    "PS_R2": -6.724892217510486,
    "N_solvents": 27,
    "Z_RMSE": 46.761563886361806,
    "f_aleatoric": 0.09734093067426401,
    "N_with_uncertainty": 4212,
    "train_time_s": 22.120326042175293
  },
  "sc3_bronze": {
    "RMSE": 0.8437181887562197,
    "MAE": 0.6665479135654612,
    "R2": 0.425764048737973,
    "N": 6331,
    "PS_RMSE": 0.7558635971667856,
    "PS_R2": -2.585352514455473,
    "N_solvents": 30,
    "Z_RMSE": 43.58978411476266,
    "f_aleatoric": 0.14751075599262448,
    "N_with_uncertainty": 4881,
    "train_time_s": 22.120326042175293
  }
}