{
  "eval": {
    "RMSE": 0.5440552626304425,
    "MAE": 0.3581005332484683,
    "R2": 0.7758319393793659,
    "N": 6969,
    "PS_RMSE": 0.5291166801937779,
    "PS_R2": 0.7389132237019703,
    "N_solvents": 25,
    "train_time_s": 26.12986135482788
  },
  "ood": {
    "RMSE": 0.7202057288304947,
    "MAE": 0.5461762047544415,
    "R2": 0.5395330063711361,
    "N": 11940,
    "PS_RMSE": 0.6197360846416671,
    "PS_R2": -10.619707186253391,
    "N_solvents": 146,
    "train_time_s": 26.12986135482788
  },
  "sc3_gold": {
    "RMSE": 0.876117800340093,
    "MAE": 0.6934731020571844,
    "R2": 0.4419451288851811,
    "N": 4507,
    "PS_RMSE": 0.8592362832578181,
    "PS_R2": -13.402914373528763,
    "N_solvents": 26,
    "Z_RMSE": 49.40053506588953,
    "f_aleatoric": 0.060887213685126125,
    "N_with_uncertainty": 3449,
    "train_time_s": 26.12986135482788
  },
  "sc3_silver": {
    "RMSE": 0.8366571063073851,
    "MAE": 0.6573899813375108,
    "R2": 0.4561594416636987,
    "N": 5475,
    "PS_RMSE": 0.7981880984303513,
    "PS_R2": -7.572759689146922,
    "N_solvents": 27,
    "Z_RMSE": 45.016154756839924,
    "f_aleatoric": 0.10113960113960115,
    "N_with_uncertainty": 4212,
    "train_time_s": 26.12986135482788
  },
  "sc3_bronze": {
    "RMSE": 0.8208292975131054,
    "MAE": 0.6433468113366998,
    "R2": 0.456497865698543,
    "N": 6331,
    "PS_RMSE": 0.7458637161238937,
    "PS_R2": -2.698255126899291,
    "N_solvents": 30,
    "Z_RMSE": 41.917930728636044,
    "f_aleatoric": 0.15324728539233765,
    "N_with_uncertainty": 4881,
    "train_time_s": 26.12986135482788
  }
}