{
  "method": "catboost",
  "featurizer": "morgan",
  "seeds": [
    42,
    101,
    123,
    456,
    789
  ],
  "params": {
    "iterations": 3000,
    "learning_rate": 0.05,
    "depth": 8,
    "l2_leaf_reg": 3,
    "subsample": 0.8,
    "colsample_bylevel": 0.8
  },
  "aggregated": {
    "eval": {
      "RMSE_mean": 0.5457250650587147,
      "RMSE_std": 0.0023302768702979193,
      "MAE_mean": 0.3650234682483017,
      "MAE_std": 0.005186084039205424,
      "R2_mean": 0.7744496919310939,
      "R2_std": 0.0019259067718237577,
      "N_mean": 6969.0,
      "N_std": 0.0,
      "PS_RMSE_mean": 0.5349579298021266,
      "PS_RMSE_std": 0.0046121057281778045,
      "PS_R2_mean": 0.7347209629150775,
      "PS_R2_std": 0.0034043667320363224,
      "N_solvents_mean": 25.0,
      "N_solvents_std": 0.0,
      "train_time_s_mean": 21.983976554870605,
      "train_time_s_std": 3.1971568924491813
    },
    "ood": {
      "RMSE_mean": 0.7283500222743002,
      "RMSE_std": 0.007986603571675096,
      "MAE_mean": 0.554496891581341,
      "MAE_std": 0.006066603741872203,
      "R2_mean": 0.5290033115814609,
      "R2_std": 0.010346520996075428,
      "N_mean": 11940.0,
      "N_std": 0.0,
      "PS_RMSE_mean": 0.625180912370328,
      "PS_RMSE_std": 0.004892453426380776,
      "PS_R2_mean": -11.533380899562538,
      "PS_R2_std": 0.5180628442871215,
      "N_solvents_mean": 146.0,
      "N_solvents_std": 0.0,
      "train_time_s_mean": 21.983976554870605,
      "train_time_s_std": 3.1971568924491813
    },
    "sc3_gold": {
      "RMSE_mean": 0.8902125284790603,
      "RMSE_std": 0.010259325096316427,
      "MAE_mean": 0.7094076467439765,
      "MAE_std": 0.010767291199645363,
      "R2_mean": 0.4237685250631696,
      "R2_std": 0.013279759431537298,
      "N_mean": 4507.0,
      "N_std": 0.0,
      "PS_RMSE_mean": 0.8784309328139466,
      "PS_RMSE_std": 0.017640293322315707,
      "PS_R2_mean": -13.966628709212182,
      "PS_R2_std": 1.8807878940765863,
      "N_solvents_mean": 26.0,
      "N_solvents_std": 0.0,
      "Z_RMSE_mean": 50.39487486572977,
      "Z_RMSE_std": 0.7118844249726934,
      "f_aleatoric_mean": 0.05555233400985793,
      "f_aleatoric_std": 0.005382569503449019,
      "N_with_uncertainty_mean": 3449.0,
      "N_with_uncertainty_std": 0.0,
      "train_time_s_mean": 21.983976554870605,
      "train_time_s_std": 3.1971568924491813
    },
    "sc3_silver": {
      "RMSE_mean": 0.8502459453061528,
      "RMSE_std": 0.0087737080622718,
      "MAE_mean": 0.6715294558394598,
      "MAE_std": 0.008517965322185687,
      "R2_mean": 0.4382902452026663,
      "R2_std": 0.011577509320174938,
      "N_mean": 5475.0,
      "N_std": 0.0,
      "PS_RMSE_mean": 0.8193118626697666,
      "PS_RMSE_std": 0.01737973765143612,
      "PS_R2_mean": -8.09814347373909,
      "PS_R2_std": 1.1162371468872478,
      "N_solvents_mean": 27.0,
      "N_solvents_std": 0.0,
      "Z_RMSE_mean": 45.93311629020723,
      "Z_RMSE_std": 0.6306224869563869,
      "f_aleatoric_mean": 0.09544159544159544,
      "f_aleatoric_std": 0.004700614879682653,
      "N_with_uncertainty_mean": 4212.0,
      "N_with_uncertainty_std": 0.0,
      "train_time_s_mean": 21.983976554870605,
      "train_time_s_std": 3.1971568924491813
    },
    "sc3_bronze": {
      "RMSE_mean": 0.8348933732273179,
      "RMSE_std": 0.008893005688551246,
      "MAE_mean": 0.6574005136389827,
      "MAE_std": 0.007941141927446164,
      "R2_mean": 0.4376497987421194,
      "R2_std": 0.011959647568271281,
      "N_mean": 6331.0,
      "N_std": 0.0,
      "PS_RMSE_mean": 0.7662632473236736,
      "PS_RMSE_std": 0.020709535800870926,
      "PS_R2_mean": -3.0543006955522727,
      "PS_R2_std": 0.6040598868714101,
      "N_solvents_mean": 30.0,
      "N_solvents_std": 0.0,
      "Z_RMSE_mean": 42.781591291591724,
      "Z_RMSE_std": 0.5961440201355007,
      "f_aleatoric_mean": 0.1473878303626306,
      "f_aleatoric_std": 0.00319921676639101,
      "N_with_uncertainty_mean": 4881.0,
      "N_with_uncertainty_std": 0.0,
      "train_time_s_mean": 21.983976554870605,
      "train_time_s_std": 3.1971568924491813
    }
  },
  "per_seed": {
    "42": {
      "eval": {
        "RMSE": 0.5440552626304425,
        "MAE": 0.3581005332484683,
        "R2": 0.7758319393793659,
        "N": 6969,
        "PS_RMSE": 0.5291166801937779,
        "PS_R2": 0.7389132237019703,
        "N_solvents": 25,
        "train_time_s": 26.12986135482788
      },
      "ood": {
        "RMSE": 0.7202057288304947,
        "MAE": 0.5461762047544415,
        "R2": 0.5395330063711361,
        "N": 11940,
        "PS_RMSE": 0.6197360846416671,
        "PS_R2": -10.619707186253391,
        "N_solvents": 146,
        "train_time_s": 26.12986135482788
      },
      "sc3_gold": {
        "RMSE": 0.876117800340093,
        "MAE": 0.6934731020571844,
        "R2": 0.4419451288851811,
        "N": 4507,
        "PS_RMSE": 0.8592362832578181,
        "PS_R2": -13.402914373528763,
        "N_solvents": 26,
        "Z_RMSE": 49.40053506588953,
        "f_aleatoric": 0.060887213685126125,
        "N_with_uncertainty": 3449,
        "train_time_s": 26.12986135482788
      },
      "sc3_silver": {
        "RMSE": 0.8366571063073851,
        "MAE": 0.6573899813375108,
        "R2": 0.4561594416636987,
        "N": 5475,
        "PS_RMSE": 0.7981880984303513,
        "PS_R2": -7.572759689146922,
        "N_solvents": 27,
        "Z_RMSE": 45.016154756839924,
        "f_aleatoric": 0.10113960113960115,
        "N_with_uncertainty": 4212,
        "train_time_s": 26.12986135482788
      },
      "sc3_bronze": {
        "RMSE": 0.8208292975131054,
        "MAE": 0.6433468113366998,
        "R2": 0.456497865698543,
        "N": 6331,
        "PS_RMSE": 0.7458637161238937,
        "PS_R2": -2.698255126899291,
        "N_solvents": 30,
        "Z_RMSE": 41.917930728636044,
        "f_aleatoric": 0.15324728539233765,
        "N_with_uncertainty": 4881,
        "train_time_s": 26.12986135482788
      }
    },
    "101": {
      "eval": {
        "RMSE": 0.5460851683319116,
        "MAE": 0.36191166930744567,
        "R2": 0.7741560474335546,
        "N": 6969,
        "PS_RMSE": 0.5330636462276334,
        "PS_R2": 0.7347722304786188,
        "N_solvents": 25,
        "train_time_s": 24.80948233604431
      },
      "ood": {
        "RMSE": 0.7382895042125052,
        "MAE": 0.560230592746784,
        "R2": 0.5161187979369499,
        "N": 11940,
        "PS_RMSE": 0.6241257519035918,
        "PS_R2": -11.436090356226014,
        "N_solvents": 146,
        "train_time_s": 24.80948233604431
      },
      "sc3_gold": {
        "RMSE": 0.8897259013164965,
        "MAE": 0.7070332202889827,
        "R2": 0.4244747759366275,
        "N": 4507,
        "PS_RMSE": 0.8664160583568622,
        "PS_R2": -12.696585671036907,
        "N_solvents": 26,
        "Z_RMSE": 50.8278447594601,
        "f_aleatoric": 0.06262684836184401,
        "N_with_uncertainty": 3449,
        "train_time_s": 24.80948233604431
      },
      "sc3_silver": {
        "RMSE": 0.8484775814357234,
        "MAE": 0.6694933917586962,
        "R2": 0.44068389009671494,
        "N": 5475,
        "PS_RMSE": 0.8083901614115356,
        "PS_R2": -8.016363672177981,
        "N_solvents": 27,
        "Z_RMSE": 46.28555248971617,
        "f_aleatoric": 0.09781576448243115,
        "N_with_uncertainty": 4212,
        "train_time_s": 24.80948233604431
      },
      "sc3_bronze": {
        "RMSE": 0.8315542928316811,
        "MAE": 0.6551828123295409,
        "R2": 0.44220222776328033,
        "N": 6331,
        "PS_RMSE": 0.7488064345010027,
        "PS_R2": -2.5106145832292417,
        "N_solvents": 30,
        "Z_RMSE": 43.100648751416834,
        "f_aleatoric": 0.14710100389264494,
        "N_with_uncertainty": 4881,
        "train_time_s": 24.80948233604431
      }
    },
    "123": {
      "eval": {
        "RMSE": 0.5471077442822988,
        "MAE": 0.36824275345724217,
        "R2": 0.7733094438834162,