{
  "method": "lgb_rdkit",
  "fractions": [
    0.05,
    0.1,
    0.2,
    0.4,
    0.6,
    0.8,
    1.0
  ],
  "seeds": [
    42
  ],
  "by_fraction": {
    "0.050": {
      "aggregated": {
        "eval": {
          "RMSE_mean": 0.6424503811028118,
          "RMSE_std": 0.0,
          "RMSE_n": 1,
          "MAE_mean": 0.447392091597952,
          "MAE_std": 0.0,
          "MAE_n": 1,
          "R2_mean": 0.6874158983635503,
          "R2_std": 0.0,
          "R2_n": 1,
          "N_mean": 6969.0,
          "N_std": 0.0,
          "N_n": 1,
          "PS_RMSE_mean": 0.6333041166201528,
          "PS_RMSE_std": 0.0,
          "PS_RMSE_n": 1,
          "PS_R2_mean": 0.6420781429775044,
          "PS_R2_std": 0.0,
          "PS_R2_n": 1,
          "N_solvents_mean": 25.0,
          "N_solvents_std": 0.0,
          "N_solvents_n": 1
        },
        "ood": {
          "RMSE_mean": 0.7130151998701275,
          "RMSE_std": 0.0,
          "RMSE_n": 1,
          "MAE_mean": 0.5349149492167182,
          "MAE_std": 0.0,
          "MAE_n": 1,
          "R2_mean": 0.5486817054564741,
          "R2_std": 0.0,
          "R2_n": 1,
          "N_mean": 11940.0,
          "N_std": 0.0,
          "N_n": 1,
          "PS_RMSE_mean": 0.6528105553733494,
          "PS_RMSE_std": 0.0,
          "PS_RMSE_n": 1,
          "PS_R2_mean": -34.81828579773145,
          "PS_R2_std": 0.0,
          "PS_R2_n": 1,
          "N_solvents_mean": 146.0,
          "N_solvents_std": 0.0,
          "N_solvents_n": 1
        },
        "sc3_gold": {
          "RMSE_mean": 0.7346304235115053,
          "RMSE_std": 0.0,
          "RMSE_n": 1,
          "MAE_mean": 0.5788287404728355,
          "MAE_std": 0.0,
          "MAE_n": 1,
          "R2_mean": 0.6076354925260397,
          "R2_std": 0.0,
          "R2_n": 1,
          "N_mean": 4507.0,
          "N_std": 0.0,
          "N_n": 1,
          "PS_RMSE_mean": 0.5859178406628266,
          "PS_RMSE_std": 0.0,
          "PS_RMSE_n": 1,
          "PS_R2_mean": -3.290037792655851,
          "PS_R2_std": 0.0,
          "PS_R2_n": 1,
          "N_solvents_mean": 26.0,
          "N_solvents_std": 0.0,
          "N_solvents_n": 1,
          "Z_RMSE_mean": 41.44186853203375,
          "Z_RMSE_std": 0.0,
          "Z_RMSE_n": 1,
          "f_aleatoric_mean": 0.06987532618150188,
          "f_aleatoric_std": 0.0,
          "f_aleatoric_n": 1,
          "N_with_uncertainty_mean": 3449.0,
          "N_with_uncertainty_std": 0.0,
          "N_with_uncertainty_n": 1
        }
      },
      "n_train_mean": 3070.0
    },
    "0.100": {
      "aggregated": {
        "eval": {
          "RMSE_mean": 0.5740985859796742,
          "RMSE_std": 0.0,
          "RMSE_n": 1,
          "MAE_mean": 0.3883715975243082,
          "MAE_std": 0.0,
          "MAE_n": 1,
          "R2_mean": 0.750390760099704,
          "R2_std": 0.0,
          "R2_n": 1,
          "N_mean": 6969.0,
          "N_std": 0.0,
          "N_n": 1,
          "PS_RMSE_mean": 0.5602846410236233,
          "PS_RMSE_std": 0.0,
          "PS_RMSE_n": 1,
          "PS_R2_mean": 0.7162660846858528,
          "PS_R2_std": 0.0,
          "PS_R2_n": 1,
          "N_solvents_mean": 25.0,
          "N_solvents_std": 0.0,
          "N_solvents_n": 1
        },
        "ood": {
          "RMSE_mean": 0.6653863382060471,
          "RMSE_std": 0.0,
          "RMSE_n": 1,
          "MAE_mean": 0.47804211743836095,
          "MAE_std": 0.0,
          "MAE_n": 1,
          "R2_mean": 0.6069632849466485,
          "R2_std": 0.0,
          "R2_n": 1,
          "N_mean": 11940.0,
          "N_std": 0.0,
          "N_n": 1,
          "PS_RMSE_mean": 0.5964198333724668,
          "PS_RMSE_std": 0.0,
          "PS_RMSE_n": 1,
          "PS_R2_mean": -33.47809133691447,
          "PS_R2_std": 0.0,
          "PS_R2_n": 1,
          "N_solvents_mean": 146.0,
          "N_solvents_std": 0.0,
          "N_solvents_n": 1
        },
        "sc3_gold": {
          "RMSE_mean": 0.7336235875934536,
          "RMSE_std": 0.0,
          "RMSE_n": 1,
          "MAE_mean": 0.5794903262606633,
          "MAE_std": 0.0,
          "MAE_n": 1,
          "R2_mean": 0.6087102532602019,
          "R2_std": 0.0,
          "R2_n": 1,
          "N_mean": 4507.0,
          "N_std": 0.0,
          "N_n": 1,
          "PS_RMSE_mean": 0.6028427870629526,
          "PS_RMSE_std": 0.0,
          "PS_RMSE_n": 1,
          "PS_R2_mean": -1.7491087907782927,
          "PS_R2_std": 0.0,
          "PS_R2_n": 1,
          "N_solvents_mean": 26.0,
          "N_solvents_std": 0.0,
          "N_solvents_n": 1,
          "Z_RMSE_mean": 41.79736533259063,
          "Z_RMSE_std": 0.0,
          "Z_RMSE_n": 1,
          "f_aleatoric_mean": 0.06610611771527979,
          "f_aleatoric_std": 0.0,
          "f_aleatoric_n": 1,
          "N_with_uncertainty_mean": 3449.0,
          "N_with_uncertainty_std": 0.0,
          "N_with_uncertainty_n": 1
        }
      },
      "n_train_mean": 6140.0
    },
    "0.200": {
      "aggregated": {
        "eval": {
          "RMSE_mean": 0.5076429087664036,
          "RMSE_std": 0.0,
          "RMSE_n": 1,
          "MAE_mean": 0.32979272606822224,
          "MAE_std": 0.0,
          "MAE_n": 1,
          "R2_mean": 0.8048339145815266,
          "R2_std": 0.0,
          "R2_n": 1,
          "N_mean": 6969.0,
          "N_std": 0.0,
          "N_n": 1,
          "PS_RMSE_mean": 0.49478091756118175,
          "PS_RMSE_std": 0.0,
          "PS_RMSE_n": 1,
          "PS_R2_mean": 0.7798500620936315,
          "PS_R2_std": 0.0,
          "PS_R2_n": 1,
          "N_solvents_mean": 25.0,
          "N_solvents_std": 0.0,
          "N_solvents_n": 1
        },
        "ood": {
          "RMSE_mean": 0.6346171797792706,
          "RMSE_std": 0.0,
          "RMSE_n": 1,
          "MAE_mean": 0.4534075230726009,
          "MAE_std": 0.0,
          "MAE_n": 1,
          "R2_mean": 0.6424728626584097,
          "R2_std": 0.0,
          "R2_n": 1,
          "N_mean": 11940.0,
          "N_std": 0.0,
          "N_n": 1,
          "PS_RMSE_mean": 0.5638393442557954,
          "PS_RMSE_std": 0.0,
          "PS_RMSE_n": 1,
          "PS_R2_mean": -17.003658829724362,
          "PS_R2_std": 0.0,
          "PS_R2_n": 1,
          "N_solvents_mean": 146.0,
          "N_solvents_std": 0.0,
          "N_solvents_n": 1
        },
        "sc3_gold": {
          "RMSE_mean": 0.7613004818207266,
          "RMSE_std": 0.0,
          "RMSE_n": 1,
          "MAE_mean": 0.5908514717986878,
          "MAE_std": 0.0,
          "MAE_n": 1,
          "R2_mean": 0.578629522428092,
          "R2_std": 0.0,
          "R2_n": 1,
          "N_mean": 4507.0,
          "N_std": 0.0,
          "N_n": 1,
          "PS_RMSE_mean": 0.6234288629305532,
          "PS_RMSE_std": 0.0,
          "PS_RMSE_n": 1,
          "PS_R2_mean": -1.818043183089506,
          "PS_R2_std": 0.0,
          "PS_R2_n": 1,
          "N_solvents_mean": 26.0,
          "N_solvents_std": 0.0,
          "N_solvents_n": 1,
          "Z_RMSE_mean": 43.09220897733223,
          "Z_RMSE_std": 0.0,
          "Z_RMSE_n": 1,
          "f_aleatoric_mean": 0.08060307335459553,
          "f_aleatoric_std": 0.0,
          "f_aleatoric_n": 1,
          "N_with_uncertainty_mean": 3449.0,
          "N_with_uncertainty_std": 0.0,
          "N_with_uncertainty_n": 1
        }
      },
      "n_train_mean": 12281.0
    },
    "0.400": {
      "aggregated": {
        "eval": {
          "RMSE_mean": 0.49732741211758164,
          "RMSE_std": 0.0,
          "RMSE_n": 1,
          "MAE_mean": 0.3097239043841743,
          "MAE_std": 0.0,
          "MAE_n": 1,
          "R2_mean": 0.8126850249383297,
          "R2_std": 0.0,
          "R2_n": 1,
          "N_mean": 6969.0,
          "N_std": 0.0,
          "N_n": 1,
          "PS_RMSE_mean": 0.48028376405177964,
          "PS_RMSE_std": 0.0,
          "PS_RMSE_n": 1,
          "PS_R2_mean": 0.7872477833773205,
          "PS_R2_std": 0.0,