{
  "eval": {
    "RMSE": 0.6103900219905313,
    "MAE": 0.40933510384111027,
    "R2": 0.7178353813216533,
    "N": 6969,
    "PS_RMSE": 0.6113734918105095,
    "PS_R2": 0.6514326054682796,
    "N_solvents": 25
  },
  "ood": {
    "RMSE": 0.7579990980678973,
    "MAE": 0.5433096091216013,
    "R2": 0.48993826865653745,
    "N": 11940,
    "PS_RMSE": 0.6634168600828131,
    "PS_R2": -16.543506046981978,
    "N_solvents": 146
  },
  "sc3_gold": {
    "RMSE": 0.7918099003026939,
    "MAE": 0.6229152881725959,
    "R2": 0.54417960930491,
    "N": 4507,
    "PS_RMSE": 0.8074569386038897,
    "PS_R2": -9.583334954617198,
    "N_solvents": 26,
    "Z_RMSE": 46.22444631046864,
    "f_aleatoric": 0.05711800521890403,
    "N_with_uncertainty": 3449
  },
  "_n_train": 3071,
  "_n_trainable": 330497,
  "_best_epoch": 208,
  "_val_RMSE": 0.6103900219905313,
  "_elapsed_s": 7.623492956161499,
  "_protocol": "qm",
  "_variant": "full",
  "_fraction": 0.05,
  "_seed": 42
}