{
  "eval": {
    "RMSE": 0.6289456597954085,
    "MAE": 0.41956361282372084,
    "R2": 0.7004192157512672,
    "N": 6969,
    "PS_RMSE": 0.6252705121862433,
    "PS_R2": 0.6404461613747463,
    "N_solvents": 25
  },
  "ood": {
    "RMSE": 0.7692484918624185,
    "MAE": 0.5557320801845422,
    "R2": 0.4746863692815313,
    "N": 11940,
    "PS_RMSE": 0.6593995364435822,
    "PS_R2": -25.94043189142386,
    "N_solvents": 146
  },
  "sc3_gold": {
    "RMSE": 0.712921213050739,
    "MAE": 0.5674092870100113,
    "R2": 0.6304825360675227,
    "N": 4507,
    "PS_RMSE": 0.7068214574989315,
    "PS_R2": -5.975561800726482,
    "N_solvents": 26,
    "Z_RMSE": 41.181870510220065,
    "f_aleatoric": 0.048999710060887214,
    "N_with_uncertainty": 3449
  },
  "_n_train": 3071,
  "_n_trainable": 330497,
  "_best_epoch": 104,
  "_val_RMSE": 0.6289456597954085,
  "_elapsed_s": 4.420689105987549,
  "_protocol": "qm",
  "_variant": "full",
  "_fraction": 0.05,
  "_seed": 456
}