{
  "eval": {
    "RMSE": 0.6144844139378315,
    "MAE": 0.4099996867100924,
    "R2": 0.7140372612566722,
    "N": 6969,
    "PS_RMSE": 0.616026947539701,
    "PS_R2": 0.6562129506829838,
    "N_solvents": 25
  },
  "ood": {
    "RMSE": 0.722502557336744,
    "MAE": 0.5201829893536366,
    "R2": 0.536591345542667,
    "N": 11940,
    "PS_RMSE": 0.6467408677070778,
    "PS_R2": -10.811967826903533,
    "N_solvents": 146
  },
  "sc3_gold": {
    "RMSE": 0.8436102598114781,
    "MAE": 0.6383167408764259,
    "R2": 0.4825890688842174,
    "N": 4507,
    "PS_RMSE": 0.8345149575940728,
    "PS_R2": -8.790804245473204,
    "N_solvents": 26,
    "Z_RMSE": 48.86755296063085,
    "f_aleatoric": 0.07103508263264714,
    "N_with_uncertainty": 3449
  },
  "_n_train": 3071,
  "_n_trainable": 330497,
  "_best_epoch": 143,
  "_val_RMSE": 0.6144844139378315,
  "_elapsed_s": 5.598884582519531,
  "_protocol": "qm",
  "_variant": "full",
  "_fraction": 0.05,
  "_seed": 101
}