{
  "eval": {
    "RMSE": 0.6037326063524516,
    "MAE": 0.4130567427857989,
    "R2": 0.7239568541984915,
    "N": 6969,
    "PS_RMSE": 0.6155162961997577,
    "PS_R2": 0.654847442241088,
    "N_solvents": 25
  },
  "ood": {
    "RMSE": 0.7727835693953469,
    "MAE": 0.5527185843742685,
    "R2": 0.4698471231692306,
    "N": 11940,
    "PS_RMSE": 0.6453081490767241,
    "PS_R2": -26.469291599897097,
    "N_solvents": 146
  },
  "sc3_gold": {
    "RMSE": 0.7584817303737809,
    "MAE": 0.5948034626961625,
    "R2": 0.5817440358423107,
    "N": 4507,
    "PS_RMSE": 0.7485921200325424,
    "PS_R2": -7.384903719651736,
    "N_solvents": 26,
    "Z_RMSE": 41.200499392845806,
    "f_aleatoric": 0.05102928385039142,
    "N_with_uncertainty": 3449
  },
  "_n_train": 3071,
  "_n_trainable": 330497,
  "_best_epoch": 117,
  "_val_RMSE": 0.6037326063524516,
  "_elapsed_s": 4.83777117729187,
  "_protocol": "qm",
  "_variant": "full",
  "_fraction": 0.05,
  "_seed": 123
}