{
  "eval": {
    "RMSE": 0.6229663352792097,
    "MAE": 0.42665408105977654,
    "R2": 0.7060883093771084,
    "N": 6969,
    "PS_RMSE": 0.6250541421623381,
    "PS_R2": 0.6400525159441657,
    "N_solvents": 25
  },
  "ood": {
    "RMSE": 0.7339149372814999,
    "MAE": 0.5408410640099699,
    "R2": 0.5218360649731517,
    "N": 11940,
    "PS_RMSE": 0.6832222909813034,
    "PS_R2": -17.509699218281476,
    "N_solvents": 146
  },
  "sc3_gold": {
    "RMSE": 0.8117524478105714,
    "MAE": 0.6180179343502706,
    "R2": 0.520929854370151,
    "N": 4507,
    "PS_RMSE": 0.8735572253283822,
    "PS_R2": -19.403901831657148,
    "N_solvents": 26,
    "Z_RMSE": 45.13204538053927,
    "f_aleatoric": 0.053058857639895624,
    "N_with_uncertainty": 3449
  },
  "_n_train": 3071,
  "_n_trainable": 330497,
  "_best_epoch": 156,
  "_val_RMSE": 0.6229663352792097,
  "_elapsed_s": 6.04111647605896,
  "_protocol": "qm",
  "_variant": "full",
  "_fraction": 0.05,
  "_seed": 789
}