{
  "eval": {
    "solute": {
      "sum_mean_abs": 2.2545809745788574,
      "n_features": 1611,
      "share": 0.7344058156013489
    },
    "solvent": {
      "sum_mean_abs": 0.6279191970825195,
      "n_features": 1611,
      "share": 0.2045380175113678
    },
    "T": {
      "sum_mean_abs": 0.18743863701820374,
      "n_features": 4,
      "share": 0.061056144535541534
    }
  },
  "ood": {
    "solute": {
      "sum_mean_abs": 2.2604846954345703,
      "n_features": 1611,
      "share": 0.7036840319633484
    },
    "solvent": {
      "sum_mean_abs": 0.7515437602996826,
      "n_features": 1611,
      "share": 0.23395395278930664
    },
    "T": {
      "sum_mean_abs": 0.2003289759159088,
      "n_features": 4,
      "share": 0.062361981719732285
    }
  }
}