{
  "train_time_s": 984.0724105834961,
  "best_epoch": 77,
  "best_val_loss": 0.31592482328414917,
  "eval": {
    "RMSE": 0.562071918880379,
    "MAE": 0.35419599503878085,
    "R2": 0.7607392381427974,
    "N": 6969,
    "PS_RMSE": 0.539789512762297,
    "PS_R2": 0.730095349757254,
    "N_solvents": 25
  },
  "test_hard": {
    "RMSE": 1.0881126635423157,
    "MAE": 0.8523123359945787,
    "R2": 0.1392052229711056,
    "N": 4507,
    "PS_RMSE": 1.0199779827527335,
    "PS_R2": -13.00353088448824,
    "N_solvents": 26,
    "Z_RMSE": 63.423858450612286,
    "f_aleatoric": 0.040881414902870394,
    "N_with_uncertainty": 3449
  },
  "test_medium": {
    "RMSE": 1.04171922158438,
    "MAE": 0.8064009347464837,
    "R2": 0.15690223160777872,
    "N": 5475,
    "PS_RMSE": 0.9940974316995126,
    "PS_R2": -10.862030838493729,
    "N_solvents": 27,
    "Z_RMSE": 57.86637232910767,
    "f_aleatoric": 0.06457739791073125,
    "N_with_uncertainty": 4212
  },
  "test_easy": {
    "RMSE": 1.0268332683350678,
    "MAE": 0.7919297341830703,
    "R2": 0.14945867974693172,
    "N": 6331,
    "PS_RMSE": 0.9530804151918362,
    "PS_R2": -5.398638703418866,
    "N_solvents": 30,
    "Z_RMSE": 53.87150021081494,
    "f_aleatoric": 0.1141159598442942,
    "N_with_uncertainty": 4881
  },
  "artifacts": {
    "seed_dir": "/DATATWO/users/solubility/Dhairya/sc3-benchmark-gnn-runner/results/hpo_gin_trial_017/seed_42",
    "checkpoints_dir": "/DATATWO/users/solubility/Dhairya/sc3-benchmark-gnn-runner/results/hpo_gin_trial_017/seed_42/checkpoints",
    "predictions_dir": "/DATATWO/users/solubility/Dhairya/sc3-benchmark-gnn-runner/results/hpo_gin_trial_017/seed_42/predictions",
    "epoch_history_json": "/DATATWO/users/solubility/Dhairya/sc3-benchmark-gnn-runner/results/hpo_gin_trial_017/seed_42/epoch_history.json",
    "best_model_pkl": "/DATATWO/users/solubility/Dhairya/sc3-benchmark-gnn-runner/results/hpo_gin_trial_017/seed_42/best_model.pkl",
    "run_config_json": "/DATATWO/users/solubility/Dhairya/sc3-benchmark-gnn-runner/results/hpo_gin_trial_017/seed_42/run_config.json"
  }
}