{
  "train_time_s": 39.32646942138672,
  "best_epoch": 53,
  "best_val_loss": 0.22716237604618073,
  "eval": {
    "RMSE": 0.47661555483808515,
    "MAE": 0.29694886182354263,
    "R2": 0.8279621017990132,
    "N": 6969,
    "PS_RMSE": 0.4601422746253931,
    "PS_R2": 0.8000004907803776,
    "N_solvents": 25
  },
  "test_hard": {
    "RMSE": 0.8558061106838062,
    "MAE": 0.62476598850615,
    "R2": 0.4675207848970483,
    "N": 4507,
    "PS_RMSE": 0.81503211127673,
    "PS_R2": -12.46623010488169,
    "N_solvents": 26,
    "Z_RMSE": 50.70388712692778,
    "f_aleatoric": 0.0701652652942882,
    "N_with_uncertainty": 3449
  },
  "test_medium": {
    "RMSE": 0.827689538256625,
    "MAE": 0.6089364906244636,
    "R2": 0.4677550910028515,
    "N": 5475,
    "PS_RMSE": 0.7535763546374136,
    "PS_R2": -6.455869002455298,
    "N_solvents": 27,
    "Z_RMSE": 46.181527956530346,
    "f_aleatoric": 0.09876543209876543,
    "N_with_uncertainty": 4212
  },
  "test_easy": {
    "RMSE": 0.8035755372482987,
    "MAE": 0.5899185010918065,
    "R2": 0.4791064620038046,
    "N": 6331,
    "PS_RMSE": 0.6972513284858379,
    "PS_R2": -1.589771964539833,
    "N_solvents": 30,
    "Z_RMSE": 42.94370085910913,
    "f_aleatoric": 0.16574472444171276,
    "N_with_uncertainty": 4881
  },
  "artifacts": {
    "seed_dir": "/DATATWO/users/solubility/Dhairya/sc3-benchmark-descriptor-runner/results/hpo_mlp_trial_010/seed_42",
    "checkpoints_dir": "/DATATWO/users/solubility/Dhairya/sc3-benchmark-descriptor-runner/results/hpo_mlp_trial_010/seed_42/checkpoints",
    "predictions_dir": "/DATATWO/users/solubility/Dhairya/sc3-benchmark-descriptor-runner/results/hpo_mlp_trial_010/seed_42/predictions",
    "epoch_history_json": "/DATATWO/users/solubility/Dhairya/sc3-benchmark-descriptor-runner/results/hpo_mlp_trial_010/seed_42/epoch_history.json",
    "best_model_pkl": "/DATATWO/users/solubility/Dhairya/sc3-benchmark-descriptor-runner/results/hpo_mlp_trial_010/seed_42/best_model.pkl",
    "run_config_json": "/DATATWO/users/solubility/Dhairya/sc3-benchmark-descriptor-runner/results/hpo_mlp_trial_010/seed_42/run_config.json"
  }
}