{
  "eval": {
    "RMSE": 1.0071927892491928,
    "MAE": 0.7859318332419948,
    "R2": 0.2721029059309783,
    "N": 717,
    "PS_RMSE": 1.0190641212930494,
    "PS_R2": 0.07987388427906593,
    "N_solvents": 25
  },
  "ood": {
    "RMSE": 0.9954682209250327,
    "MAE": 0.7888602574381112,
    "R2": 0.1460966300465475,
    "N": 1159,
    "PS_RMSE": 0.8739053232535208,
    "PS_R2": -5.944129881105406,
    "N_solvents": 77
  },
  "sc3_gold": {
    "RMSE": 0.9297322473976394,
    "MAE": 0.7157333235699661,
    "R2": 0.34286538920577236,
    "N": 666,
    "PS_RMSE": 0.8493102599835844,
    "PS_R2": -10731.507763354422,
    "N_solvents": 25
  },
  "_n_train": 7898,
  "_n_trainable": 129,
  "_best_epoch": 173,
  "_val_RMSE": 1.0071927892491928,
  "_elapsed_s": 11.669821977615356,
  "_protocol": "qm",
  "_variant": "head_only",
  "_fraction": 1.0,
  "_seed": 123,
  "_approach": "interp"
}