{
  "eval": {
    "RMSE": 0.995682197724449,
    "MAE": 0.7858855022274015,
    "R2": 0.2886452197376397,
    "N": 717,
    "PS_RMSE": 1.0063167760025422,
    "PS_R2": 0.105299032879073,
    "N_solvents": 25
  },
  "ood": {
    "RMSE": 0.9981032323719741,
    "MAE": 0.79476432548188,
    "R2": 0.14157007048432846,
    "N": 1159,
    "PS_RMSE": 0.8743125683709706,
    "PS_R2": -6.721977671813861,
    "N_solvents": 77
  },
  "sc3_gold": {
    "RMSE": 0.9044850487200667,
    "MAE": 0.7094974422277799,
    "R2": 0.378070242162287,
    "N": 666,
    "PS_RMSE": 0.7985347646026022,
    "PS_R2": -6682.060561455953,
    "N_solvents": 25
  },
  "_n_train": 7898,
  "_n_trainable": 129,
  "_best_epoch": 171,
  "_val_RMSE": 0.995682197724449,
  "_elapsed_s": 10.331022262573242,
  "_protocol": "qm",
  "_variant": "head_only",
  "_fraction": 1.0,
  "_seed": 789,
  "_approach": "interp"
}