{
  "eval": {
    "RMSE": 1.0126326227994031,
    "MAE": 0.8033438434637953,
    "R2": 0.2642189495482441,
    "N": 717,
    "PS_RMSE": 1.024931818591698,
    "PS_R2": 0.07158348771251537,
    "N_solvents": 25
  },
  "ood": {
    "RMSE": 1.0069677483773538,
    "MAE": 0.8017206698670848,
    "R2": 0.1262543050287369,
    "N": 1159,
    "PS_RMSE": 0.8781601843221574,
    "PS_R2": -5.538273106750946,
    "N_solvents": 77
  },
  "sc3_gold": {
    "RMSE": 0.9696711179818019,
    "MAE": 0.7544445766201774,
    "R2": 0.285195178884166,
    "N": 666,
    "PS_RMSE": 0.8520691562053914,
    "PS_R2": -10326.631217123846,
    "N_solvents": 25
  },
  "_n_train": 7898,
  "_n_trainable": 129,
  "_best_epoch": 173,
  "_val_RMSE": 1.0126326227994031,
  "_elapsed_s": 11.302394390106201,
  "_protocol": "qm",
  "_variant": "head_only",
  "_fraction": 1.0,
  "_seed": 42,
  "_approach": "interp"
}