{
  "eval": {
    "RMSE": 1.0159294051612044,
    "MAE": 0.7972109755439453,
    "R2": 0.25942025242575084,
    "N": 717,
    "PS_RMSE": 1.0211771676538024,
    "PS_R2": 0.08184003512066436,
    "N_solvents": 25
  },
  "ood": {
    "RMSE": 1.0133398821997355,
    "MAE": 0.80827813931375,
    "R2": 0.11516111841207832,
    "N": 1159,
    "PS_RMSE": 0.8903278994889109,
    "PS_R2": -6.091865455498121,
    "N_solvents": 77
  },
  "sc3_gold": {
    "RMSE": 0.9710900411369273,
    "MAE": 0.7395923729453169,
    "R2": 0.28310169548896924,
    "N": 666,
    "PS_RMSE": 0.8512846277983281,
    "PS_R2": -9963.299233963084,
    "N_solvents": 25
  },
  "_n_train": 7898,
  "_n_trainable": 129,
  "_best_epoch": 149,
  "_val_RMSE": 1.0159294051612044,
  "_elapsed_s": 9.372947692871094,
  "_protocol": "qm",
  "_variant": "head_only",
  "_fraction": 1.0,
  "_seed": 456,
  "_approach": "interp"
}