{
  "eval": {
    "RMSE": 1.0351722062944904,
    "MAE": 0.8076607070767776,
    "R2": 0.23109979672469505,
    "N": 717,
    "PS_RMSE": 1.039451793081704,
    "PS_R2": 0.045625921068031226,
    "N_solvents": 25
  },
  "ood": {
    "RMSE": 1.0118846390195706,
    "MAE": 0.8008035363092986,
    "R2": 0.11770070296491386,
    "N": 1159,
    "PS_RMSE": 0.8934210710808788,
    "PS_R2": -6.102902274652814,
    "N_solvents": 77
  },
  "sc3_gold": {
    "RMSE": 0.9802471064812651,
    "MAE": 0.7462997687330285,
    "R2": 0.2695177109607373,
    "N": 666,
    "PS_RMSE": 0.8475853232712606,
    "PS_R2": -8961.24672974377,
    "N_solvents": 25
  },
  "_n_train": 7898,
  "_n_trainable": 129,
  "_best_epoch": 209,
  "_val_RMSE": 1.0351722062944904,
  "_elapsed_s": 13.796282052993774,
  "_protocol": "qm",
  "_variant": "head_only",
  "_fraction": 1.0,
  "_seed": 101,
  "_approach": "interp"
}