{
  "eval": {
    "RMSE": 0.4701503280852346,
    "MAE": 0.2938480071665314,
    "R2": 0.8325977883762179,
    "N": 6969,
    "PS_RMSE": 0.45888348170699844,
    "PS_R2": 0.8041680692394679,
    "N_solvents": 25
  },
  "ood": {
    "RMSE": 0.6408526792926612,
    "MAE": 0.44085567601539444,
    "R2": 0.6354125024658396,
    "N": 11940,
    "PS_RMSE": 0.5726615478089849,
    "PS_R2": -11.224982419446976,
    "N_solvents": 146
  },
  "sc3_gold": {
    "RMSE": 0.7482276856132466,
    "MAE": 0.5757128009547635,
    "R2": 0.5929765404405343,
    "N": 4507,
    "PS_RMSE": 0.7578745775544962,
    "PS_R2": -11.247650058802682,
    "N_solvents": 26,
    "Z_RMSE": 43.16017857353648,
    "f_aleatoric": 0.05972745723398087,
    "N_with_uncertainty": 3449
  },
  "_n_train": 15352,
  "_n_trainable": 330497,
  "_best_epoch": 109,
  "_val_RMSE": 0.4701503280852346,
  "_elapsed_s": 22.584275245666504,
  "_protocol": "qm",
  "_variant": "full",
  "_fraction": 0.25,
  "_seed": 789
}