{
  "eval": {
    "RMSE": 0.4785025888797473,
    "MAE": 0.2999234349453849,
    "R2": 0.8265971273110563,
    "N": 6969,
    "PS_RMSE": 0.4630342338366116,
    "PS_R2": 0.8002475623439917,
    "N_solvents": 25
  },
  "ood": {
    "RMSE": 0.6296040064413798,
    "MAE": 0.44868908181925693,
    "R2": 0.6480991394244878,
    "N": 11940,
    "PS_RMSE": 0.5597789627663042,
    "PS_R2": -9.143377131626398,
    "N_solvents": 146
  },
  "sc3_gold": {
    "RMSE": 0.8100852912090312,
    "MAE": 0.626735502912759,
    "R2": 0.5228956379007847,
    "N": 4507,
    "PS_RMSE": 0.790999307536375,
    "PS_R2": -12.36849218947231,
    "N_solvents": 26,
    "Z_RMSE": 45.13279025575276,
    "f_aleatoric": 0.060307335459553496,
    "N_with_uncertainty": 3449
  },
  "_n_train": 15352,
  "_n_trainable": 330497,
  "_best_epoch": 69,
  "_val_RMSE": 0.4785025888797473,
  "_elapsed_s": 16.812345027923584,
  "_protocol": "qm",
  "_variant": "full",
  "_fraction": 0.25,
  "_seed": 123
}