{
  "eval": {
    "RMSE": 0.46998505798722706,
    "MAE": 0.2946850895210976,
    "R2": 0.8327154601739695,
    "N": 6969,
    "PS_RMSE": 0.4578721571083594,
    "PS_R2": 0.8080569086562884,
    "N_solvents": 25
  },
  "ood": {
    "RMSE": 0.6550873747472363,
    "MAE": 0.45480530820862153,
    "R2": 0.6190361017732162,
    "N": 11940,
    "PS_RMSE": 0.5950625359731294,
    "PS_R2": -12.48203628789034,
    "N_solvents": 146
  },
  "sc3_gold": {
    "RMSE": 0.7990196282767509,
    "MAE": 0.6189522280758257,
    "R2": 0.5358409848236589,
    "N": 4507,
    "PS_RMSE": 0.8225982669566908,
    "PS_R2": -13.940514423508832,
    "N_solvents": 26,
    "Z_RMSE": 45.08204607355368,
    "f_aleatoric": 0.056248187880545086,
    "N_with_uncertainty": 3449
  },
  "_n_train": 15352,
  "_n_trainable": 330497,
  "_best_epoch": 72,
  "_val_RMSE": 0.46998505798722706,
  "_elapsed_s": 17.263221979141235,
  "_protocol": "qm",
  "_variant": "full",
  "_fraction": 0.25,
  "_seed": 101
}