{
  "eval": {
    "RMSE": 0.48904668808554597,
    "MAE": 0.3011995509195676,
    "R2": 0.8188708502010532,
    "N": 6969,
    "PS_RMSE": 0.4697059151195516,
    "PS_R2": 0.7932725486922672,
    "N_solvents": 25
  },
  "ood": {
    "RMSE": 0.6473864913304292,
    "MAE": 0.45745948469934294,
    "R2": 0.6279403022533383,
    "N": 11940,
    "PS_RMSE": 0.5732240272110855,
    "PS_R2": -10.899251918642864,
    "N_solvents": 146
  },
  "sc3_gold": {
    "RMSE": 0.7507316019770566,
    "MAE": 0.5942980139079317,
    "R2": 0.5902478042578359,
    "N": 4507,
    "PS_RMSE": 0.7553559531535089,
    "PS_R2": -11.396230047836637,
    "N_solvents": 26,
    "Z_RMSE": 43.04291328805576,
    "f_aleatoric": 0.053928674978254564,
    "N_with_uncertainty": 3449
  },
  "_n_train": 15352,
  "_n_trainable": 330497,
  "_best_epoch": 86,
  "_val_RMSE": 0.48904668808554597,
  "_elapsed_s": 19.450462818145752,
  "_protocol": "qm",
  "_variant": "full",
  "_fraction": 0.25,
  "_seed": 456
}