{
  "eval": {
    "RMSE": 0.47480735086633824,
    "MAE": 0.29742981457302803,
    "R2": 0.8292649947250408,
    "N": 6969,
    "PS_RMSE": 0.4585505072595923,
    "PS_R2": 0.805593959937113,
    "N_solvents": 25
  },
  "ood": {
    "RMSE": 0.6768511271691285,
    "MAE": 0.46828541361230275,
    "R2": 0.5933023378237599,
    "N": 11940,
    "PS_RMSE": 0.597554139303018,
    "PS_R2": -10.401550611919319,
    "N_solvents": 146
  },
  "sc3_gold": {
    "RMSE": 0.8141387344658305,
    "MAE": 0.626023680861877,
    "R2": 0.518109095372411,
    "N": 4507,
    "PS_RMSE": 0.8260483353060072,
    "PS_R2": -12.195639761258981,
    "N_solvents": 26,
    "Z_RMSE": 47.0950967867998,
    "f_aleatoric": 0.06204697013627138,
    "N_with_uncertainty": 3449
  },
  "_n_train": 15352,
  "_n_trainable": 330497,
  "_best_epoch": 98,
  "_val_RMSE": 0.47480735086633824,
  "_elapsed_s": 21.337553024291992,
  "_protocol": "qm",
  "_variant": "full",
  "_fraction": 0.25,
  "_seed": 42
}