{
  "eval": {
    "RMSE": 1.0223893853362662,
    "MAE": 0.7981819965577521,
    "R2": 0.208373419467624,
    "N": 6969,
    "PS_RMSE": 1.0208802746632957,
    "PS_R2": 0.05319745824097562,
    "N_solvents": 25
  },
  "ood": {
    "RMSE": 0.9954299894418072,
    "MAE": 0.8025611320988928,
    "R2": 0.12035628450876867,
    "N": 11940,
    "PS_RMSE": 0.8873721784578426,
    "PS_R2": -47.28962672112084,
    "N_solvents": 146
  },
  "sc3_gold": {
    "RMSE": 1.0230351295017737,
    "MAE": 0.7824551989046138,
    "R2": 0.23909053242682599,
    "N": 4507,
    "PS_RMSE": 0.8914887040760155,
    "PS_R2": -11.587653259166455,
    "N_solvents": 26,
    "Z_RMSE": 59.83906648560046,
    "f_aleatoric": 0.048709770948100896,
    "N_with_uncertainty": 3449
  },
  "_n_train": 15352,
  "_n_trainable": 129,
  "_best_epoch": 132,
  "_val_RMSE": 1.0223893853362662,
  "_elapsed_s": 12.716960906982422,
  "_protocol": "qm",
  "_variant": "head_only",
  "_fraction": 0.25,
  "_seed": 101
}