{
  "eval": {
    "RMSE": 1.0097895375873935,
    "MAE": 0.7960817663755523,
    "R2": 0.22776507752158737,
    "N": 6969,
    "PS_RMSE": 1.0141421580462913,
    "PS_R2": 0.06490905952705163,
    "N_solvents": 25
  },
  "ood": {
    "RMSE": 0.9887053993160848,
    "MAE": 0.7966965642030253,
    "R2": 0.13220094139628025,
    "N": 11940,
    "PS_RMSE": 0.8664048422635753,
    "PS_R2": -43.67868220601041,
    "N_solvents": 146
  },
  "sc3_gold": {
    "RMSE": 1.0276357280813455,
    "MAE": 0.7926597212384531,
    "R2": 0.23223151044844326,
    "N": 4507,
    "PS_RMSE": 0.8937150334362555,
    "PS_R2": -12.76018080422794,
    "N_solvents": 26,
    "Z_RMSE": 60.65587174224353,
    "f_aleatoric": 0.052768918527109306,
    "N_with_uncertainty": 3449
  },
  "_n_train": 15352,
  "_n_trainable": 129,
  "_best_epoch": 102,
  "_val_RMSE": 1.0097895375873935,
  "_elapsed_s": 10.417139530181885,
  "_protocol": "qm",
  "_variant": "head_only",
  "_fraction": 0.25,
  "_seed": 42
}