{
  "eval": {
    "RMSE": 0.994886656037665,
    "MAE": 0.7771599112233398,
    "R2": 0.2503907859892621,
    "N": 6969,
    "PS_RMSE": 0.999438812603002,
    "PS_R2": 0.08690855624926405,
    "N_solvents": 25
  },
  "ood": {
    "RMSE": 0.9755127139423647,
    "MAE": 0.7850577589086501,
    "R2": 0.15520520205382027,
    "N": 11940,
    "PS_RMSE": 0.860659028080804,
    "PS_R2": -46.356480382920076,
    "N_solvents": 146
  },
  "sc3_gold": {
    "RMSE": 0.9652765733787321,
    "MAE": 0.7422113852452769,
    "R2": 0.3225840369862282,
    "N": 4507,
    "PS_RMSE": 0.8853843309882536,
    "PS_R2": -13.02834599605511,
    "N_solvents": 26,
    "Z_RMSE": 56.05871497030379,
    "f_aleatoric": 0.0565381269933314,
    "N_with_uncertainty": 3449
  },
  "_n_train": 15352,
  "_n_trainable": 129,
  "_best_epoch": 136,
  "_val_RMSE": 0.994886656037665,
  "_elapsed_s": 13.019134283065796,
  "_protocol": "qm",
  "_variant": "head_only",
  "_fraction": 0.25,
  "_seed": 123
}