{
  "eval": {
    "RMSE": 1.0132534028026692,
    "MAE": 0.790500850206544,
    "R2": 0.22245802005990856,
    "N": 6969,
    "PS_RMSE": 1.0100261820639054,
    "PS_R2": 0.06986860995406437,
    "N_solvents": 25
  },
  "ood": {
    "RMSE": 0.9920773347716915,
    "MAE": 0.8001182602463692,
    "R2": 0.12627166824987246,
    "N": 11940,
    "PS_RMSE": 0.8725233066072997,
    "PS_R2": -42.941543587740696,
    "N_solvents": 146
  },
  "sc3_gold": {
    "RMSE": 1.0213184150461467,
    "MAE": 0.7683704382288545,
    "R2": 0.24164209346274157,
    "N": 4507,
    "PS_RMSE": 0.8758912284898742,
    "PS_R2": -12.135741769965595,
    "N_solvents": 26,
    "Z_RMSE": 60.742427742415316,
    "f_aleatoric": 0.06001739634676718,
    "N_with_uncertainty": 3449
  },
  "_n_train": 15352,
  "_n_trainable": 129,
  "_best_epoch": 138,
  "_val_RMSE": 1.0132534028026692,
  "_elapsed_s": 13.154361963272095,
  "_protocol": "qm",
  "_variant": "head_only",
  "_fraction": 0.25,
  "_seed": 456
}