{
  "eval": {
    "RMSE": 0.9908017444093471,
    "MAE": 0.7766581741861605,
    "R2": 0.25653379947553256,
    "N": 6969,
    "PS_RMSE": 0.9904647900394182,
    "PS_R2": 0.10818875969884237,
    "N_solvents": 25
  },
  "ood": {
    "RMSE": 0.9722399533157732,
    "MAE": 0.7838747218043248,
    "R2": 0.16086412020403285,
    "N": 11940,
    "PS_RMSE": 0.8537977499298891,
    "PS_R2": -41.037608496641084,
    "N_solvents": 146
  },
  "sc3_gold": {
    "RMSE": 0.9610042022888415,
    "MAE": 0.7467316660754074,
    "R2": 0.3285673324830175,
    "N": 4507,
    "PS_RMSE": 0.8302214312485537,
    "PS_R2": -8.944756729077621,
    "N_solvents": 26,
    "Z_RMSE": 55.87253197117382,
    "f_aleatoric": 0.05943751812119455,
    "N_with_uncertainty": 3449
  },
  "_n_train": 15352,
  "_n_trainable": 129,
  "_best_epoch": 165,
  "_val_RMSE": 0.9908017444093471,
  "_elapsed_s": 15.046430349349976,
  "_protocol": "qm",
  "_variant": "head_only",
  "_fraction": 0.25,
  "_seed": 789
}