{
  "eval": {
    "RMSE": 0.5060251575836173,
    "MAE": 0.31781218211475704,
    "R2": 0.8162662295524908,
    "N": 717,
    "PS_RMSE": 0.4864040915957489,
    "PS_R2": 0.7787379927486144,
    "N_solvents": 25
  },
  "ood": {
    "RMSE": 0.6827880604982971,
    "MAE": 0.4747244551848854,
    "R2": 0.5982778637495745,
    "N": 1159,
    "PS_RMSE": 0.6268565954003368,
    "PS_R2": -2.861215782452835,
    "N_solvents": 77
  },
  "sc3_gold": {
    "RMSE": 0.4606647817822604,
    "MAE": 0.3196303711556648,
    "R2": 0.8386724362992612,
    "N": 666,
    "PS_RMSE": 0.3687322723621157,
    "PS_R2": -228.87526415518056,
    "N_solvents": 25
  },
  "_n_train": 7898,
  "_n_trainable": 330497,
  "_best_epoch": 129,
  "_val_RMSE": 0.5060251575836173,
  "_elapsed_s": 15.536179542541504,
  "_protocol": "scratch",
  "_variant": "full",
  "_fraction": 1.0,
  "_seed": 42,
  "_approach": "interp"
}