{
  "eval": {
    "RMSE": 0.49373572960967643,
    "MAE": 0.3164082843803176,
    "R2": 0.8250822498341429,
    "N": 717,
    "PS_RMSE": 0.47856327412584065,
    "PS_R2": 0.7887735779436624,
    "N_solvents": 25
  },
  "ood": {
    "RMSE": 0.675076383690585,
    "MAE": 0.47221029495160083,
    "R2": 0.6073010342459106,
    "N": 1159,
    "PS_RMSE": 0.6038554650311343,
    "PS_R2": -3.671926241713931,
    "N_solvents": 77
  },
  "sc3_gold": {
    "RMSE": 0.4618723152461615,
    "MAE": 0.3143620824800698,
    "R2": 0.8378255569036734,
    "N": 666,
    "PS_RMSE": 0.3795428531523465,
    "PS_R2": -510.2242152162243,
    "N_solvents": 25
  },
  "_n_train": 7898,
  "_n_trainable": 330497,
  "_best_epoch": 134,
  "_val_RMSE": 0.49373572960967643,
  "_elapsed_s": 16.328675031661987,
  "_protocol": "scratch",
  "_variant": "full",
  "_fraction": 1.0,
  "_seed": 101,
  "_approach": "interp"
}