{
  "eval": {
    "RMSE": 0.4888048008716028,
    "MAE": 0.3129499887101316,
    "R2": 0.8285586036398078,
    "N": 717,
    "PS_RMSE": 0.4749371954369469,
    "PS_R2": 0.789831533053507,
    "N_solvents": 25
  },
  "ood": {
    "RMSE": 0.6757608480019893,
    "MAE": 0.4718227913475923,
    "R2": 0.6065043105066614,
    "N": 1159,
    "PS_RMSE": 0.6183692247070344,
    "PS_R2": -3.516514041452378,
    "N_solvents": 77
  },
  "sc3_gold": {
    "RMSE": 0.4654113885297053,
    "MAE": 0.31930828814299683,
    "R2": 0.835330728178593,
    "N": 666,
    "PS_RMSE": 0.38305550440837116,
    "PS_R2": -694.3762215789158,
    "N_solvents": 25
  },
  "_n_train": 7898,
  "_n_trainable": 330497,
  "_best_epoch": 145,
  "_val_RMSE": 0.4888048008716028,
  "_elapsed_s": 16.507222414016724,
  "_protocol": "scratch",
  "_variant": "full",
  "_fraction": 1.0,
  "_seed": 789,
  "_approach": "interp"
}