{
  "eval": {
    "RMSE": 0.4999678867037702,
    "MAE": 0.3102849631695625,
    "R2": 0.8206385979167983,
    "N": 717,
    "PS_RMSE": 0.4734740182899108,
    "PS_R2": 0.7898601970897817,
    "N_solvents": 25
  },
  "ood": {
    "RMSE": 0.6815054780318361,
    "MAE": 0.47986646594668114,
    "R2": 0.5997856752373953,
    "N": 1159,
    "PS_RMSE": 0.6147435254632239,
    "PS_R2": -3.1193663822321374,
    "N_solvents": 77
  },
  "sc3_gold": {
    "RMSE": 0.4713334009272359,
    "MAE": 0.31570843599601045,
    "R2": 0.8311134800814326,
    "N": 666,
    "PS_RMSE": 0.3865774911761663,
    "PS_R2": -483.6643676303907,
    "N_solvents": 25
  },
  "_n_train": 7898,
  "_n_trainable": 330497,
  "_best_epoch": 190,
  "_val_RMSE": 0.4999678867037702,
  "_elapsed_s": 20.964038133621216,
  "_protocol": "scratch",
  "_variant": "full",
  "_fraction": 1.0,
  "_seed": 456,
  "_approach": "interp"
}