{
  "eval": {
    "RMSE": 0.4980269679555849,
    "MAE": 0.3168818687333633,
    "R2": 0.8220284879067076,
    "N": 717,
    "PS_RMSE": 0.47794045343353,
    "PS_R2": 0.7861906810866064,
    "N_solvents": 25
  },
  "ood": {
    "RMSE": 0.7050788099453142,
    "MAE": 0.4908431533309133,
    "R2": 0.5716199347948463,
    "N": 1159,
    "PS_RMSE": 0.635331429308778,
    "PS_R2": -2.6241295133811198,
    "N_solvents": 77
  },
  "sc3_gold": {
    "RMSE": 0.4825834088915978,
    "MAE": 0.33316473643695405,
    "R2": 0.822955138506104,
    "N": 666,
    "PS_RMSE": 0.4075087823671884,
    "PS_R2": -280.3962405009474,
    "N_solvents": 25
  },
  "_n_train": 7898,
  "_n_trainable": 330497,
  "_best_epoch": 139,
  "_val_RMSE": 0.4980269679555849,
  "_elapsed_s": 16.248480796813965,
  "_protocol": "scratch",
  "_variant": "full",
  "_fraction": 1.0,
  "_seed": 123,
  "_approach": "interp"
}