{
  "eval": {
    "RMSE": 0.570539339270154,
    "MAE": 0.3827250773209478,
    "R2": 0.753476177517642,
    "N": 6969,
    "PS_RMSE": 0.5563111564107376,
    "PS_R2": 0.713299161872214,
    "N_solvents": 25,
    "train_time_s": 16.957526683807373
  },
  "ood": {
    "RMSE": 0.7760919169878128,
    "MAE": 0.5867272141683383,
    "R2": 0.4652981550016154,
    "N": 11940,
    "PS_RMSE": 0.6446730563435474,
    "PS_R2": -11.08344598607433,
    "N_solvents": 146,
    "train_time_s": 16.957526683807373
  },
  "sc3_gold": {
    "RMSE": 0.9527357741749984,
    "MAE": 0.7623461464332372,
    "R2": 0.34007156642538006,
    "N": 4507,
    "PS_RMSE": 0.9630541021421697,
    "PS_R2": -21.147075353027624,
    "N_solvents": 26,
    "Z_RMSE": 55.94622501451362,
    "f_aleatoric": 0.05537837054218614,
    "N_with_uncertainty": 3449,
    "train_time_s": 16.957526683807373
  },
  "sc3_silver": {
    "RMSE": 0.9086868666273763,
    "MAE": 0.7142506739959509,
    "R2": 0.35848755314016645,
    "N": 5475,
    "PS_RMSE": 0.8992138061359038,
    "PS_R2": -14.581621051077878,
    "N_solvents": 27,
    "Z_RMSE": 50.91164756553954,
    "f_aleatoric": 0.102326685660019,
    "N_with_uncertainty": 4212,
    "train_time_s": 16.957526683807373
  },
  "sc3_bronze": {
    "RMSE": 0.8913152021855445,
    "MAE": 0.6952565680963405,
    "R2": 0.35914735171786016,
    "N": 6331,
    "PS_RMSE": 0.8220623882421451,
    "PS_R2": -5.1013752657467135,
    "N_solvents": 30,
    "Z_RMSE": 47.40361119650711,
    "f_aleatoric": 0.16246670764187665,
    "N_with_uncertainty": 4881,
    "train_time_s": 16.957526683807373
  }
}