{
  "eval": {
    "RMSE": 0.563714464108821,
    "MAE": 0.3785346039535966,
    "R2": 0.7593388098582883,
    "N": 6969,
    "PS_RMSE": 0.5518012943337517,
    "PS_R2": 0.7171932349779042,
    "N_solvents": 25,
    "train_time_s": 16.874237060546875
  },
  "ood": {
    "RMSE": 0.7768043914167896,
    "MAE": 0.5827400278110183,
    "R2": 0.46431596139790465,
    "N": 11940,
    "PS_RMSE": 0.6448482185617962,
    "PS_R2": -11.822806135176338,
    "N_solvents": 146,
    "train_time_s": 16.874237060546875
  },
  "sc3_gold": {
    "RMSE": 0.9431036312466052,
    "MAE": 0.7565458591554334,
    "R2": 0.3533478450848344,
    "N": 4507,
    "PS_RMSE": 0.9689195161061774,
    "PS_R2": -18.790647613930165,
    "N_solvents": 26,
    "Z_RMSE": 54.69384609006433,
    "f_aleatoric": 0.040881414902870394,
    "N_with_uncertainty": 3449,
    "train_time_s": 16.874237060546875
  },
  "sc3_silver": {
    "RMSE": 0.8986203331762321,
    "MAE": 0.7108565981512289,
    "R2": 0.37262231527816425,
    "N": 5475,
    "PS_RMSE": 0.9165310571622757,
    "PS_R2": -14.241077237382447,
    "N_solvents": 27,
    "Z_RMSE": 49.77116680512149,
    "f_aleatoric": 0.08167141500474834,
    "N_with_uncertainty": 4212,
    "train_time_s": 16.874237060546875
  },
  "sc3_bronze": {
    "RMSE": 0.8779181741605664,
    "MAE": 0.6901884304124374,
    "R2": 0.37826740706726736,
    "N": 6331,
    "PS_RMSE": 0.8204217562992896,
    "PS_R2": -6.994000921643528,
    "N_solvents": 30,
    "Z_RMSE": 46.33642674489032,
    "f_aleatoric": 0.1407498463429625,
    "N_with_uncertainty": 4881,
    "train_time_s": 16.874237060546875
  }
}