{
  "eval": {
    "RMSE": 0.5645355483074289,
    "MAE": 0.3742669163352634,
    "R2": 0.758637224131949,
    "N": 6969,
    "PS_RMSE": 0.549817496044032,
    "PS_R2": 0.7174048371015259,
    "N_solvents": 25,
    "train_time_s": 19.116008043289185
  },
  "ood": {
    "RMSE": 0.7808231211750405,
    "MAE": 0.5872327449952929,
    "R2": 0.4587589949514811,
    "N": 11940,
    "PS_RMSE": 0.643462366691891,
    "PS_R2": -10.571711062290365,
    "N_solvents": 146,
    "train_time_s": 19.116008043289185
  },
  "sc3_gold": {
    "RMSE": 0.9797769786698803,
    "MAE": 0.7908594748579424,
    "R2": 0.3020788543731293,
    "N": 4507,
    "PS_RMSE": 1.0050098448502072,
    "PS_R2": -21.662205534872875,
    "N_solvents": 26,
    "Z_RMSE": 56.54676682028296,
    "f_aleatoric": 0.047839953609741956,
    "N_with_uncertainty": 3449,
    "train_time_s": 19.116008043289185
  },
  "sc3_silver": {
    "RMSE": 0.9314902932271182,
    "MAE": 0.7382851244949329,
    "R2": 0.3258861469570261,
    "N": 5475,
    "PS_RMSE": 0.9329771340129072,
    "PS_R2": -13.138109668840704,
    "N_solvents": 27,
    "Z_RMSE": 51.43009131868921,
    "f_aleatoric": 0.09449192782526115,
    "N_with_uncertainty": 4212,
    "train_time_s": 19.116008043289185
  },
  "sc3_bronze": {
    "RMSE": 0.9116316360030083,
    "MAE": 0.71437217841904,
    "R2": 0.3295994970241307,
    "N": 6331,
    "PS_RMSE": 0.8516963868649161,
    "PS_R2": -4.122031401281936,
    "N_solvents": 30,
    "Z_RMSE": 47.90769208278393,
    "f_aleatoric": 0.1552960458922352,
    "N_with_uncertainty": 4881,
    "train_time_s": 19.116008043289185
  }
}