{
  "eval": {
    "RMSE": 0.5681519733941682,
    "MAE": 0.373056155667135,
    "R2": 0.7555349705637695,
    "N": 6969,
    "PS_RMSE": 0.5521605486324684,
    "PS_R2": 0.7172923634475833,
    "N_solvents": 25,
    "train_time_s": 18.97917866706848
  },
  "ood": {
    "RMSE": 0.7774770888742525,
    "MAE": 0.5825509837423579,
    "R2": 0.46338777581034496,
    "N": 11940,
    "PS_RMSE": 0.6402062768303314,
    "PS_R2": -10.346796791714743,
    "N_solvents": 146,
    "train_time_s": 18.97917866706848
  },
  "sc3_gold": {
    "RMSE": 0.9712258337348505,
    "MAE": 0.7834134473909158,
    "R2": 0.3142081074578724,
    "N": 4507,
    "PS_RMSE": 1.0077619183687625,
    "PS_R2": -25.962219185694877,
    "N_solvents": 26,
    "Z_RMSE": 55.760306830296244,
    "f_aleatoric": 0.044940562481878804,
    "N_with_uncertainty": 3449,
    "train_time_s": 18.97917866706848
  },
  "sc3_silver": {
    "RMSE": 0.9284132157200478,
    "MAE": 0.7390737373219727,
    "R2": 0.33033251526721275,
    "N": 5475,
    "PS_RMSE": 0.9290007370895661,
    "PS_R2": -16.627786232923015,
    "N_solvents": 27,
    "Z_RMSE": 50.75741677164498,
    "f_aleatoric": 0.0852326685660019,
    "N_with_uncertainty": 4212,
    "train_time_s": 18.97917866706848
  },
  "sc3_bronze": {
    "RMSE": 0.9115621195199827,
    "MAE": 0.7208406338262151,
    "R2": 0.32970173592514085,
    "N": 6331,
    "PS_RMSE": 0.8353113840004364,
    "PS_R2": -4.457997128646755,
    "N_solvents": 30,
    "Z_RMSE": 47.28728113254707,
    "f_aleatoric": 0.1407498463429625,
    "N_with_uncertainty": 4881,
    "train_time_s": 18.97917866706848
  }
}