{
  "eval": {
    "RMSE": 0.5603959870983544,
    "MAE": 0.37777123717205147,
    "R2": 0.7621639207684394,
    "N": 6969,
    "PS_RMSE": 0.5461784729155572,
    "PS_R2": 0.7239127605592867,
    "N_solvents": 25,
    "train_time_s": 17.05858039855957
  },
  "ood": {
    "RMSE": 0.7792507592385159,
    "MAE": 0.5868859090536848,
    "R2": 0.4609366197308816,
    "N": 11940,
    "PS_RMSE": 0.6372699563651609,
    "PS_R2": -10.17116525674426,
    "N_solvents": 146,
    "train_time_s": 17.05858039855957
  },
  "sc3_gold": {
    "RMSE": 0.9554985107295693,
    "MAE": 0.7614243830869566,
    "R2": 0.3362387054793725,
    "N": 4507,
    "PS_RMSE": 0.9799682927135868,
    "PS_R2": -22.598732266586385,
    "N_solvents": 26,
    "Z_RMSE": 56.5472941839062,
    "f_aleatoric": 0.057407944331690344,
    "N_with_uncertainty": 3449,
    "train_time_s": 17.05858039855957
  },
  "sc3_silver": {
    "RMSE": 0.914646383692827,
    "MAE": 0.720501001454381,
    "R2": 0.3500453907007367,
    "N": 5475,
    "PS_RMSE": 0.9113172851244444,
    "PS_R2": -12.131570692522567,
    "N_solvents": 27,
    "Z_RMSE": 51.449477491291496,
    "f_aleatoric": 0.09449192782526115,
    "N_with_uncertainty": 4212,
    "train_time_s": 17.05858039855957
  },
  "sc3_bronze": {
    "RMSE": 0.9020313723677643,
    "MAE": 0.7036628064370308,
    "R2": 0.3436449357762601,
    "N": 6331,
    "PS_RMSE": 0.8132269462447838,
    "PS_R2": -4.550287903123581,
    "N_solvents": 30,
    "Z_RMSE": 47.92406645052003,
    "f_aleatoric": 0.15673017824216348,
    "N_with_uncertainty": 4881,
    "train_time_s": 17.05858039855957
  }
}