{
  "method": "xgb",
  "featurizer": "morgan",
  "seeds": [
    42,
    101,
    123,
    456,
    789
  ],
  "params": {
    "n_estimators": 3000,
    "max_depth": 6,
    "learning_rate": 0.1,
    "subsample": 0.8,
    "colsample_bytree": 0.8,
    "reg_alpha": 0.1,
    "reg_lambda": 5,
    "min_child_weight": 10
  },
  "aggregated": {
    "eval": {
      "RMSE_mean": 0.5654674624357853,
      "RMSE_std": 0.00353813122661735,
      "MAE_mean": 0.37727079808979885,
      "MAE_std": 0.0034171134840361083,
      "R2_mean": 0.7578302205680176,
      "R2_std": 0.0030309707122497514,
      "N_mean": 6969.0,
      "N_std": 0.0,
      "PS_RMSE_mean": 0.5512537936673094,
      "PS_RMSE_std": 0.003302142064206493,
      "PS_R2_mean": 0.7178204715917029,
      "PS_R2_std": 0.003417698127543963,
      "N_solvents_mean": 25.0,
      "N_solvents_std": 0.0,
      "train_time_s_mean": 17.797106170654295,
      "train_time_s_std": 1.0236013835074078
    },
    "ood": {
      "RMSE_mean": 0.7780894555384823,
      "RMSE_std": 0.0017226779783780647,
      "MAE_mean": 0.5852273759541384,
      "MAE_std": 0.002115264889258468,
      "R2_mean": 0.46253950137844557,
      "R2_std": 0.002381050522168565,
      "N_mean": 11940.0,
      "N_std": 0.0,
      "PS_RMSE_mean": 0.6420919749585454,
      "PS_RMSE_std": 0.002930684362567299,
      "PS_R2_mean": -10.799185046400009,
      "PS_R2_std": 0.5965589355353437,
      "N_solvents_mean": 146.0,
      "N_solvents_std": 0.0,
      "train_time_s_mean": 17.797106170654295,
      "train_time_s_std": 1.0236013835074078
    },
    "sc3_gold": {
      "RMSE_mean": 0.9604681457111808,
      "RMSE_std": 0.013225521432866398,
      "MAE_mean": 0.7709178621848971,
      "MAE_std": 0.013593840465680303,
      "R2_mean": 0.3291890157641177,
      "R2_std": 0.018499543413011032,
      "N_mean": 4507.0,
      "N_std": 0.0,
      "PS_RMSE_mean": 0.9849427348361808,
      "PS_RMSE_std": 0.01835213827063531,
      "PS_R2_mean": -22.032175990822385,
      "PS_R2_std": 2.332124054276224,
      "N_solvents_mean": 26.0,
      "N_solvents_std": 0.0,
      "Z_RMSE_mean": 55.89888778781267,
      "Z_RMSE_std": 0.6802571695086711,
      "f_aleatoric_mean": 0.04928964917367353,
      "f_aleatoric_std": 0.006240093268687553,
      "N_with_uncertainty_mean": 3449.0,
      "N_with_uncertainty_std": 0.0,
      "train_time_s_mean": 17.797106170654295,
      "train_time_s_std": 1.0236013835074078
    },
    "sc3_silver": {
      "RMSE_mean": 0.9163714184887203,
      "RMSE_std": 0.012253280099987371,
      "MAE_mean": 0.7245934270836932,
      "MAE_std": 0.011912706834997755,
      "R2_mean": 0.3474747842686613,
      "R2_std": 0.017436823443569553,
      "N_mean": 5475.0,
      "N_std": 0.0,
      "PS_RMSE_mean": 0.9178080039050194,
      "PS_RMSE_std": 0.012205605255945105,
      "PS_R2_mean": -14.144032976549322,
      "PS_R2_std": 1.5120725707252816,
      "N_solvents_mean": 27.0,
      "N_solvents_std": 0.0,
      "Z_RMSE_mean": 50.863959990457346,
      "Z_RMSE_std": 0.611744707013841,
      "f_aleatoric_mean": 0.09164292497625831,
      "f_aleatoric_std": 0.0073606898477286695,
      "N_with_uncertainty_mean": 4212.0,
      "N_with_uncertainty_std": 0.0,
      "train_time_s_mean": 17.797106170654295,
      "train_time_s_std": 1.0236013835074078
    },
    "sc3_bronze": {
      "RMSE_mean": 0.8988917008473732,
      "RMSE_std": 0.012884061068000599,
      "MAE_mean": 0.7048641234382128,
      "MAE_std": 0.011443567989640639,
      "R2_mean": 0.34807218550213187,
      "R2_std": 0.018615718570471087,
      "N_mean": 6331.0,
      "N_std": 0.0,
      "PS_RMSE_mean": 0.8285437723303142,
      "PS_RMSE_std": 0.013597240697629884,
      "PS_R2_mean": -5.045138524088503,
      "PS_R2_std": 1.0240084112157597,
      "N_solvents_mean": 30.0,
      "N_solvents_std": 0.0,
      "Z_RMSE_mean": 47.3718155214497,
      "Z_RMSE_std": 0.5783306535419119,
      "f_aleatoric_mean": 0.15119852489244007,
      "f_aleatoric_std": 0.008862398958076686,
      "N_with_uncertainty_mean": 4881.0,
      "N_with_uncertainty_std": 0.0,
      "train_time_s_mean": 17.797106170654295,
      "train_time_s_std": 1.0236013835074078
    }
  },
  "per_seed": {
    "42": {
      "eval": {
        "RMSE": 0.5603959870983544,
        "MAE": 0.37777123717205147,
        "R2": 0.7621639207684394,
        "N": 6969,
        "PS_RMSE": 0.5461784729155572,
        "PS_R2": 0.7239127605592867,
        "N_solvents": 25,
        "train_time_s": 17.05858039855957
      },
      "ood": {
        "RMSE": 0.7792507592385159,
        "MAE": 0.5868859090536848,
        "R2": 0.4609366197308816,
        "N": 11940,
        "PS_RMSE": 0.6372699563651609,
        "PS_R2": -10.17116525674426,
        "N_solvents": 146,
        "train_time_s": 17.05858039855957
      },
      "sc3_gold": {
        "RMSE": 0.9554985107295693,
        "MAE": 0.7614243830869566,
        "R2": 0.3362387054793725,
        "N": 4507,
        "PS_RMSE": 0.9799682927135868,
        "PS_R2": -22.598732266586385,
        "N_solvents": 26,
        "Z_RMSE": 56.5472941839062,
        "f_aleatoric": 0.057407944331690344,
        "N_with_uncertainty": 3449,
        "train_time_s": 17.05858039855957
      },
      "sc3_silver": {
        "RMSE": 0.914646383692827,
        "MAE": 0.720501001454381,
        "R2": 0.3500453907007367,
        "N": 5475,
        "PS_RMSE": 0.9113172851244444,
        "PS_R2": -12.131570692522567,
        "N_solvents": 27,
        "Z_RMSE": 51.449477491291496,
        "f_aleatoric": 0.09449192782526115,
        "N_with_uncertainty": 4212,
        "train_time_s": 17.05858039855957
      },
      "sc3_bronze": {
        "RMSE": 0.9020313723677643,
        "MAE": 0.7036628064370308,
        "R2": 0.3436449357762601,
        "N": 6331,
        "PS_RMSE": 0.8132269462447838,
        "PS_R2": -4.550287903123581,
        "N_solvents": 30,
        "Z_RMSE": 47.92406645052003,
        "f_aleatoric": 0.15673017824216348,
        "N_with_uncertainty": 4881,
        "train_time_s": 17.05858039855957
      }
    },
    "101": {
      "eval": {
        "RMSE": 0.5681519733941682,
        "MAE": 0.373056155667135,
        "R2": 0.7555349705637695,
        "N": 6969,
        "PS_RMSE": 0.5521605486324684,
        "PS_R2": 0.7172923634475833,
        "N_solvents": 25,
        "train_time_s": 18.97917866706848
      },
      "ood": {
        "RMSE": 0.7774770888742525,
        "MAE": 0.5825509837423579,
        "R2": 0.46338777581034496,
        "N": 11940,
        "PS_RMSE": 0.6402062768303314,
        "PS_R2": -10.346796791714743,
        "N_solvents": 146,
        "train_time_s": 18.97917866706848
      },
      "sc3_gold": {
        "RMSE": 0.9712258337348505,
        "MAE": 0.7834134473909158,
        "R2": 0.3142081074578724,
        "N": 4507,
        "PS_RMSE": 1.0077619183687625,
        "PS_R2": -25.962219185694877,
        "N_solvents": 26,
        "Z_RMSE": 55.760306830296244,
        "f_aleatoric": 0.044940562481878804,
        "N_with_uncertainty": 3449,
        "train_time_s": 18.97917866706848
      },
      "sc3_silver": {
        "RMSE": 0.9284132157200478,
        "MAE": 0.7390737373219727,
        "R2": 0.33033251526721275,
        "N": 5475,
        "PS_RMSE": 0.9290007370895661,
        "PS_R2": -16.627786232923015,
        "N_solvents": 27,
        "Z_RMSE": 50.75741677164498,
        "f_aleatoric": 0.0852326685660019,
        "N_with_uncertainty": 4212,
        "train_time_s": 18.97917866706848
      },
      "sc3_bronze": {
        "RMSE": 0.9115621195199827,
        "MAE": 0.7208406338262151,
        "R2": 0.32970173592514085,
        "N": 6331,
        "PS_RMSE": 0.8353113840004364,
        "PS_R2": -4.457997128646755,
        "N_solvents": 30,
        "Z_RMSE": 47.28728113254707,
        "f_aleatoric": 0.1407498463429625,
        "N_with_uncertainty": 4881,
        "train_time_s": 18.97917866706848
      }
    },
    "123": {
      "eval": {
        "RMSE": 0.563714464108821,