{
  "train_time_s": 19.43978977203369,
  "best_epoch": 30,
  "best_val_loss": 0.21183593571186066,
  "eval": {
    "RMSE": 0.46025638324099405,
    "MAE": 0.28936677905927205,
    "R2": 0.8395693492481178,
    "N": 6969,
    "PS_RMSE": 0.4453798670486643,
    "PS_R2": 0.8112235956654718,
    "N_solvents": 25
  },
  "test_hard": {
    "RMSE": 0.8368301684815564,
    "MAE": 0.618265160229266,
    "R2": 0.4908725056092407,
    "N": 4507,
    "PS_RMSE": 0.7789559279126704,
    "PS_R2": -8.872646499045738,
    "N_solvents": 26,
    "Z_RMSE": 48.46177919295883,
    "f_aleatoric": 0.052478979414322995,
    "N_with_uncertainty": 3449
  },
  "test_medium": {
    "RMSE": 0.8130965225619483,
    "MAE": 0.6018211502986737,
    "R2": 0.4863576885987182,
    "N": 5475,
    "PS_RMSE": 0.7582438908579535,
    "PS_R2": -5.1686515166691445,
    "N_solvents": 27,
    "Z_RMSE": 44.29414712143463,
    "f_aleatoric": 0.09401709401709402,
    "N_with_uncertainty": 4212
  },
  "test_easy": {
    "RMSE": 0.7873902038088483,
    "MAE": 0.5827220724726839,
    "R2": 0.49987844861109554,
    "N": 6331,
    "PS_RMSE": 0.6818010352720691,
    "PS_R2": -1.4824213975149179,
    "N_solvents": 30,
    "Z_RMSE": 41.17746096265091,
    "f_aleatoric": 0.15980331899200984,
    "N_with_uncertainty": 4881
  },
  "artifacts": {
    "seed_dir": "/DATATWO/users/solubility/Dhairya/sc3-benchmark-descriptor-runner/results/fastprop/seed_42",
    "checkpoints_dir": "/DATATWO/users/solubility/Dhairya/sc3-benchmark-descriptor-runner/results/fastprop/seed_42/checkpoints",
    "predictions_dir": "/DATATWO/users/solubility/Dhairya/sc3-benchmark-descriptor-runner/results/fastprop/seed_42/predictions",
    "epoch_history_json": "/DATATWO/users/solubility/Dhairya/sc3-benchmark-descriptor-runner/results/fastprop/seed_42/epoch_history.json",
    "best_model_pkl": "/DATATWO/users/solubility/Dhairya/sc3-benchmark-descriptor-runner/results/fastprop/seed_42/best_model.pkl",
    "run_config_json": "/DATATWO/users/solubility/Dhairya/sc3-benchmark-descriptor-runner/results/fastprop/seed_42/run_config.json"
  }
}