{
  "train_time_s": 950.5278766155243,
  "best_epoch": 100,
  "best_val_loss": 0.3116317689418793,
  "eval": {
    "RMSE": 0.5582398784108272,
    "MAE": 0.35836562430033575,
    "R2": 0.7639905355713257,
    "N": 6969,
    "PS_RMSE": 0.5428806016175212,
    "PS_R2": 0.7260485323767706,
    "N_solvents": 25
  },
  "test_hard": {
    "RMSE": 1.1041364344804516,
    "MAE": 0.8690350185426825,
    "R2": 0.11366606808709345,
    "N": 4507,
    "PS_RMSE": 1.0309797984558515,
    "PS_R2": -16.86548752484288,
    "N_solvents": 26,
    "Z_RMSE": 61.09223599203372,
    "f_aleatoric": 0.03769208466222093,
    "N_with_uncertainty": 3449
  },
  "test_medium": {
    "RMSE": 1.0625206784435386,
    "MAE": 0.8360203247781063,
    "R2": 0.12289544564098653,
    "N": 5475,
    "PS_RMSE": 0.9730841628071489,
    "PS_R2": -12.115457782153893,
    "N_solvents": 27,
    "Z_RMSE": 55.74699985940222,
    "f_aleatoric": 0.0584045584045584,
    "N_with_uncertainty": 4212
  },
  "test_easy": {
    "RMSE": 1.0487375838975463,
    "MAE": 0.8196478961430265,
    "R2": 0.11278429762259945,
    "N": 6331,
    "PS_RMSE": 0.944405141951986,
    "PS_R2": -8.395426254965887,
    "N_solvents": 30,
    "Z_RMSE": 52.25249447027207,
    "f_aleatoric": 0.11001843884449908,
    "N_with_uncertainty": 4881
  },
  "artifacts": {
    "seed_dir": "/DATATWO/users/solubility/Dhairya/sc3-benchmark-gnn-runner/results/hpo_gcn_trial_027/seed_42",
    "checkpoints_dir": "/DATATWO/users/solubility/Dhairya/sc3-benchmark-gnn-runner/results/hpo_gcn_trial_027/seed_42/checkpoints",
    "predictions_dir": "/DATATWO/users/solubility/Dhairya/sc3-benchmark-gnn-runner/results/hpo_gcn_trial_027/seed_42/predictions",
    "epoch_history_json": "/DATATWO/users/solubility/Dhairya/sc3-benchmark-gnn-runner/results/hpo_gcn_trial_027/seed_42/epoch_history.json",
    "best_model_pkl": "/DATATWO/users/solubility/Dhairya/sc3-benchmark-gnn-runner/results/hpo_gcn_trial_027/seed_42/best_model.pkl",
    "run_config_json": "/DATATWO/users/solubility/Dhairya/sc3-benchmark-gnn-runner/results/hpo_gcn_trial_027/seed_42/run_config.json"
  }
}