{
  "method": "fastprop_big",
  "fraction": 1.0,
  "seed": 42,
  "params": {
    "lr": 0.0005,
    "batch_size": 256,
    "hidden_dims": [
      1024,
      768,
      512,
      256,
      128
    ],
    "dropout": 0.15,
    "epochs": 150,
    "patience": 25
  },
  "wall_time_s": 77.1716730594635,
  "metrics": {
    "eval": {
      "RMSE": 0.4514787201449361,
      "MAE": 0.2784655991022085,
      "R2": 0.8456302240343633,
      "N": 6969,
      "PS_RMSE": 0.43341520602743683,
      "PS_R2": 0.8235536655735249,
      "N_solvents": 25
    },
    "ood": {
      "RMSE": 0.6505897250408312,
      "MAE": 0.45463164381908455,
      "R2": 0.6242493312463919,
      "N": 11940,
      "PS_RMSE": 0.5720685682524933,
      "PS_R2": -12.75904958563298,
      "N_solvents": 146
    },
    "sc3_gold": {
      "RMSE": 0.7965178379028428,
      "MAE": 0.597692251617573,
      "R2": 0.5387430663920476,
      "N": 4507,
      "PS_RMSE": 0.7936139586556936,
      "PS_R2": -9.27190142559826,
      "N_solvents": 26,
      "Z_RMSE": 45.93089752596958,
      "f_aleatoric": 0.04986952739924616,
      "N_with_uncertainty": 3449
    },
    "_n_train": 61403,
    "_best_epoch": 64
  }
}