{
  "eval": {
    "RMSE": 0.4755108684944402,
    "MAE": 0.3025995637530313,
    "R2": 0.82875866732366,
    "N": 6969,
    "PS_RMSE": 0.4685380338343102,
    "PS_R2": 0.7967263906120627,
    "N_solvents": 25,
    "train_time_s": 11.646931171417236
  },
  "ood": {
    "RMSE": 0.6197564681708075,
    "MAE": 0.4406144830115647,
    "R2": 0.6590211056746769,
    "N": 11940,
    "PS_RMSE": 0.5339080588562951,
    "PS_R2": -9.328728065818243,
    "N_solvents": 146,
    "train_time_s": 11.646931171417236
  },
  "sc3_gold": {
    "RMSE": 0.747829579771821,
    "MAE": 0.590539204637722,
    "R2": 0.5934095499793834,
    "N": 4507,
    "PS_RMSE": 0.632514163870998,
    "PS_R2": -4.220068691560097,
    "N_solvents": 26,
    "Z_RMSE": 41.35850851458523,
    "f_aleatoric": 0.05711800521890403,
    "N_with_uncertainty": 3449,
    "train_time_s": 11.646931171417236
  },
  "sc3_silver": {
    "RMSE": 0.720694924790854,
    "MAE": 0.5650695553820585,
    "R2": 0.5964665762034542,
    "N": 5475,
    "PS_RMSE": 0.5942994608264013,
    "PS_R2": -2.260441661444292,
    "N_solvents": 27,
    "Z_RMSE": 37.82396112547266,
    "f_aleatoric": 0.10826210826210826,
    "N_with_uncertainty": 4212,
    "train_time_s": 11.646931171417236
  },
  "sc3_bronze": {
    "RMSE": 0.7154445378233684,
    "MAE": 0.5567531090367652,
    "R2": 0.587097511527169,
    "N": 6331,
    "PS_RMSE": 0.5829206161702775,
    "PS_R2": -2.4931649084849066,
    "N_solvents": 30,
    "Z_RMSE": 35.40334670569258,
    "f_aleatoric": 0.1636959639418152,
    "N_with_uncertainty": 4881,
    "train_time_s": 11.646931171417236
  }
}