{
  "eval": {
    "RMSE": 0.4780352421118124,
    "MAE": 0.3020811000980613,
    "R2": 0.8269356825758064,
    "N": 6969,
    "PS_RMSE": 0.46445608200494165,
    "PS_R2": 0.8010216303105524,
    "N_solvents": 25,
    "train_time_s": 13.838705778121948
  },
  "ood": {
    "RMSE": 0.6119907696893135,
    "MAE": 0.4369848442008318,
    "R2": 0.6675126656893584,
    "N": 11940,
    "PS_RMSE": 0.5397289754094683,
    "PS_R2": -8.07639274578053,
    "N_solvents": 146,
    "train_time_s": 13.838705778121948
  },
  "sc3_gold": {
    "RMSE": 0.7641063121300345,
    "MAE": 0.5950858510562251,
    "R2": 0.5755178134442267,
    "N": 4507,
    "PS_RMSE": 0.6284303471931226,
    "PS_R2": -2.2655068808631036,
    "N_solvents": 26,
    "Z_RMSE": 43.14645340769747,
    "f_aleatoric": 0.07828356045230501,
    "N_with_uncertainty": 3449,
    "train_time_s": 13.838705778121948
  },
  "sc3_silver": {
    "RMSE": 0.7352793095827366,
    "MAE": 0.57267824975677,
    "R2": 0.5799690666518904,
    "N": 5475,
    "PS_RMSE": 0.5973323747878513,
    "PS_R2": -0.8810476386489164,
    "N_solvents": 27,
    "Z_RMSE": 39.35402622038379,
    "f_aleatoric": 0.1111111111111111,
    "N_with_uncertainty": 4212,
    "train_time_s": 13.838705778121948
  },
  "sc3_bronze": {
    "RMSE": 0.7205598416113448,
    "MAE": 0.5596718135640674,
    "R2": 0.5811720422497333,
    "N": 6331,
    "PS_RMSE": 0.6032038860507647,
    "PS_R2": -1.7185645394736295,
    "N_solvents": 30,
    "Z_RMSE": 36.62174201521743,
    "f_aleatoric": 0.1679983609916001,
    "N_with_uncertainty": 4881,
    "train_time_s": 13.838705778121948
  }
}