{
  "eval": {
    "RMSE": 0.47252020376519727,
    "MAE": 0.29812018216986896,
    "R2": 0.8309058945440508,
    "N": 6969,
    "PS_RMSE": 0.4594216951100465,
    "PS_R2": 0.8072318594924941,
    "N_solvents": 25,
    "train_time_s": 12.635042190551758
  },
  "ood": {
    "RMSE": 0.6037157013901001,
    "MAE": 0.4308379052767326,
    "R2": 0.6764433693223386,
    "N": 11940,
    "PS_RMSE": 0.5104781175242702,
    "PS_R2": -7.5829026306247025,
    "N_solvents": 146,
    "train_time_s": 12.635042190551758
  },
  "sc3_gold": {
    "RMSE": 0.7380729755588229,
    "MAE": 0.5779392259427981,
    "R2": 0.6039495572972369,
    "N": 4507,
    "PS_RMSE": 0.5865946467286893,
    "PS_R2": -1.790919555599513,
    "N_solvents": 26,
    "Z_RMSE": 41.769806971053285,
    "f_aleatoric": 0.08176282980574079,
    "N_with_uncertainty": 3449,
    "train_time_s": 12.635042190551758
  },
  "sc3_silver": {
    "RMSE": 0.7084062945850406,
    "MAE": 0.5538280606734038,
    "R2": 0.610110618279096,
    "N": 5475,
    "PS_RMSE": 0.5466301959093878,
    "PS_R2": -0.39791389032400587,
    "N_solvents": 27,
    "Z_RMSE": 38.10605215015436,
    "f_aleatoric": 0.11419753086419752,
    "N_with_uncertainty": 4212,
    "train_time_s": 12.635042190551758
  },
  "sc3_bronze": {
    "RMSE": 0.6988063795393233,
    "MAE": 0.5448471298181521,
    "R2": 0.6060788693512189,
    "N": 6331,
    "PS_RMSE": 0.5354073573289685,
    "PS_R2": -0.6423635336987503,
    "N_solvents": 30,
    "Z_RMSE": 35.57466566244939,
    "f_aleatoric": 0.1698422454415079,
    "N_with_uncertainty": 4881,
    "train_time_s": 12.635042190551758
  }
}