{
  "eval": {
    "RMSE": 0.4696962293406676,
    "MAE": 0.29571483299513684,
    "R2": 0.8329210063018413,
    "N": 6969,
    "PS_RMSE": 0.457202191935003,
    "PS_R2": 0.8084530039861001,
    "N_solvents": 25,
    "train_time_s": 13.489553213119507
  },
  "ood": {
    "RMSE": 0.6126133795244967,
    "MAE": 0.4320009053899784,
    "R2": 0.666835808469936,
    "N": 11940,
    "PS_RMSE": 0.5321193161583848,
    "PS_R2": -9.35033753480251,
    "N_solvents": 146,
    "train_time_s": 13.489553213119507
  },
  "sc3_gold": {
    "RMSE": 0.7611541979942212,
    "MAE": 0.5990741994391872,
    "R2": 0.5787914394773439,
    "N": 4507,
    "PS_RMSE": 0.6727340844562817,
    "PS_R2": -4.071015355655546,
    "N_solvents": 26,
    "Z_RMSE": 43.08254950508766,
    "f_aleatoric": 0.06349666570020296,
    "N_with_uncertainty": 3449,
    "train_time_s": 13.489553213119507
  },
  "sc3_silver": {
    "RMSE": 0.7310623436454649,
    "MAE": 0.5688730952476599,
    "R2": 0.5847731645531773,
    "N": 5475,
    "PS_RMSE": 0.6209354368675203,
    "PS_R2": -1.8971633531697463,
    "N_solvents": 27,
    "Z_RMSE": 39.31906389124665,
    "f_aleatoric": 0.1177587844254511,
    "N_with_uncertainty": 4212,
    "train_time_s": 13.489553213119507
  },
  "sc3_bronze": {
    "RMSE": 0.7253533008073194,
    "MAE": 0.563321173300794,
    "R2": 0.575581076965436,
    "N": 6331,
    "PS_RMSE": 0.616779154544766,
    "PS_R2": -2.0657641209550284,
    "N_solvents": 30,
    "Z_RMSE": 36.72878360690698,
    "f_aleatoric": 0.16861298914156936,
    "N_with_uncertainty": 4881,
    "train_time_s": 13.489553213119507
  }
}