{
  "eval": {
    "RMSE": 0.4917144634659088,
    "MAE": 0.31790956785142255,
    "R2": 0.816889322563489,
    "N": 6969,
    "PS_RMSE": 0.48105716790583186,
    "PS_R2": 0.7879787810941704,
    "N_solvents": 25,
    "train_time_s": 8.633697271347046
  },
  "ood": {
    "RMSE": 0.6077742298096012,
    "MAE": 0.433113794746322,
    "R2": 0.6720784747085,
    "N": 11940,
    "PS_RMSE": 0.5510723986139239,
    "PS_R2": -10.054642005586286,
    "N_solvents": 146,
    "train_time_s": 8.633697271347046
  },
  "sc3_gold": {
    "RMSE": 0.7573238166400185,
    "MAE": 0.5952087244408347,
    "R2": 0.5830200960736888,
    "N": 4507,
    "PS_RMSE": 0.6537379756710974,
    "PS_R2": -3.3758987522694213,
    "N_solvents": 26,
    "Z_RMSE": 42.15445310943906,
    "f_aleatoric": 0.05914757900840823,
    "N_with_uncertainty": 3449,
    "train_time_s": 8.633697271347046
  },
  "sc3_silver": {
    "RMSE": 0.7334801127094791,
    "MAE": 0.5747506127624649,
    "R2": 0.5820221469628979,
    "N": 5475,
    "PS_RMSE": 0.6260113319800298,
    "PS_R2": -1.617784427621945,
    "N_solvents": 27,
    "Z_RMSE": 38.59903195686311,
    "f_aleatoric": 0.09639126305792972,
    "N_with_uncertainty": 4212,
    "train_time_s": 8.633697271347046
  },
  "sc3_bronze": {
    "RMSE": 0.7243609813428696,
    "MAE": 0.5653152044017982,
    "R2": 0.5767415351161902,
    "N": 6331,
    "PS_RMSE": 0.6251836234155753,
    "PS_R2": -2.3502814116960598,
    "N_solvents": 30,
    "Z_RMSE": 36.02181913019421,
    "f_aleatoric": 0.15119852489244007,
    "N_with_uncertainty": 4881,
    "train_time_s": 8.633697271347046
  }
}