{
  "method": "catboost",
  "featurizer": "rdkit",
  "seeds": [
    42,
    101,
    123,
    456,
    789
  ],
  "params": {
    "iterations": 3000,
    "learning_rate": 0.1,
    "depth": 6,
    "l2_leaf_reg": 3,
    "subsample": 0.8,
    "colsample_bylevel": 0.8
  },
  "aggregated": {
    "eval": {
      "RMSE_mean": 0.47749540143560526,
      "RMSE_std": 0.007641874131362856,
      "MAE_mean": 0.30328504937350415,
      "MAE_std": 0.007743125394195525,
      "R2_mean": 0.8272821146617695,
      "R2_std": 0.005572059405916283,
      "N_mean": 6969.0,
      "N_std": 0.0,
      "PS_RMSE_mean": 0.4661350341580267,
      "PS_RMSE_std": 0.008439525516502976,
      "PS_R2_mean": 0.8002823330990759,
      "PS_R2_std": 0.0074782947135311134,
      "N_solvents_mean": 25.0,
      "N_solvents_std": 0.0,
      "train_time_s_mean": 12.048785924911499,
      "train_time_s_std": 1.8680277098212563
    },
    "ood": {
      "RMSE_mean": 0.6111701097168638,
      "RMSE_std": 0.005358773476725637,
      "MAE_mean": 0.4347103865250859,
      "MAE_std": 0.0036032767695190595,
      "R2_mean": 0.668378284772962,
      "R2_std": 0.005821036412329511,
      "N_mean": 11940.0,
      "N_std": 0.0,
      "PS_RMSE_mean": 0.5334613733124683,
      "PS_RMSE_std": 0.013263949187330744,
      "PS_R2_mean": -8.878600596522455,
      "PS_R2_std": 0.9089108347917155,
      "N_solvents_mean": 146.0,
      "N_solvents_std": 0.0,
      "train_time_s_mean": 12.048785924911499,
      "train_time_s_std": 1.8680277098212563
    },
    "sc3_gold": {
      "RMSE_mean": 0.7536973764189836,
      "RMSE_std": 0.009546246791801521,
      "MAE_mean": 0.5915694411033534,
      "MAE_std": 0.007331781125272885,
      "R2_mean": 0.586937691254376,
      "R2_std": 0.010425076698326785,
      "N_mean": 4507.0,
      "N_std": 0.0,
      "PS_RMSE_mean": 0.6348022435840377,
      "PS_RMSE_std": 0.028869344532177085,
      "PS_R2_mean": -3.144681847189536,
      "PS_R2_std": 0.9668125831507464,
      "N_solvents_mean": 26.0,
      "N_solvents_std": 0.0,
      "Z_RMSE_mean": 42.30235430157255,
      "Z_RMSE_std": 0.7095821514159291,
      "f_aleatoric_mean": 0.0679617280371122,
      "f_aleatoric_std": 0.010121491626891615,
      "N_with_uncertainty_mean": 3449.0,
      "N_with_uncertainty_std": 0.0,
      "train_time_s_mean": 12.048785924911499,
      "train_time_s_std": 1.8680277098212563
    },
    "sc3_silver": {
      "RMSE_mean": 0.725784597062715,
      "RMSE_std": 0.010051221783839713,
      "MAE_mean": 0.5670399147644714,
      "MAE_std": 0.00738974479133215,
      "R2_mean": 0.590668314530103,
      "R2_std": 0.011274803107024379,
      "N_mean": 5475.0,
      "N_std": 0.0,
      "PS_RMSE_mean": 0.597041760074238,
      "PS_RMSE_std": 0.028139205215250634,
      "PS_R2_mean": -1.4108701942417812,
      "PS_R2_std": 0.6793907017823811,
      "N_solvents_mean": 27.0,
      "N_solvents_std": 0.0,
      "Z_RMSE_mean": 38.64042706882411,
      "Z_RMSE_std": 0.6202674312753805,
      "f_aleatoric_mean": 0.10954415954415955,
      "f_aleatoric_std": 0.007297007677986154,
      "N_with_uncertainty_mean": 4212.0,
      "N_with_uncertainty_std": 0.0,
      "train_time_s_mean": 12.048785924911499,
      "train_time_s_std": 1.8680277098212563
    },
    "sc3_bronze": {
      "RMSE_mean": 0.7169050082248452,
      "RMSE_std": 0.009695528081222276,
      "MAE_mean": 0.5579816860243154,
      "MAE_std": 0.007199626593322511,
      "R2_mean": 0.5853342070419495,
      "R2_std": 0.011133116633754504,
      "N_mean": 6331.0,
      "N_std": 0.0,
      "PS_RMSE_mean": 0.5926989275020704,
      "PS_RMSE_std": 0.03201064305049608,
      "PS_R2_mean": -1.854027702861675,
      "PS_R2_std": 0.6612226174835727,
      "N_solvents_mean": 30.0,
      "N_solvents_std": 0.0,
      "Z_RMSE_mean": 36.07007142409212,
      "Z_RMSE_std": 0.5348867512962789,
      "f_aleatoric_mean": 0.16426961688178654,
      "f_aleatoric_std": 0.0068557293963171775,
      "N_with_uncertainty_mean": 4881.0,
      "N_with_uncertainty_std": 0.0,
      "train_time_s_mean": 12.048785924911499,
      "train_time_s_std": 1.8680277098212563
    }
  },
  "per_seed": {
    "42": {
      "eval": {
        "RMSE": 0.4696962293406676,
        "MAE": 0.29571483299513684,
        "R2": 0.8329210063018413,
        "N": 6969,
        "PS_RMSE": 0.457202191935003,
        "PS_R2": 0.8084530039861001,
        "N_solvents": 25,
        "train_time_s": 13.489553213119507
      },
      "ood": {
        "RMSE": 0.6126133795244967,
        "MAE": 0.4320009053899784,
        "R2": 0.666835808469936,
        "N": 11940,
        "PS_RMSE": 0.5321193161583848,
        "PS_R2": -9.35033753480251,
        "N_solvents": 146,
        "train_time_s": 13.489553213119507
      },
      "sc3_gold": {
        "RMSE": 0.7611541979942212,
        "MAE": 0.5990741994391872,
        "R2": 0.5787914394773439,
        "N": 4507,
        "PS_RMSE": 0.6727340844562817,
        "PS_R2": -4.071015355655546,
        "N_solvents": 26,
        "Z_RMSE": 43.08254950508766,
        "f_aleatoric": 0.06349666570020296,
        "N_with_uncertainty": 3449,
        "train_time_s": 13.489553213119507
      },
      "sc3_silver": {
        "RMSE": 0.7310623436454649,
        "MAE": 0.5688730952476599,
        "R2": 0.5847731645531773,
        "N": 5475,
        "PS_RMSE": 0.6209354368675203,
        "PS_R2": -1.8971633531697463,
        "N_solvents": 27,
        "Z_RMSE": 39.31906389124665,
        "f_aleatoric": 0.1177587844254511,
        "N_with_uncertainty": 4212,
        "train_time_s": 13.489553213119507
      },
      "sc3_bronze": {
        "RMSE": 0.7253533008073194,
        "MAE": 0.563321173300794,
        "R2": 0.575581076965436,
        "N": 6331,
        "PS_RMSE": 0.616779154544766,
        "PS_R2": -2.0657641209550284,
        "N_solvents": 30,
        "Z_RMSE": 36.72878360690698,
        "f_aleatoric": 0.16861298914156936,
        "N_with_uncertainty": 4881,
        "train_time_s": 13.489553213119507
      }
    },
    "101": {
      "eval": {
        "RMSE": 0.4755108684944402,
        "MAE": 0.3025995637530313,
        "R2": 0.82875866732366,
        "N": 6969,
        "PS_RMSE": 0.4685380338343102,
        "PS_R2": 0.7967263906120627,
        "N_solvents": 25,
        "train_time_s": 11.646931171417236
      },
      "ood": {
        "RMSE": 0.6197564681708075,
        "MAE": 0.4406144830115647,
        "R2": 0.6590211056746769,
        "N": 11940,
        "PS_RMSE": 0.5339080588562951,
        "PS_R2": -9.328728065818243,
        "N_solvents": 146,
        "train_time_s": 11.646931171417236
      },
      "sc3_gold": {
        "RMSE": 0.747829579771821,
        "MAE": 0.590539204637722,
        "R2": 0.5934095499793834,
        "N": 4507,
        "PS_RMSE": 0.632514163870998,
        "PS_R2": -4.220068691560097,
        "N_solvents": 26,
        "Z_RMSE": 41.35850851458523,
        "f_aleatoric": 0.05711800521890403,
        "N_with_uncertainty": 3449,
        "train_time_s": 11.646931171417236
      },
      "sc3_silver": {
        "RMSE": 0.720694924790854,
        "MAE": 0.5650695553820585,
        "R2": 0.5964665762034542,
        "N": 5475,
        "PS_RMSE": 0.5942994608264013,
        "PS_R2": -2.260441661444292,
        "N_solvents": 27,
        "Z_RMSE": 37.82396112547266,
        "f_aleatoric": 0.10826210826210826,
        "N_with_uncertainty": 4212,
        "train_time_s": 11.646931171417236
      },
      "sc3_bronze": {
        "RMSE": 0.7154445378233684,
        "MAE": 0.5567531090367652,
        "R2": 0.587097511527169,
        "N": 6331,
        "PS_RMSE": 0.5829206161702775,
        "PS_R2": -2.4931649084849066,
        "N_solvents": 30,
        "Z_RMSE": 35.40334670569258,
        "f_aleatoric": 0.1636959639418152,
        "N_with_uncertainty": 4881,
        "train_time_s": 11.646931171417236
      }
    },
    "123": {
      "eval": {
        "RMSE": 0.4780352421118124,
        "MAE": 0.3020811000980613,
        "R2": 0.8269356825758064,
        "N": 6969,