{
  "method": "molmerger",
  "fractions": [
    0.05,
    0.1,
    0.2,
    0.4,
    0.6,
    0.8,
    1.0
  ],
  "seeds": [
    42
  ],
  "by_fraction": {
    "0.050": {
      "aggregated": {
        "eval": {
          "RMSE_mean": 0.7656602126354803,
          "RMSE_std": 0.0,
          "RMSE_n": 1,
          "MAE_mean": 0.5587015989283569,
          "MAE_std": 0.0,
          "MAE_n": 1,
          "R2_mean": 0.5560236231515248,
          "R2_std": 0.0,
          "R2_n": 1,
          "N_mean": 6969.0,
          "N_std": 0.0,
          "N_n": 1,
          "PS_RMSE_mean": 0.78903832956049,
          "PS_RMSE_std": 0.0,
          "PS_RMSE_n": 1,
          "PS_R2_mean": 0.38083801152014246,
          "PS_R2_std": 0.0,
          "PS_R2_n": 1,
          "N_solvents_mean": 25.0,
          "N_solvents_std": 0.0,
          "N_solvents_n": 1,
          "n_skipped_unparseable_mean": 0.0,
          "n_skipped_unparseable_std": 0.0,
          "n_skipped_unparseable_n": 1
        },
        "ood": {
          "RMSE_mean": 0.9882035966110138,
          "RMSE_std": 0.0,
          "RMSE_n": 1,
          "MAE_mean": 0.7581568140103466,
          "MAE_std": 0.0,
          "MAE_n": 1,
          "R2_mean": 0.13308159661044217,
          "R2_std": 0.0,
          "R2_n": 1,
          "N_mean": 11940.0,
          "N_std": 0.0,
          "N_n": 1,
          "PS_RMSE_mean": 0.964414797504349,
          "PS_RMSE_std": 0.0,
          "PS_RMSE_n": 1,
          "PS_R2_mean": -69.14559281956186,
          "PS_R2_std": 0.0,
          "PS_R2_n": 1,
          "N_solvents_mean": 146.0,
          "N_solvents_std": 0.0,
          "N_solvents_n": 1,
          "n_skipped_unparseable_mean": 0.0,
          "n_skipped_unparseable_std": 0.0,
          "n_skipped_unparseable_n": 1
        },
        "sc3_gold": {
          "RMSE_mean": 0.9275973411171843,
          "RMSE_std": 0.0,
          "RMSE_n": 1,
          "MAE_mean": 0.7248658935149402,
          "MAE_std": 0.0,
          "MAE_n": 1,
          "R2_mean": 0.3744372425857806,
          "R2_std": 0.0,
          "R2_n": 1,
          "N_mean": 4507.0,
          "N_std": 0.0,
          "N_n": 1,
          "PS_RMSE_mean": 0.9288946222289067,
          "PS_RMSE_std": 0.0,
          "PS_RMSE_n": 1,
          "PS_R2_mean": -13.652541287774351,
          "PS_R2_std": 0.0,
          "PS_R2_n": 1,
          "N_solvents_mean": 26.0,
          "N_solvents_std": 0.0,
          "N_solvents_n": 1,
          "Z_RMSE_mean": 51.934039434426005,
          "Z_RMSE_std": 0.0,
          "Z_RMSE_n": 1,
          "f_aleatoric_mean": 0.0545085532038272,
          "f_aleatoric_std": 0.0,
          "f_aleatoric_n": 1,
          "N_with_uncertainty_mean": 3449.0,
          "N_with_uncertainty_std": 0.0,
          "N_with_uncertainty_n": 1,
          "n_skipped_unparseable_mean": 0.0,
          "n_skipped_unparseable_std": 0.0,
          "n_skipped_unparseable_n": 1
        }
      },
      "n_train_mean": 3070.0
    },
    "0.100": {
      "aggregated": {
        "eval": {
          "RMSE_mean": 0.6218804242628639,
          "RMSE_std": 0.0,
          "RMSE_n": 1,
          "MAE_mean": 0.42834362545110394,
          "MAE_std": 0.0,
          "MAE_n": 1,
          "R2_mean": 0.7071120692454209,
          "R2_std": 0.0,
          "R2_n": 1,
          "N_mean": 6969.0,
          "N_std": 0.0,
          "N_n": 1,
          "PS_RMSE_mean": 0.611884057693266,
          "PS_RMSE_std": 0.0,
          "PS_RMSE_n": 1,
          "PS_R2_mean": 0.6086784691652257,
          "PS_R2_std": 0.0,
          "PS_R2_n": 1,
          "N_solvents_mean": 25.0,
          "N_solvents_std": 0.0,
          "N_solvents_n": 1,
          "n_skipped_unparseable_mean": 0.0,
          "n_skipped_unparseable_std": 0.0,
          "n_skipped_unparseable_n": 1
        },
        "ood": {
          "RMSE_mean": 0.9162669781997073,
          "RMSE_std": 0.0,
          "RMSE_n": 1,
          "MAE_mean": 0.6804395870186213,
          "MAE_std": 0.0,
          "MAE_n": 1,
          "R2_mean": 0.2547028984292026,
          "R2_std": 0.0,
          "R2_n": 1,
          "N_mean": 11940.0,
          "N_std": 0.0,
          "N_n": 1,
          "PS_RMSE_mean": 0.841947573599554,
          "PS_RMSE_std": 0.0,
          "PS_RMSE_n": 1,
          "PS_R2_mean": -37.043651603028316,
          "PS_R2_std": 0.0,
          "PS_R2_n": 1,
          "N_solvents_mean": 146.0,
          "N_solvents_std": 0.0,
          "N_solvents_n": 1,
          "n_skipped_unparseable_mean": 0.0,
          "n_skipped_unparseable_std": 0.0,
          "n_skipped_unparseable_n": 1
        },
        "sc3_gold": {
          "RMSE_mean": 0.8319012276976043,
          "RMSE_std": 0.0,
          "RMSE_n": 1,
          "MAE_mean": 0.67021362761098,
          "MAE_std": 0.0,
          "MAE_n": 1,
          "R2_mean": 0.49685237673005633,
          "R2_std": 0.0,
          "R2_n": 1,
          "N_mean": 4507.0,
          "N_std": 0.0,
          "N_n": 1,
          "PS_RMSE_mean": 0.8328182342553686,
          "PS_RMSE_std": 0.0,
          "PS_RMSE_n": 1,
          "PS_R2_mean": -10.69323812042532,
          "PS_R2_std": 0.0,
          "PS_R2_n": 1,
          "N_solvents_mean": 26.0,
          "N_solvents_std": 0.0,
          "N_solvents_n": 1,
          "Z_RMSE_mean": 48.49649475376362,
          "Z_RMSE_std": 0.0,
          "Z_RMSE_n": 1,
          "f_aleatoric_mean": 0.0466801971585967,
          "f_aleatoric_std": 0.0,
          "f_aleatoric_n": 1,
          "N_with_uncertainty_mean": 3449.0,
          "N_with_uncertainty_std": 0.0,
          "N_with_uncertainty_n": 1,
          "n_skipped_unparseable_mean": 0.0,
          "n_skipped_unparseable_std": 0.0,
          "n_skipped_unparseable_n": 1
        }
      },
      "n_train_mean": 6140.0
    },
    "0.200": {
      "aggregated": {
        "eval": {
          "RMSE_mean": 0.5323557157312059,
          "RMSE_std": 0.0,
          "RMSE_n": 1,
          "MAE_mean": 0.3533421809611186,
          "MAE_std": 0.0,
          "MAE_n": 1,
          "R2_mean": 0.7853694462670839,
          "R2_std": 0.0,
          "R2_n": 1,
          "N_mean": 6969.0,
          "N_std": 0.0,
          "N_n": 1,
          "PS_RMSE_mean": 0.5241218701674132,
          "PS_RMSE_std": 0.0,
          "PS_RMSE_n": 1,
          "PS_R2_mean": 0.7420991590425134,
          "PS_R2_std": 0.0,
          "PS_R2_n": 1,
          "N_solvents_mean": 25.0,
          "N_solvents_std": 0.0,
          "N_solvents_n": 1,
          "n_skipped_unparseable_mean": 0.0,
          "n_skipped_unparseable_std": 0.0,
          "n_skipped_unparseable_n": 1
        },
        "ood": {
          "RMSE_mean": 0.8221121499916096,
          "RMSE_std": 0.0,
          "RMSE_n": 1,
          "MAE_mean": 0.6045071591489132,
          "MAE_std": 0.0,
          "MAE_n": 1,
          "R2_mean": 0.40000518757909875,
          "R2_std": 0.0,
          "R2_n": 1,
          "N_mean": 11940.0,
          "N_std": 0.0,
          "N_n": 1,
          "PS_RMSE_mean": 0.7723771498815901,
          "PS_RMSE_std": 0.0,
          "PS_RMSE_n": 1,
          "PS_R2_mean": -20.39710808391486,
          "PS_R2_std": 0.0,
          "PS_R2_n": 1,
          "N_solvents_mean": 146.0,
          "N_solvents_std": 0.0,
          "N_solvents_n": 1,
          "n_skipped_unparseable_mean": 0.0,
          "n_skipped_unparseable_std": 0.0,
          "n_skipped_unparseable_n": 1
        },
        "sc3_gold": {
          "RMSE_mean": 0.854659659769097,
          "RMSE_std": 0.0,
          "RMSE_n": 1,
          "MAE_mean": 0.6671026005764763,
          "MAE_std": 0.0,
          "MAE_n": 1,
          "R2_mean": 0.46894646231743453,
          "R2_std": 0.0,
          "R2_n": 1,
          "N_mean": 4507.0,
          "N_std": 0.0,
          "N_n": 1,
          "PS_RMSE_mean": 0.8884493824526907,
          "PS_RMSE_std": 0.0,
          "PS_RMSE_n": 1,
          "PS_R2_mean": -21.28471984322785,
          "PS_R2_std": 0.0,
          "PS_R2_n": 1,
          "N_solvents_mean": 26.0,