{
  "method": "fastprop_xl",
  "fraction": 1.0,
  "seed": 42,
  "params": {
    "lr": 0.0003,
    "batch_size": 256,
    "hidden_dims": [
      2048,
      1536,
      1024,
      768,
      512,
      256,
      128
    ],
    "dropout": 0.5,
    "weight_decay": 0.01,
    "epochs": 500,
    "patience": 60,
    "lr_patience": 25
  },
  "wall_time_s": 247.8998954296112,
  "metrics": {
    "eval": {
      "RMSE": 0.4772542078574679,
      "MAE": 0.30302282541509673,
      "R2": 0.8275007402354171,
      "N": 6969,
      "PS_RMSE": 0.4700959604043577,
      "PS_R2": 0.798149750957002,
      "N_solvents": 25
    },
    "ood": {
      "RMSE": 0.7090009869091272,
      "MAE": 0.514686616653182,
      "R2": 0.5537491652423545,
      "N": 11940,
      "PS_RMSE": 0.6485793571847784,
      "PS_R2": -22.244845647008628,
      "N_solvents": 146
    },
    "sc3_gold": {
      "RMSE": 0.7805860904278118,
      "MAE": 0.5939774636584745,
      "R2": 0.5570104194529454,
      "N": 4507,
      "PS_RMSE": 0.7566894455976061,
      "PS_R2": -10.830719623016561,
      "N_solvents": 26,
      "Z_RMSE": 43.618390060741625,
      "f_aleatoric": 0.05885763989562192,
      "N_with_uncertainty": 3449
    },
    "_n_train": 61403,
    "_best_epoch": 161,
    "_train_RMSE_at_best": 0.3484862460890383,
    "_val_RMSE_best": 0.4772542248324576,
    "_n_params": 6736385
  }
}