{
  "method": "fastprop",
  "fraction": 0.8,
  "seed": 42,
  "params": {
    "lr": 0.0005,
    "batch_size": 256,
    "hidden_dims": [
      512,
      256,
      128
    ],
    "dropout": 0.2,
    "weight_decay": 0.0001,
    "epochs": 300,
    "patience": 40,
    "lr_patience": 15
  },
  "wall_time_s": 65.19429183006287,
  "metrics": {
    "eval": {
      "RMSE": 0.4585686184666009,
      "MAE": 0.2821302910729265,
      "R2": 0.840743793893683,
      "N": 6969,
      "PS_RMSE": 0.4435097357113428,
      "PS_R2": 0.812656905656654,
      "N_solvents": 25
    },
    "ood": {
      "RMSE": 0.6720750280507435,
      "MAE": 0.49037847408060664,
      "R2": 0.5990216912141193,
      "N": 11940,
      "PS_RMSE": 0.6126376350509911,
      "PS_R2": -14.773077714689924,
      "N_solvents": 146
    },
    "sc3_gold": {
      "RMSE": 0.7989570374244246,
      "MAE": 0.5904769967778264,
      "R2": 0.5359136999982286,
      "N": 4507,
      "PS_RMSE": 0.793903506486822,
      "PS_R2": -11.227006134099295,
      "N_solvents": 26,
      "Z_RMSE": 45.68730009818439,
      "f_aleatoric": 0.0623369092490577,
      "N_with_uncertainty": 3449
    },
    "_n_train": 49122,
    "_best_epoch": 91,
    "_train_RMSE_at_best": 0.22633617005301085,
    "_val_RMSE_best": 0.45856862819819905,
    "_n_params": 330497
  }
}