{
  "eval": {
    "RMSE": 0.9112316438408126,
    "MAE": 0.6942838778984934,
    "R2": 0.40419745295031806,
    "N": 717,
    "PS_RMSE": 0.9190977207742308,
    "PS_R2": 0.223216604540314,
    "N_solvents": 25
  },
  "ood": {
    "RMSE": 0.9859302164147384,
    "MAE": 0.7568690076432105,
    "R2": 0.1623814614457577,
    "N": 1159,
    "PS_RMSE": 0.834408528413081,
    "PS_R2": -3.948576167461518,
    "N_solvents": 77
  },
  "sc3_gold": {
    "RMSE": 0.8081679929266095,
    "MAE": 0.60495398092285,
    "R2": 0.503474170592678,
    "N": 666,
    "PS_RMSE": 0.7020249097546113,
    "PS_R2": -3328.0320240302012,
    "N_solvents": 25
  },
  "_n_train": 458,
  "_n_trainable": 330497,
  "_best_epoch": 32,
  "_val_RMSE": 0.9112316438408126,
  "_elapsed_s": 0.9606401920318604,
  "_protocol": "scratch",
  "_variant": "full",
  "_fraction": 0.05,
  "_seed": 42,
  "_approach": "interp"
}