{
  "eval": {
    "RMSE": 0.9710183535537971,
    "MAE": 0.7354005998548645,
    "R2": 0.3234503911631107,
    "N": 717,
    "PS_RMSE": 0.9575817933950431,
    "PS_R2": 0.22018484029611052,
    "N_solvents": 25
  },
  "ood": {
    "RMSE": 0.9231551479180768,
    "MAE": 0.7102766663259047,
    "R2": 0.26564962892816757,
    "N": 1159,
    "PS_RMSE": 0.8405924788152778,
    "PS_R2": -9.904579130442388,
    "N_solvents": 77
  },
  "sc3_gold": {
    "RMSE": 0.866131903923608,
    "MAE": 0.6568723786978873,
    "R2": 0.4296957278807897,
    "N": 666,
    "PS_RMSE": 0.7517075671442457,
    "PS_R2": -2128.6645672103596,
    "N_solvents": 25
  },
  "_n_train": 458,
  "_n_trainable": 330497,
  "_best_epoch": 52,
  "_val_RMSE": 0.9710183535537971,
  "_elapsed_s": 1.1196303367614746,
  "_protocol": "scratch",
  "_variant": "full",
  "_fraction": 0.05,
  "_seed": 123,
  "_approach": "interp"
}