{
  "eval": {
    "RMSE": 0.965357359567441,
    "MAE": 0.7135766354835017,
    "R2": 0.3313159048340484,
    "N": 717,
    "PS_RMSE": 0.9619716233716944,
    "PS_R2": 0.16474136074089749,
    "N_solvents": 25
  },
  "ood": {
    "RMSE": 1.0942775407010419,
    "MAE": 0.8267848957904029,
    "R2": -0.031831776565726555,
    "N": 1159,
    "PS_RMSE": 0.8674215991623602,
    "PS_R2": -4.490272439983554,
    "N_solvents": 77
  },
  "sc3_gold": {
    "RMSE": 0.8655061407916947,
    "MAE": 0.6637719283866285,
    "R2": 0.4305194972585301,
    "N": 666,
    "PS_RMSE": 0.7042318952465167,
    "PS_R2": -3989.128915388355,
    "N_solvents": 25
  },
  "_n_train": 458,
  "_n_trainable": 330497,
  "_best_epoch": 47,
  "_val_RMSE": 0.965357359567441,
  "_elapsed_s": 1.2651002407073975,
  "_protocol": "scratch",
  "_variant": "full",
  "_fraction": 0.05,
  "_seed": 789,
  "_approach": "interp"
}