{
  "eval": {
    "RMSE": 0.9506545161307376,
    "MAE": 0.7205615273005923,
    "R2": 0.35152953423565747,
    "N": 717,
    "PS_RMSE": 0.9583780170561118,
    "PS_R2": 0.17263615907031085,
    "N_solvents": 25
  },
  "ood": {
    "RMSE": 0.9312663108749246,
    "MAE": 0.6952908814746008,
    "R2": 0.25268842040280837,
    "N": 1159,
    "PS_RMSE": 0.8012632414621145,
    "PS_R2": -7.260926140980172,
    "N_solvents": 77
  },
  "sc3_gold": {
    "RMSE": 0.8808365218755633,
    "MAE": 0.6728422998635283,
    "R2": 0.4101668471178549,
    "N": 666,
    "PS_RMSE": 0.8029947068633341,
    "PS_R2": -4442.980686857262,
    "N_solvents": 25
  },
  "_n_train": 458,
  "_n_trainable": 330497,
  "_best_epoch": 19,
  "_val_RMSE": 0.9506545161307376,
  "_elapsed_s": 0.7382562160491943,
  "_protocol": "scratch",
  "_variant": "full",
  "_fraction": 0.05,
  "_seed": 101,
  "_approach": "interp"
}