{
  "eval": {
    "RMSE": 0.9708665510081472,
    "MAE": 0.7355144752794812,
    "R2": 0.32366190915272275,
    "N": 717,
    "PS_RMSE": 0.9661578264590744,
    "PS_R2": 0.14553647447361162,
    "N_solvents": 25
  },
  "ood": {
    "RMSE": 1.0887190936427031,
    "MAE": 0.8204223604143495,
    "R2": -0.021375899542422694,
    "N": 1159,
    "PS_RMSE": 0.8797605814761037,
    "PS_R2": -8.288055954856238,
    "N_solvents": 77
  },
  "sc3_gold": {
    "RMSE": 0.8560476809462378,
    "MAE": 0.6432442223225292,
    "R2": 0.4428983267782073,
    "N": 666,
    "PS_RMSE": 0.8222878349677976,
    "PS_R2": -9677.59613517822,
    "N_solvents": 25
  },
  "_n_train": 458,
  "_n_trainable": 330497,
  "_best_epoch": 56,
  "_val_RMSE": 0.9708665510081472,
  "_elapsed_s": 1.3305001258850098,
  "_protocol": "scratch",
  "_variant": "full",
  "_fraction": 0.05,
  "_seed": 456,
  "_approach": "interp"
}