{
  "eval": {
    "RMSE": 1.0400598646773076,
    "MAE": 0.8042315681087635,
    "R2": 0.22382179282342662,
    "N": 717,
    "PS_RMSE": 1.0366529986503497,
    "PS_R2": 0.07742699960145685,
    "N_solvents": 25
  },
  "ood": {
    "RMSE": 1.0436989337437512,
    "MAE": 0.8034085740585494,
    "R2": 0.061348439426193835,
    "N": 1159,
    "PS_RMSE": 0.978721069371347,
    "PS_R2": -10.878834439146374,
    "N_solvents": 77
  },
  "sc3_gold": {
    "RMSE": 1.007174391918004,
    "MAE": 0.7814322820782114,
    "R2": 0.22883394849101857,
    "N": 666,
    "PS_RMSE": 0.8439172543131559,
    "PS_R2": -6298.3456302821705,
    "N_solvents": 25
  },
  "_n_train": 2008,
  "_n_trainable": 129,
  "_best_epoch": 267,
  "_val_RMSE": 1.0400598646773076,
  "_elapsed_s": 4.049254894256592,
  "_protocol": "scratch",
  "_variant": "head_only",
  "_fraction": 0.25,
  "_seed": 456,
  "_approach": "interp"
}