{
  "eval": {
    "RMSE": 1.0218428640251487,
    "MAE": 0.801167841193122,
    "R2": 0.25077371953660266,
    "N": 717,
    "PS_RMSE": 1.0342733563396782,
    "PS_R2": 0.05675664659568953,
    "N_solvents": 25
  },
  "ood": {
    "RMSE": 1.0562368594741987,
    "MAE": 0.8337446528741936,
    "R2": 0.03866099199867812,
    "N": 1159,
    "PS_RMSE": 0.9698088574475942,
    "PS_R2": -6.926266287945139,
    "N_solvents": 77
  },
  "sc3_gold": {
    "RMSE": 1.0117346388137975,
    "MAE": 0.7757475452417893,
    "R2": 0.2218348249430212,
    "N": 666,
    "PS_RMSE": 0.797802518572708,
    "PS_R2": -6263.053301035065,
    "N_solvents": 25
  },
  "_n_train": 2008,
  "_n_trainable": 129,
  "_best_epoch": 248,
  "_val_RMSE": 1.0218428640251487,
  "_elapsed_s": 3.9804203510284424,
  "_protocol": "scratch",
  "_variant": "head_only",
  "_fraction": 0.25,
  "_seed": 101,
  "_approach": "interp"
}