{
  "eval": {
    "RMSE": 1.0235521719925191,
    "MAE": 0.7967985599088083,
    "R2": 0.24826505676833044,
    "N": 717,
    "PS_RMSE": 1.0115560500938023,
    "PS_R2": 0.09785607205008344,
    "N_solvents": 25
  },
  "ood": {
    "RMSE": 1.040486053666958,
    "MAE": 0.7994791086729696,
    "R2": 0.0671185575736094,
    "N": 1159,
    "PS_RMSE": 0.939539708572829,
    "PS_R2": -5.111789710785812,
    "N_solvents": 77
  },
  "sc3_gold": {
    "RMSE": 1.034846656321557,
    "MAE": 0.7943209643068783,
    "R2": 0.18587600666205617,
    "N": 666,
    "PS_RMSE": 0.9024818457517563,
    "PS_R2": -3609.107919185181,
    "N_solvents": 25
  },
  "_n_train": 2008,
  "_n_trainable": 129,
  "_best_epoch": 231,
  "_val_RMSE": 1.0235521719925191,
  "_elapsed_s": 3.594043254852295,
  "_protocol": "scratch",
  "_variant": "head_only",
  "_fraction": 0.25,
  "_seed": 789,
  "_approach": "interp"
}