{
  "eval": {
    "RMSE": 1.0295560661581655,
    "MAE": 0.797709128075452,
    "R2": 0.2394202236438302,
    "N": 717,
    "PS_RMSE": 1.02625903709746,
    "PS_R2": 0.07970081600753648,
    "N_solvents": 25
  },
  "ood": {
    "RMSE": 1.0158305544713848,
    "MAE": 0.790031948943618,
    "R2": 0.11080610958932258,
    "N": 1159,
    "PS_RMSE": 0.924702909129956,
    "PS_R2": -13.578784129800304,
    "N_solvents": 77
  },
  "sc3_gold": {
    "RMSE": 0.9767003167144208,
    "MAE": 0.7648701313820139,
    "R2": 0.27479429861698046,
    "N": 666,
    "PS_RMSE": 0.7820911117256716,
    "PS_R2": -2878.069042273198,
    "N_solvents": 25
  },
  "_n_train": 2008,
  "_n_trainable": 129,
  "_best_epoch": 298,
  "_val_RMSE": 1.0295560661581655,
  "_elapsed_s": 4.382443189620972,
  "_protocol": "scratch",
  "_variant": "head_only",
  "_fraction": 0.25,
  "_seed": 123,
  "_approach": "interp"
}