{
  "eval": {
    "RMSE": 1.0410396557703288,
    "MAE": 0.8121562685737597,
    "R2": 0.22235870260758028,
    "N": 717,
    "PS_RMSE": 1.0309941274438361,
    "PS_R2": 0.0633394881914669,
    "N_solvents": 25
  },
  "ood": {
    "RMSE": 1.1357529738893648,
    "MAE": 0.8763278453309805,
    "R2": -0.11153128878235363,
    "N": 1159,
    "PS_RMSE": 0.9941329280112897,
    "PS_R2": -6.7141626080789205,
    "N_solvents": 77
  },
  "sc3_gold": {
    "RMSE": 1.0229011494981575,
    "MAE": 0.7972913655828595,
    "R2": 0.20456282142720872,
    "N": 666,
    "PS_RMSE": 0.8536613791132246,
    "PS_R2": -1566.0537580431246,
    "N_solvents": 25
  },
  "_n_train": 2008,
  "_n_trainable": 129,
  "_best_epoch": 212,
  "_val_RMSE": 1.0410396557703288,
  "_elapsed_s": 3.5869505405426025,
  "_protocol": "scratch",
  "_variant": "head_only",
  "_fraction": 0.25,
  "_seed": 42,
  "_approach": "interp"
}