{
  "42": {
    "train_time_s": 69.84944462776184,
    "eval": {
      "RMSE": 0.48771891138596885,
      "MAE": 0.3033979093299431,
      "R2": 0.8198530573784628,
      "N": 6969,
      "PS_RMSE": 0.4757340468930806,
      "PS_R2": 0.7854602498409687,
      "N_solvents": 25
    },
    "test_ood": {
      "RMSE": 0.7335479902325744,
      "MAE": 0.5460647008083009,
      "R2": 0.5223140957965733,
      "N": 11940,
      "PS_RMSE": 0.5931927553013202,
      "PS_R2": -10.316508606747762,
      "N_solvents": 145
    },
    "test_gold": {
      "RMSE": 0.8428091704932409,
      "MAE": 0.6667579112757137,
      "R2": 0.483571265496915,
      "N": 4507,
      "PS_RMSE": 0.8327650323004961,
      "PS_R2": -14.138472216963683,
      "N_solvents": 26,
      "Z_RMSE": 46.894818528578575,
      "f_aleatoric": 0.061467091910698754,
      "N_with_uncertainty": 3449
    },
    "test_silver": {
      "RMSE": 0.8133967144890839,
      "MAE": 0.6431983581329893,
      "R2": 0.48597834928429673,
      "N": 5475,
      "PS_RMSE": 0.7846357007418158,
      "PS_R2": -7.322953511183448,
      "N_solvents": 27,
      "Z_RMSE": 42.82191063611109,
      "f_aleatoric": 0.0892687559354226,
      "N_with_uncertainty": 4212
    },
    "test_bronze": {
      "RMSE": 0.8023959977981484,
      "MAE": 0.6347324171517157,
      "R2": 0.4806345412211219,
      "N": 6331,
      "PS_RMSE": 0.7646922751687536,
      "PS_R2": -6.960185812537274,
      "N_solvents": 30,
      "Z_RMSE": 39.883673701021856,
      "f_aleatoric": 0.1384962097930752,
      "N_with_uncertainty": 4881
    }
  },
  "101": {
    "train_time_s": 70.76793909072876,
    "eval": {
      "RMSE": 0.496605887039443,
      "MAE": 0.3126529009849573,
      "R2": 0.8132281452646357,
      "N": 6969,
      "PS_RMSE": 0.4817889576323384,
      "PS_R2": 0.7822249206110716,
      "N_solvents": 25
    },
    "test_ood": {
      "RMSE": 0.7198264159462885,
      "MAE": 0.5384048729767861,
      "R2": 0.540017908737111,
      "N": 11940,
      "PS_RMSE": 0.5782778451137297,
      "PS_R2": -9.797347807350636,
      "N_solvents": 145
    },
    "test_gold": {
      "RMSE": 0.8318553507982822,
      "MAE": 0.6490955167387688,
      "R2": 0.4969078708927933,
      "N": 4507,
      "PS_RMSE": 0.835257763936685,
      "PS_R2": -11.582195792817126,
      "N_solvents": 26,
      "Z_RMSE": 46.52921428327533,
      "f_aleatoric": 0.05914757900840823,
      "N_with_uncertainty": 3449
    },
    "test_silver": {
      "RMSE": 0.7992988385404325,
      "MAE": 0.6218867301753588,
      "R2": 0.503642089035999,
      "N": 5475,
      "PS_RMSE": 0.7920297955814232,
      "PS_R2": -5.56871545739626,
      "N_solvents": 27,
      "Z_RMSE": 42.4280579080532,
      "f_aleatoric": 0.09354226020892688,
      "N_with_uncertainty": 4212
    },
    "test_bronze": {
      "RMSE": 0.7870361154497857,
      "MAE": 0.6175211167374602,
      "R2": 0.5003281555052366,
      "N": 6331,
      "PS_RMSE": 0.7762972272685676,
      "PS_R2": -5.126808800199094,
      "N_solvents": 30,
      "Z_RMSE": 39.50698206617371,
      "f_aleatoric": 0.14013521819299324,
      "N_with_uncertainty": 4881
    }
  },
  "123": {
    "train_time_s": 55.86312818527222,
    "eval": {
      "RMSE": 0.5007054627333252,
      "MAE": 0.3124678810608745,
      "R2": 0.8101317430072829,
      "N": 6969,
      "PS_RMSE": 0.48693547342299176,
      "PS_R2": 0.7777740344019685,
      "N_solvents": 25
    },
    "test_ood": {
      "RMSE": 0.7281143538546195,
      "MAE": 0.5429765369927114,
      "R2": 0.5293646457421024,
      "N": 11940,
      "PS_RMSE": 0.5889150644479898,
      "PS_R2": -10.12880862557936,
      "N_solvents": 145
    },
    "test_gold": {
      "RMSE": 0.7901752836348168,
      "MAE": 0.6137324383714137,
      "R2": 0.5460596628943342,
      "N": 4507,
      "PS_RMSE": 0.7640349187586541,
      "PS_R2": -11.303882627481341,
      "N_solvents": 26,
      "Z_RMSE": 44.014449276263115,
      "f_aleatoric": 0.05827776167004929,
      "N_with_uncertainty": 3449
    },
    "test_silver": {
      "RMSE": 0.7608532233633137,
      "MAE": 0.5869847336352877,
      "R2": 0.5502425623964904,
      "N": 5475,
      "PS_RMSE": 0.7356875492174704,
      "PS_R2": -6.593827183713297,
      "N_solvents": 27,
      "Z_RMSE": 40.181680748212415,
      "f_aleatoric": 0.09971509971509972,
      "N_with_uncertainty": 4212
    },
    "test_bronze": {
      "RMSE": 0.750035174569371,
      "MAE": 0.5776669642356357,
      "R2": 0.5462059290700787,
      "N": 6331,
      "PS_RMSE": 0.7131247090336504,
      "PS_R2": -5.976954386936642,
      "N_solvents": 30,
      "Z_RMSE": 37.428612955474506,
      "f_aleatoric": 0.16144232739192788,
      "N_with_uncertainty": 4881
    }
  },
  "456": {
    "train_time_s": 83.48644971847534,
    "eval": {
      "RMSE": 0.4931431636612396,
      "MAE": 0.30696651996193747,
      "R2": 0.8158237024234578,
      "N": 6969,
      "PS_RMSE": 0.47712868926139707,
      "PS_R2": 0.784740466775575,
      "N_solvents": 25
    },
    "test_ood": {
      "RMSE": 0.7413883298044942,
      "MAE": 0.5508433687011803,
      "R2": 0.5120482790867199,
      "N": 11940,
      "PS_RMSE": 0.5924566968074234,
      "PS_R2": -8.90704612073082,
      "N_solvents": 145
    },
    "test_gold": {
      "RMSE": 0.8131395658997788,
      "MAE": 0.6350727924327223,
      "R2": 0.5192911906698805,
      "N": 4507,
      "PS_RMSE": 0.8463268990517057,
      "PS_R2": -13.189101678418902,
      "N_solvents": 26,
      "Z_RMSE": 44.987340133513946,
      "f_aleatoric": 0.04928964917367353,
      "N_with_uncertainty": 3449
    },
    "test_silver": {
      "RMSE": 0.7822958029419377,
      "MAE": 0.6077484060812794,
      "R2": 0.5245349653502974,
      "N": 5475,
      "PS_RMSE": 0.7944081337493875,
      "PS_R2": -6.987995771141663,
      "N_solvents": 27,
      "Z_RMSE": 41.039582286493726,
      "f_aleatoric": 0.09164292497625831,
      "N_with_uncertainty": 4212
    },
    "test_bronze": {
      "RMSE": 0.7683805508057309,
      "MAE": 0.5973544106652297,
      "R2": 0.5237354220997449,
      "N": 6331,
      "PS_RMSE": 0.7816358103775407,
      "PS_R2": -6.305129086421098,
      "N_solvents": 30,
      "Z_RMSE": 38.22604574427691,
      "f_aleatoric": 0.14259373079287033,
      "N_with_uncertainty": 4881
    }
  },
  "789": {
    "train_time_s": 59.57622051239014,
    "eval": {
      "RMSE": 0.4940463831056701,
      "MAE": 0.3100537139681255,
      "R2": 0.8151484260874473,
      "N": 6969,
      "PS_RMSE": 0.47904395505222747,
      "PS_R2": 0.7839015961611647,
      "N_solvents": 25
    },
    "test_ood": {
      "RMSE": 0.7354366302762915,
      "MAE": 0.5497464273390913,
      "R2": 0.5198511672894612,
      "N": 11940,
      "PS_RMSE": 0.5832419480160189,
      "PS_R2": -10.37046677807676,
      "N_solvents": 145
    },
    "test_gold": {
      "RMSE": 0.8174275813292871,
      "MAE": 0.6397719536077568,
      "R2": 0.5142078768583103,
      "N": 4507,
      "PS_RMSE": 0.8054527663962572,
      "PS_R2": -11.62224108295289,
      "N_solvents": 26,
      "Z_RMSE": 45.29938695856998,
      "f_aleatoric": 0.04262104957958829,
      "N_with_uncertainty": 3449
    },
    "test_silver": {
      "RMSE": 0.7905460425799302,
      "MAE": 0.6208967629491275,
      "R2": 0.5144533945903984,
      "N": 5475,
      "PS_RMSE": 0.758485975698874,
      "PS_R2": -6.407517245314228,
      "N_solvents": 27,
      "Z_RMSE": 41.350888369018215,
      "f_aleatoric": 0.07597340930674264,
      "N_with_uncertainty": 4212
    },
    "test_bronze": {
      "RMSE": 0.7779545892658657,
      "MAE": 0.6127145977307895,
      "R2": 0.5117929468986226,
      "N": 6331,
      "PS_RMSE": 0.7447091994377734,
      "PS_R2": -6.162480568346578,
      "N_solvents": 30,
      "Z_RMSE": 38.50697237569053,
      "f_aleatoric": 0.12763777914361812,
      "N_with_uncertainty": 4881
    }
  }
}