{
  "eval": {
    "RMSE": 0.49191110096486473,
    "MAE": 0.30977079952084885,
    "R2": 0.8167428407012042,
    "N": 6969,
    "PS_RMSE": 0.474971096848746,
    "PS_R2": 0.7948291369241112,
    "N_solvents": 25,
    "train_time_s": 12.023339748382568
  },
  "ood": {
    "RMSE": 0.615637031744547,
    "MAE": 0.43669902900261814,
    "R2": 0.6635389210487099,
    "N": 11940,
    "PS_RMSE": 0.5430229587026896,
    "PS_R2": -9.246659772646982,
    "N_solvents": 146,
    "train_time_s": 12.023339748382568
  },
  "sc3_gold": {
    "RMSE": 0.7331171099450766,
    "MAE": 0.5674991022753932,
    "R2": 0.6092503424959281,
    "N": 4507,
    "PS_RMSE": 0.6084217560392101,
    "PS_R2": -2.4937977378529697,
    "N_solvents": 26,
    "Z_RMSE": 41.38111224783172,
    "f_aleatoric": 0.07451435198608292,
    "N_with_uncertainty": 3449,
    "train_time_s": 12.023339748382568
  },
  "sc3_silver": {
    "RMSE": 0.705789693707041,
    "MAE": 0.54375681470698,
    "R2": 0.6129855244064,
    "N": 5475,
    "PS_RMSE": 0.5740211454764185,
    "PS_R2": -0.843089072807971,
    "N_solvents": 27,
    "Z_RMSE": 37.71839024286634,
    "f_aleatoric": 0.12084520417853752,
    "N_with_uncertainty": 4212,
    "train_time_s": 12.023339748382568
  },
  "sc3_bronze": {
    "RMSE": 0.695737819042891,
    "MAE": 0.5373915999447902,
    "R2": 0.6095308037103,
    "N": 6331,
    "PS_RMSE": 0.5748461536058037,
    "PS_R2": -1.4144537650841869,
    "N_solvents": 30,
    "Z_RMSE": 35.155403922099644,
    "f_aleatoric": 0.17291538619135424,
    "N_with_uncertainty": 4881,
    "train_time_s": 12.023339748382568
  }
}