{
  "eval": {
    "RMSE": 0.48852201298975995,
    "MAE": 0.3033002499696381,
    "R2": 0.819259291925512,
    "N": 6969,
    "PS_RMSE": 0.46839857739558943,
    "PS_R2": 0.7988375806064204,
    "N_solvents": 25,
    "train_time_s": 15.517364025115967
  },
  "ood": {
    "RMSE": 0.6211146489885299,
    "MAE": 0.43507950669847006,
    "R2": 0.6575249746444489,
    "N": 11940,
    "PS_RMSE": 0.5420797530349649,
    "PS_R2": -9.21724793645612,
    "N_solvents": 146,
    "train_time_s": 15.517364025115967
  },
  "sc3_gold": {
    "RMSE": 0.7428730645949857,
    "MAE": 0.5766691855121824,
    "R2": 0.5987813440721784,
    "N": 4507,
    "PS_RMSE": 0.6187111865593723,
    "PS_R2": -3.4700007796955914,
    "N_solvents": 26,
    "Z_RMSE": 42.76996390559383,
    "f_aleatoric": 0.0739344737605103,
    "N_with_uncertainty": 3449,
    "train_time_s": 15.517364025115967
  },
  "sc3_silver": {
    "RMSE": 0.7195052628985962,
    "MAE": 0.5563493924142836,
    "R2": 0.5977977139485697,
    "N": 5475,
    "PS_RMSE": 0.5749625285209449,
    "PS_R2": -0.8688046588289658,
    "N_solvents": 27,
    "Z_RMSE": 39.013462313087075,
    "f_aleatoric": 0.12203228869895537,
    "N_with_uncertainty": 4212,
    "train_time_s": 15.517364025115967
  },
  "sc3_bronze": {
    "RMSE": 0.7184919319536252,
    "MAE": 0.5598510235926901,
    "R2": 0.5835725523419859,
    "N": 6331,
    "PS_RMSE": 0.5827613631947467,
    "PS_R2": -1.433746495388964,
    "N_solvents": 30,
    "Z_RMSE": 36.42892865387643,
    "f_aleatoric": 0.1600081950419996,
    "N_with_uncertainty": 4881,
    "train_time_s": 15.517364025115967
  }
}