{
  "eval": {
    "RMSE": 0.48922590219712064,
    "MAE": 0.30547435215487473,
    "R2": 0.8187380745221793,
    "N": 6969,
    "PS_RMSE": 0.4781105799587766,
    "PS_R2": 0.7909388157344723,
    "N_solvents": 25,
    "train_time_s": 16.944751977920532
  },
  "ood": {
    "RMSE": 0.6167974214871444,
    "MAE": 0.43903625598390206,
    "R2": 0.6622693615068089,
    "N": 11940,
    "PS_RMSE": 0.547677554873988,
    "PS_R2": -8.834729890300625,
    "N_solvents": 146,
    "train_time_s": 16.944751977920532
  },
  "sc3_gold": {
    "RMSE": 0.7496488456587816,
    "MAE": 0.5861272917249409,
    "R2": 0.591428895842574,
    "N": 4507,
    "PS_RMSE": 0.6296744375845955,
    "PS_R2": -3.2921905942426357,
    "N_solvents": 26,
    "Z_RMSE": 42.31246536903781,
    "f_aleatoric": 0.07944331690345027,
    "N_with_uncertainty": 3449,
    "train_time_s": 16.944751977920532
  },
  "sc3_silver": {
    "RMSE": 0.7224787893949662,
    "MAE": 0.5621627501438867,
    "R2": 0.5944664514575488,
    "N": 5475,
    "PS_RMSE": 0.5769618000845694,
    "PS_R2": -0.7303480934237788,
    "N_solvents": 27,
    "Z_RMSE": 38.609824667102096,
    "f_aleatoric": 0.11847103513770181,
    "N_with_uncertainty": 4212,
    "train_time_s": 16.944751977920532
  },
  "sc3_bronze": {
    "RMSE": 0.7167825329608227,
    "MAE": 0.5584651683425448,
    "R2": 0.5855516806819648,
    "N": 6331,
    "PS_RMSE": 0.5706242889853619,
    "PS_R2": -0.8063750407806645,
    "N_solvents": 30,
    "Z_RMSE": 36.01460221559456,
    "f_aleatoric": 0.16574472444171276,
    "N_with_uncertainty": 4881,
    "train_time_s": 16.944751977920532
  }
}