{
  "eval": {
    "RMSE": 0.49621214118035417,
    "MAE": 0.308039199634043,
    "R2": 0.8135242013151329,
    "N": 6969,
    "PS_RMSE": 0.4727474792300727,
    "PS_R2": 0.7949245605100682,
    "N_solvents": 25,
    "train_time_s": 13.431075811386108
  },
  "ood": {
    "RMSE": 0.6176476344257736,
    "MAE": 0.43865563155877735,
    "R2": 0.6613376427542821,
    "N": 11940,
    "PS_RMSE": 0.5479829727958583,
    "PS_R2": -8.352160941810547,
    "N_solvents": 146,
    "train_time_s": 13.431075811386108
  },
  "sc3_gold": {
    "RMSE": 0.7500592063155316,
    "MAE": 0.5892913292182371,
    "R2": 0.5909814666312077,
    "N": 4507,
    "PS_RMSE": 0.631710638922308,
    "PS_R2": -3.4364033976971546,
    "N_solvents": 26,
    "Z_RMSE": 42.93902523161838,
    "f_aleatoric": 0.06465642215134822,
    "N_with_uncertainty": 3449,
    "train_time_s": 13.431075811386108
  },
  "sc3_silver": {
    "RMSE": 0.7252367374733631,
    "MAE": 0.5660703568928019,
    "R2": 0.5913644221057,
    "N": 5475,
    "PS_RMSE": 0.5852875953486054,
    "PS_R2": -0.7145115800918558,
    "N_solvents": 27,
    "Z_RMSE": 39.19832291266165,
    "f_aleatoric": 0.11134852801519468,
    "N_with_uncertainty": 4212,
    "train_time_s": 13.431075811386108
  },
  "sc3_bronze": {
    "RMSE": 0.7204095227396025,
    "MAE": 0.5630792604702022,
    "R2": 0.581346770774678,
    "N": 6331,
    "PS_RMSE": 0.5824995174559953,
    "PS_R2": -1.3097639654206676,
    "N_solvents": 30,
    "Z_RMSE": 36.60808003398233,
    "f_aleatoric": 0.15754968244212253,
    "N_with_uncertainty": 4881,
    "train_time_s": 13.431075811386108
  }
}