{
  "eval": {
    "RMSE": 0.482502439087236,
    "MAE": 0.3017047919293191,
    "R2": 0.8236860279046088,
    "N": 6969,
    "PS_RMSE": 0.46590884971463997,
    "PS_R2": 0.800722394329157,
    "N_solvents": 25,
    "train_time_s": 14.497946739196777
  },
  "ood": {
    "RMSE": 0.6227639200345304,
    "MAE": 0.4427117984172694,
    "R2": 0.6557037841193798,
    "N": 11940,
    "PS_RMSE": 0.542720446951115,
    "PS_R2": -8.268717362554279,
    "N_solvents": 146,
    "train_time_s": 14.497946739196777
  },
  "sc3_gold": {
    "RMSE": 0.734471317586818,
    "MAE": 0.5693768873875348,
    "R2": 0.607805430376465,
    "N": 4507,
    "PS_RMSE": 0.6283660575424316,
    "PS_R2": -3.651863760318402,
    "N_solvents": 26,
    "Z_RMSE": 42.39445031575585,
    "f_aleatoric": 0.08060307335459553,
    "N_with_uncertainty": 3449,
    "train_time_s": 14.497946739196777
  },
  "sc3_silver": {
    "RMSE": 0.7151608994736437,
    "MAE": 0.5517092093237437,
    "R2": 0.6026400350947538,
    "N": 5475,
    "PS_RMSE": 0.5762691245456829,
    "PS_R2": -0.8282783189258774,
    "N_solvents": 27,
    "Z_RMSE": 38.68827043466906,
    "f_aleatoric": 0.11870845204178537,
    "N_with_uncertainty": 4212,
    "train_time_s": 14.497946739196777
  },
  "sc3_bronze": {
    "RMSE": 0.7123533511543578,
    "MAE": 0.5511084144566808,
    "R2": 0.5906578191401384,
    "N": 6331,
    "PS_RMSE": 0.570672835666435,
    "PS_R2": -1.1658935232181864,
    "N_solvents": 30,
    "Z_RMSE": 36.061244801976294,
    "f_aleatoric": 0.1651300962917435,
    "N_with_uncertainty": 4881,
    "train_time_s": 14.497946739196777
  }
}