{
  "method": "lgb",
  "featurizer": "dissolvr",
  "seeds": [
    42,
    101,
    123,
    456,
    789
  ],
  "params": {
    "n_estimators": 3000,
    "learning_rate": 0.05,
    "num_leaves": 127,
    "min_child_samples": 10,
    "feature_fraction": 0.8,
    "bagging_fraction": 0.8,
    "bagging_freq": 5,
    "reg_alpha": 0.1,
    "reg_lambda": 5
  },
  "aggregated": {
    "eval": {
      "RMSE_mean": 0.4896747192838672,
      "RMSE_std": 0.004488007572912213,
      "MAE_mean": 0.30565787864174476,
      "MAE_std": 0.0029599255838283953,
      "R2_mean": 0.8183900872737274,
      "R2_std": 0.003326074757137173,
      "N_mean": 6969.0,
      "N_std": 0.0,
      "PS_RMSE_mean": 0.472027316629565,
      "PS_RMSE_std": 0.0043998626046677335,
      "PS_R2_mean": 0.7960504976208458,
      "PS_R2_std": 0.003420035042453271,
      "N_solvents_mean": 25.0,
      "N_solvents_std": 0.0,
      "train_time_s_mean": 14.482895660400391,
      "train_time_s_std": 1.6903744046693523
    },
    "ood": {
      "RMSE_mean": 0.618792131336105,
      "RMSE_std": 0.0026986140036215885,
      "MAE_mean": 0.4384364443322074,
      "MAE_std": 0.0025680386256732974,
      "R2_mean": 0.6600749368147258,
      "R2_std": 0.002967099450580626,
      "N_mean": 11940.0,
      "N_std": 0.0,
      "PS_RMSE_mean": 0.5446967372717231,
      "PS_RMSE_std": 0.0025783902777890715,
      "PS_R2_mean": -8.783903180753711,
      "PS_R2_std": 0.41384356542063017,
      "N_solvents_mean": 146.0,
      "N_solvents_std": 0.0,
      "train_time_s_mean": 14.482895660400391,
      "train_time_s_std": 1.6903744046693523
    },
    "sc3_gold": {
      "RMSE_mean": 0.7420339088202388,
      "RMSE_std": 0.007208313723765725,
      "MAE_mean": 0.5777927592236577,
      "MAE_std": 0.008714702908888029,
      "R2_mean": 0.5996494958836707,
      "R2_std": 0.007773830546749499,
      "N_mean": 4507.0,
      "N_std": 0.0,
      "PS_RMSE_mean": 0.6233768153295834,
      "PS_RMSE_std": 0.008711223677531717,
      "PS_R2_mean": -3.2688512539613512,
      "PS_R2_std": 0.40410050983294094,
      "N_solvents_mean": 26.0,
      "N_solvents_std": 0.0,
      "Z_RMSE_mean": 42.35940341396751,
      "Z_RMSE_std": 0.5412959338305525,
      "f_aleatoric_mean": 0.07463032763119744,
      "f_aleatoric_std": 0.005635867469906783,
      "N_with_uncertainty_mean": 3449.0,
      "N_with_uncertainty_std": 0.0,
      "train_time_s_mean": 14.482895660400391,
      "train_time_s_std": 1.6903744046693523
    },
    "sc3_silver": {
      "RMSE_mean": 0.7176342765895221,
      "RMSE_std": 0.006799691810641164,
      "MAE_mean": 0.5560097046963393,
      "MAE_std": 0.007846268567727624,
      "R2_mean": 0.5998508294025945,
      "R2_std": 0.0075567956035293305,
      "N_mean": 5475.0,
      "N_std": 0.0,
      "PS_RMSE_mean": 0.5775004387952443,
      "PS_RMSE_std": 0.004024737114078037,
      "PS_R2_mean": -0.7970063448156897,
      "PS_R2_std": 0.06245840338109155,
      "N_solvents_mean": 27.0,
      "N_solvents_std": 0.0,
      "Z_RMSE_mean": 38.64565411407724,
      "Z_RMSE_std": 0.5106160708579288,
      "f_aleatoric_mean": 0.11828110161443495,
      "f_aleatoric_std": 0.0037128238940787503,
      "N_with_uncertainty_mean": 4212.0,
      "N_with_uncertainty_std": 0.0,
      "train_time_s_mean": 14.482895660400391,
      "train_time_s_std": 1.6903744046693523
    },
    "sc3_bronze": {
      "RMSE_mean": 0.7127550315702599,
      "RMSE_std": 0.008915950850911474,
      "MAE_mean": 0.5539790933613816,
      "MAE_std": 0.00917391094360294,
      "R2_mean": 0.5901319253298134,
      "R2_std": 0.010176207567712552,
      "N_mean": 6331.0,
      "N_std": 0.0,
      "PS_RMSE_mean": 0.5762808317816686,
      "PS_RMSE_std": 0.005406916629932352,
      "PS_R2_mean": -1.2260465579785338,
      "PS_R2_std": 0.2303856392818452,
      "N_solvents_mean": 30.0,
      "N_solvents_std": 0.0,
      "Z_RMSE_mean": 36.053651925505854,
      "Z_RMSE_std": 0.501329264568871,
      "f_aleatoric_mean": 0.1642696168817865,
      "f_aleatoric_std": 0.005310045744672446,
      "N_with_uncertainty_mean": 4881.0,
      "N_with_uncertainty_std": 0.0,
      "train_time_s_mean": 14.482895660400391,
      "train_time_s_std": 1.6903744046693523
    }
  },
  "per_seed": {
    "42": {
      "eval": {
        "RMSE": 0.49191110096486473,
        "MAE": 0.30977079952084885,
        "R2": 0.8167428407012042,
        "N": 6969,
        "PS_RMSE": 0.474971096848746,
        "PS_R2": 0.7948291369241112,
        "N_solvents": 25,
        "train_time_s": 12.023339748382568
      },
      "ood": {
        "RMSE": 0.615637031744547,
        "MAE": 0.43669902900261814,
        "R2": 0.6635389210487099,
        "N": 11940,
        "PS_RMSE": 0.5430229587026896,
        "PS_R2": -9.246659772646982,
        "N_solvents": 146,
        "train_time_s": 12.023339748382568
      },
      "sc3_gold": {
        "RMSE": 0.7331171099450766,
        "MAE": 0.5674991022753932,
        "R2": 0.6092503424959281,
        "N": 4507,
        "PS_RMSE": 0.6084217560392101,
        "PS_R2": -2.4937977378529697,
        "N_solvents": 26,
        "Z_RMSE": 41.38111224783172,
        "f_aleatoric": 0.07451435198608292,
        "N_with_uncertainty": 3449,
        "train_time_s": 12.023339748382568
      },
      "sc3_silver": {
        "RMSE": 0.705789693707041,
        "MAE": 0.54375681470698,
        "R2": 0.6129855244064,
        "N": 5475,
        "PS_RMSE": 0.5740211454764185,
        "PS_R2": -0.843089072807971,
        "N_solvents": 27,
        "Z_RMSE": 37.71839024286634,
        "f_aleatoric": 0.12084520417853752,
        "N_with_uncertainty": 4212,
        "train_time_s": 12.023339748382568
      },
      "sc3_bronze": {
        "RMSE": 0.695737819042891,
        "MAE": 0.5373915999447902,
        "R2": 0.6095308037103,
        "N": 6331,
        "PS_RMSE": 0.5748461536058037,
        "PS_R2": -1.4144537650841869,
        "N_solvents": 30,
        "Z_RMSE": 35.155403922099644,
        "f_aleatoric": 0.17291538619135424,
        "N_with_uncertainty": 4881,
        "train_time_s": 12.023339748382568
      }
    },
    "101": {
      "eval": {
        "RMSE": 0.49621214118035417,
        "MAE": 0.308039199634043,
        "R2": 0.8135242013151329,
        "N": 6969,
        "PS_RMSE": 0.4727474792300727,
        "PS_R2": 0.7949245605100682,
        "N_solvents": 25,
        "train_time_s": 13.431075811386108
      },
      "ood": {
        "RMSE": 0.6176476344257736,
        "MAE": 0.43865563155877735,
        "R2": 0.6613376427542821,
        "N": 11940,
        "PS_RMSE": 0.5479829727958583,
        "PS_R2": -8.352160941810547,
        "N_solvents": 146,
        "train_time_s": 13.431075811386108
      },
      "sc3_gold": {
        "RMSE": 0.7500592063155316,
        "MAE": 0.5892913292182371,
        "R2": 0.5909814666312077,
        "N": 4507,
        "PS_RMSE": 0.631710638922308,
        "PS_R2": -3.4364033976971546,
        "N_solvents": 26,
        "Z_RMSE": 42.93902523161838,
        "f_aleatoric": 0.06465642215134822,
        "N_with_uncertainty": 3449,
        "train_time_s": 13.431075811386108
      },
      "sc3_silver": {
        "RMSE": 0.7252367374733631,
        "MAE": 0.5660703568928019,
        "R2": 0.5913644221057,
        "N": 5475,
        "PS_RMSE": 0.5852875953486054,
        "PS_R2": -0.7145115800918558,
        "N_solvents": 27,
        "Z_RMSE": 39.19832291266165,
        "f_aleatoric": 0.11134852801519468,
        "N_with_uncertainty": 4212,
        "train_time_s": 13.431075811386108
      },
      "sc3_bronze": {
        "RMSE": 0.7204095227396025,
        "MAE": 0.5630792604702022,
        "R2": 0.581346770774678,
        "N": 6331,
        "PS_RMSE": 0.5824995174559953,
        "PS_R2": -1.3097639654206676,
        "N_solvents": 30,
        "Z_RMSE": 36.60808003398233,
        "f_aleatoric": 0.15754968244212253,
        "N_with_uncertainty": 4881,
        "train_time_s": 13.431075811386108
      }
    },