{
  "eval": {
    "RMSE": 0.9943330817259856,
    "MAE": 0.7694591032512544,
    "R2": 0.25122474824017516,
    "N": 6969,
    "PS_RMSE": 0.9835491789033003,
    "PS_R2": 0.14546653867550302,
    "N_solvents": 25
  },
  "ood": {
    "RMSE": 1.040448684653618,
    "MAE": 0.8282154909078736,
    "R2": 0.03899268382579757,
    "N": 11940,
    "PS_RMSE": 0.9657308304985879,
    "PS_R2": -45.63701643375538,
    "N_solvents": 146
  },
  "sc3_gold": {
    "RMSE": 1.0587392265788707,
    "MAE": 0.8058605507023712,
    "R2": 0.18505199291197827,
    "N": 4507,
    "PS_RMSE": 0.8826550759378571,
    "PS_R2": -8.358685011224534,
    "N_solvents": 26,
    "Z_RMSE": 61.88960493691784,
    "f_aleatoric": 0.04957958828645984,
    "N_with_uncertainty": 3449
  },
  "_n_train": 15352,
  "_n_trainable": 129,
  "_best_epoch": 137,
  "_val_RMSE": 0.9943330817259856,
  "_elapsed_s": 13.329756259918213,
  "_protocol": "scratch",
  "_variant": "head_only",
  "_fraction": 0.25,
  "_seed": 456
}