{
  "eval": {
    "RMSE": 0.9885700246406499,
    "MAE": 0.7716055544229126,
    "R2": 0.2598792509634329,
    "N": 6969,
    "PS_RMSE": 0.9928408766361706,
    "PS_R2": 0.12182780194283586,
    "N_solvents": 25
  },
  "ood": {
    "RMSE": 1.0567145094589934,
    "MAE": 0.8409844293631621,
    "R2": 0.00871004754108684,
    "N": 11940,
    "PS_RMSE": 0.9538413501909557,
    "PS_R2": -37.11067300253281,
    "N_solvents": 146
  },
  "sc3_gold": {
    "RMSE": 1.0432242721807186,
    "MAE": 0.7881211997008458,
    "R2": 0.20876177526682338,
    "N": 4507,
    "PS_RMSE": 0.8726059459722172,
    "PS_R2": -7.143745189391457,
    "N_solvents": 26,
    "Z_RMSE": 60.5214547113764,
    "f_aleatoric": 0.04639025804581038,
    "N_with_uncertainty": 3449
  },
  "_n_train": 15352,
  "_n_trainable": 129,
  "_best_epoch": 35,
  "_val_RMSE": 0.9885700246406499,
  "_elapsed_s": 5.69273042678833,
  "_protocol": "scratch",
  "_variant": "head_only",
  "_fraction": 0.25,
  "_seed": 101
}