{
  "eval": {
    "RMSE": 0.9881900780082448,
    "MAE": 0.7635364778065469,
    "R2": 0.2604480570971074,
    "N": 6969,
    "PS_RMSE": 0.9831495858381966,
    "PS_R2": 0.13367281548006252,
    "N_solvents": 25
  },
  "ood": {
    "RMSE": 1.0749825948497105,
    "MAE": 0.844672888613036,
    "R2": -0.025860311590614637,
    "N": 11940,
    "PS_RMSE": 1.0996330736851059,
    "PS_R2": -98.7989624501037,
    "N_solvents": 146
  },
  "sc3_gold": {
    "RMSE": 1.0093597069813187,
    "MAE": 0.7818761855553218,
    "R2": 0.2592974807132924,
    "N": 4507,
    "PS_RMSE": 0.8288582235353504,
    "PS_R2": -5.291139285535525,
    "N_solvents": 26,
    "Z_RMSE": 58.31379455232611,
    "f_aleatoric": 0.04146129312844303,
    "N_with_uncertainty": 3449
  },
  "_n_train": 15352,
  "_n_trainable": 129,
  "_best_epoch": 190,
  "_val_RMSE": 0.9881900780082448,
  "_elapsed_s": 17.33410143852234,
  "_protocol": "scratch",
  "_variant": "head_only",
  "_fraction": 0.25,
  "_seed": 123
}