{
  "eval": {
    "RMSE": 1.0196636021886916,
    "MAE": 0.7869622072731579,
    "R2": 0.21258888957033883,
    "N": 6969,
    "PS_RMSE": 1.018410387651581,
    "PS_R2": 0.05572017046212311,
    "N_solvents": 25
  },
  "ood": {
    "RMSE": 1.0946693508541756,
    "MAE": 0.8648205904868342,
    "R2": -0.06377867564140605,
    "N": 11940,
    "PS_RMSE": 0.972034956361767,
    "PS_R2": -45.617257159826835,
    "N_solvents": 146
  },
  "sc3_gold": {
    "RMSE": 1.0358816549324474,
    "MAE": 0.8022458826306912,
    "R2": 0.21986066151805517,
    "N": 4507,
    "PS_RMSE": 0.851755294243204,
    "PS_R2": -10.930418470505314,
    "N_solvents": 26,
    "Z_RMSE": 60.18860893896352,
    "f_aleatoric": 0.04233111046680197,
    "N_with_uncertainty": 3449
  },
  "_n_train": 15352,
  "_n_trainable": 129,
  "_best_epoch": 47,
  "_val_RMSE": 1.0196636021886916,
  "_elapsed_s": 6.5741400718688965,
  "_protocol": "scratch",
  "_variant": "head_only",
  "_fraction": 0.25,
  "_seed": 42
}