{
  "eval": {
    "RMSE": 0.9854664709180028,
    "MAE": 0.7676682748052664,
    "R2": 0.26451908182573436,
    "N": 6969,
    "PS_RMSE": 0.9608447174634415,
    "PS_R2": 0.17197720743483813,
    "N_solvents": 25
  },
  "ood": {
    "RMSE": 1.0474695839341481,
    "MAE": 0.8376587645166601,
    "R2": 0.025979259227504103,
    "N": 11940,
    "PS_RMSE": 0.9881856838601196,
    "PS_R2": -69.56533997689058,
    "N_solvents": 146
  },
  "sc3_gold": {
    "RMSE": 1.1083329862146436,
    "MAE": 0.8577733344042904,
    "R2": 0.1069157886397345,
    "N": 4507,
    "PS_RMSE": 0.912626601293109,
    "PS_R2": -8.38854914084587,
    "N_solvents": 26,
    "Z_RMSE": 63.9702687335947,
    "f_aleatoric": 0.032473180632067264,
    "N_with_uncertainty": 3449
  },
  "_n_train": 15352,
  "_n_trainable": 129,
  "_best_epoch": 116,
  "_val_RMSE": 0.9854664709180028,
  "_elapsed_s": 11.767901182174683,
  "_protocol": "scratch",
  "_variant": "head_only",
  "_fraction": 0.25,
  "_seed": 789
}