{
  "method": "fastprop",
  "fraction": 1.0,
  "seed": 42,
  "params": {
    "lr": 0.0005,
    "batch_size": 256,
    "hidden_dims": [
      512,
      256,
      128
    ],
    "dropout": 0.2,
    "weight_decay": 0.0001,
    "epochs": 300,
    "patience": 40,
    "lr_patience": 15
  },
  "wall_time_s": 125.46137261390686,
  "metrics": {
    "eval": {
      "RMSE": 0.4512706217843229,
      "MAE": 0.2745366263852123,
      "R2": 0.8457724973795064,
      "N": 6969,
      "PS_RMSE": 0.4444566459672787,
      "PS_R2": 0.8100275950796807,
      "N_solvents": 25
    },
    "ood": {
      "RMSE": 0.6903162658510218,
      "MAE": 0.5051614994594742,
      "R2": 0.5769598615673033,
      "N": 11940,
      "PS_RMSE": 0.6387278117892583,
      "PS_R2": -15.237724720921133,
      "N_solvents": 146
    },
    "sc3_gold": {
      "RMSE": 0.8071191137317792,
      "MAE": 0.5974687960863673,
      "R2": 0.5263831343096538,
      "N": 4507,
      "PS_RMSE": 0.771933968820809,
      "PS_R2": -9.553858744571947,
      "N_solvents": 26,
      "Z_RMSE": 45.79289685301367,
      "f_aleatoric": 0.06755581327921137,
      "N_with_uncertainty": 3449
    },
    "_n_train": 61403,
    "_best_epoch": 170,
    "_train_RMSE_at_best": 0.19858907711988624,
    "_val_RMSE_best": 0.45127060045364537,
    "_n_params": 330497
  }
}