{
  "train_time_s": 18.635107278823853,
  "best_epoch": 15,
  "best_val_loss": 0.22291049361228943,
  "eval": {
    "RMSE": 0.47213397879426794,
    "MAE": 0.29858302294292477,
    "R2": 0.8311822069212408,
    "N": 6969,
    "PS_RMSE": 0.46514729188807924,
    "PS_R2": 0.8003444406217329,
    "N_solvents": 25
  },
  "test_hard": {
    "RMSE": 0.8242682592553718,
    "MAE": 0.6179828897236366,
    "R2": 0.5060431109977773,
    "N": 4507,
    "PS_RMSE": 0.8686255346127456,
    "PS_R2": -17.828551646451373,
    "N_solvents": 26,
    "Z_RMSE": 48.274566941549615,
    "f_aleatoric": 0.05421861409104088,
    "N_with_uncertainty": 3449
  },
  "test_medium": {
    "RMSE": 0.8116685361536436,
    "MAE": 0.6129332928771852,
    "R2": 0.48816025482175984,
    "N": 5475,
    "PS_RMSE": 0.8214837301074027,
    "PS_R2": -9.895877376475928,
    "N_solvents": 27,
    "Z_RMSE": 44.21350221668141,
    "f_aleatoric": 0.07858499525166192,
    "N_with_uncertainty": 4212
  },
  "test_easy": {
    "RMSE": 0.791061729847518,
    "MAE": 0.5961980977232113,
    "R2": 0.4952035356526814,
    "N": 6331,
    "PS_RMSE": 0.759937424750655,
    "PS_R2": -2.8740718354204797,
    "N_solvents": 30,
    "Z_RMSE": 41.11949518384798,
    "f_aleatoric": 0.14607662364269616,
    "N_with_uncertainty": 4881
  },
  "artifacts": {
    "seed_dir": "/DATATWO/users/solubility/Dhairya/sc3-benchmark-descriptor-runner/results/hpo_mlp_trial_022/seed_42",
    "checkpoints_dir": "/DATATWO/users/solubility/Dhairya/sc3-benchmark-descriptor-runner/results/hpo_mlp_trial_022/seed_42/checkpoints",
    "predictions_dir": "/DATATWO/users/solubility/Dhairya/sc3-benchmark-descriptor-runner/results/hpo_mlp_trial_022/seed_42/predictions",
    "epoch_history_json": "/DATATWO/users/solubility/Dhairya/sc3-benchmark-descriptor-runner/results/hpo_mlp_trial_022/seed_42/epoch_history.json",
    "best_model_pkl": "/DATATWO/users/solubility/Dhairya/sc3-benchmark-descriptor-runner/results/hpo_mlp_trial_022/seed_42/best_model.pkl",
    "run_config_json": "/DATATWO/users/solubility/Dhairya/sc3-benchmark-descriptor-runner/results/hpo_mlp_trial_022/seed_42/run_config.json"
  }
}