{
  "method": "hpo_descriptor_mlp",
  "n_seeds": 27,
  "eval_RMSE_mean": 0.4703183728939012,
  "eval_RMSE_std": 0.008642146341468728,
  "eval_MAE_mean": 0.2949143394848638,
  "eval_MAE_std": 0.0085027821900159,
  "eval_R2_mean": 0.8324215357686058,
  "eval_R2_std": 0.006158629769819569,
  "eval_PS_RMSE_mean": 0.4603431694398916,
  "eval_PS_RMSE_std": 0.00867715085432698,
  "eval_PS_R2_mean": 0.8009727273445155,
  "eval_PS_R2_std": 0.008143139043320383,
  "test_hard_RMSE_mean": 0.841681739445479,
  "test_hard_RMSE_std": 0.029781641711345747,
  "test_hard_MAE_mean": 0.6140560564441745,
  "test_hard_MAE_std": 0.01469101411387618,
  "test_hard_R2_mean": 0.4843071653702382,
  "test_hard_R2_std": 0.036999177987838645,
  "test_hard_PS_RMSE_mean": 0.8245402813076818,
  "test_hard_PS_RMSE_std": 0.021594412799886324,
  "test_hard_PS_R2_mean": -12.128875787551124,
  "test_hard_PS_R2_std": 2.773347103950939,
  "test_hard_Z_RMSE_mean": 48.931579194682264,
  "test_hard_Z_RMSE_std": 2.1376309456462135,
  "test_medium_RMSE_mean": 0.8146304909029971,
  "test_medium_RMSE_std": 0.027818463724002387,
  "test_medium_MAE_mean": 0.597114533900119,
  "test_medium_MAE_std": 0.013623300163781422,
  "test_medium_R2_mean": 0.48381657691815955,
  "test_medium_R2_std": 0.035668227558729275,
  "test_medium_PS_RMSE_mean": 0.7780423976871114,
  "test_medium_PS_RMSE_std": 0.020459775498864487,
  "test_medium_PS_R2_mean": -7.236196943637915,
  "test_medium_PS_R2_std": 2.020576642643436,
  "test_medium_Z_RMSE_mean": 44.66254022155305,
  "test_medium_Z_RMSE_std": 1.9397467191240356,
  "test_easy_RMSE_mean": 0.7905198501357795,
  "test_easy_RMSE_std": 0.02565375247965504,
  "test_easy_MAE_mean": 0.5800824100628331,
  "test_easy_MAE_std": 0.013344937595206987,
  "test_easy_R2_mean": 0.49536399182932844,
  "test_easy_R2_std": 0.033087139729172134,
  "test_easy_PS_RMSE_mean": 0.7246512497016983,
  "test_easy_PS_RMSE_std": 0.022969130886398268,
  "test_easy_PS_R2_mean": -2.086238779796506,
  "test_easy_PS_R2_std": 0.6438474054858564,
  "test_easy_Z_RMSE_mean": 41.54141813345785,
  "test_easy_Z_RMSE_std": 1.8052964587209843,
  "train_time_mean_s": 46.51748464725636
}