{
  "method": "fastprop_big",
  "fractions": [
    0.05,
    0.1,
    0.2,
    0.4,
    0.6,
    0.8,
    1.0
  ],
  "seeds": [
    42
  ],
  "by_fraction": {
    "0.050": {
      "aggregated": {
        "eval": {
          "RMSE_mean": 0.6906812641768977,
          "RMSE_std": 0.0,
          "RMSE_n": 1,
          "MAE_mean": 0.48142141278646106,
          "MAE_std": 0.0,
          "MAE_n": 1,
          "R2_mean": 0.6387207207025766,
          "R2_std": 0.0,
          "R2_n": 1,
          "N_mean": 6969.0,
          "N_std": 0.0,
          "N_n": 1,
          "PS_RMSE_mean": 0.6752505655013237,
          "PS_RMSE_std": 0.0,
          "PS_RMSE_n": 1,
          "PS_R2_mean": 0.5509382388981762,
          "PS_R2_std": 0.0,
          "PS_R2_n": 1,
          "N_solvents_mean": 25.0,
          "N_solvents_std": 0.0,
          "N_solvents_n": 1
        },
        "ood": {
          "RMSE_mean": 0.8252998325606266,
          "RMSE_std": 0.0,
          "RMSE_n": 1,
          "MAE_mean": 0.6196552958926189,
          "MAE_std": 0.0,
          "MAE_n": 1,
          "R2_mean": 0.39534329083394293,
          "R2_std": 0.0,
          "R2_n": 1,
          "N_mean": 11940.0,
          "N_std": 0.0,
          "N_n": 1,
          "PS_RMSE_mean": 0.7923108121526989,
          "PS_RMSE_std": 0.0,
          "PS_RMSE_n": 1,
          "PS_R2_mean": -44.708267499187684,
          "PS_R2_std": 0.0,
          "PS_R2_n": 1,
          "N_solvents_mean": 146.0,
          "N_solvents_std": 0.0,
          "N_solvents_n": 1
        },
        "sc3_gold": {
          "RMSE_mean": 0.7626344101605302,
          "RMSE_std": 0.0,
          "RMSE_n": 1,
          "MAE_mean": 0.617633469508692,
          "MAE_std": 0.0,
          "MAE_n": 1,
          "R2_mean": 0.5771516028330772,
          "R2_std": 0.0,
          "R2_n": 1,
          "N_mean": 4507.0,
          "N_std": 0.0,
          "N_n": 1,
          "PS_RMSE_mean": 0.7150250093170978,
          "PS_RMSE_std": 0.0,
          "PS_RMSE_n": 1,
          "PS_R2_mean": -5.531400444364409,
          "PS_R2_std": 0.0,
          "PS_R2_n": 1,
          "N_solvents_mean": 26.0,
          "N_solvents_std": 0.0,
          "N_solvents_n": 1,
          "Z_RMSE_mean": 44.12172115015004,
          "Z_RMSE_std": 0.0,
          "Z_RMSE_n": 1,
          "f_aleatoric_mean": 0.040881414902870394,
          "f_aleatoric_std": 0.0,
          "f_aleatoric_n": 1,
          "N_with_uncertainty_mean": 3449.0,
          "N_with_uncertainty_std": 0.0,
          "N_with_uncertainty_n": 1
        }
      },
      "n_train_mean": 3070.0
    },
    "0.100": {
      "aggregated": {
        "eval": {
          "RMSE_mean": 0.5700142286788518,
          "RMSE_std": 0.0,
          "RMSE_n": 1,
          "MAE_mean": 0.3827397333431887,
          "MAE_std": 0.0,
          "MAE_n": 1,
          "R2_mean": 0.7539297578018412,
          "R2_std": 0.0,
          "R2_n": 1,
          "N_mean": 6969.0,
          "N_std": 0.0,
          "N_n": 1,
          "PS_RMSE_mean": 0.5579174974832085,
          "PS_RMSE_std": 0.0,
          "PS_RMSE_n": 1,
          "PS_R2_mean": 0.6919143410701745,
          "PS_R2_std": 0.0,
          "PS_R2_n": 1,
          "N_solvents_mean": 25.0,
          "N_solvents_std": 0.0,
          "N_solvents_n": 1
        },
        "ood": {
          "RMSE_mean": 0.7609042954596126,
          "RMSE_std": 0.0,
          "RMSE_n": 1,
          "MAE_mean": 0.550687362374776,
          "MAE_std": 0.0,
          "MAE_n": 1,
          "R2_mean": 0.4860209306627592,
          "R2_std": 0.0,
          "R2_n": 1,
          "N_mean": 11940.0,
          "N_std": 0.0,
          "N_n": 1,
          "PS_RMSE_mean": 0.7092006371225261,
          "PS_RMSE_std": 0.0,
          "PS_RMSE_n": 1,
          "PS_R2_mean": -43.33917432444841,
          "PS_R2_std": 0.0,
          "PS_R2_n": 1,
          "N_solvents_mean": 146.0,
          "N_solvents_std": 0.0,
          "N_solvents_n": 1
        },
        "sc3_gold": {
          "RMSE_mean": 0.7489867827437579,
          "RMSE_std": 0.0,
          "RMSE_n": 1,
          "MAE_mean": 0.5798707945150484,
          "MAE_std": 0.0,
          "MAE_n": 1,
          "R2_mean": 0.5921502477927276,
          "R2_std": 0.0,
          "R2_n": 1,
          "N_mean": 4507.0,
          "N_std": 0.0,
          "N_n": 1,
          "PS_RMSE_mean": 0.7621753687176368,
          "PS_RMSE_std": 0.0,
          "PS_RMSE_n": 1,
          "PS_R2_mean": -9.89764522230979,
          "PS_R2_std": 0.0,
          "PS_R2_n": 1,
          "N_solvents_mean": 26.0,
          "N_solvents_std": 0.0,
          "N_solvents_n": 1,
          "Z_RMSE_mean": 44.16379405686747,
          "Z_RMSE_std": 0.0,
          "Z_RMSE_n": 1,
          "f_aleatoric_mean": 0.06059727457233981,
          "f_aleatoric_std": 0.0,
          "f_aleatoric_n": 1,
          "N_with_uncertainty_mean": 3449.0,
          "N_with_uncertainty_std": 0.0,
          "N_with_uncertainty_n": 1
        }
      },
      "n_train_mean": 6140.0
    },
    "0.200": {
      "aggregated": {
        "eval": {
          "RMSE_mean": 0.5052402707447634,
          "RMSE_std": 0.0,
          "RMSE_n": 1,
          "MAE_mean": 0.3290027092068992,
          "MAE_std": 0.0,
          "MAE_n": 1,
          "R2_mean": 0.8066769573273247,
          "R2_std": 0.0,
          "R2_n": 1,
          "N_mean": 6969.0,
          "N_std": 0.0,
          "N_n": 1,
          "PS_RMSE_mean": 0.493344437803767,
          "PS_RMSE_std": 0.0,
          "PS_RMSE_n": 1,
          "PS_R2_mean": 0.7720406400824406,
          "PS_R2_std": 0.0,
          "PS_R2_n": 1,
          "N_solvents_mean": 25.0,
          "N_solvents_std": 0.0,
          "N_solvents_n": 1
        },
        "ood": {
          "RMSE_mean": 0.7368138132367403,
          "RMSE_std": 0.0,
          "RMSE_n": 1,
          "MAE_mean": 0.535298407526172,
          "MAE_std": 0.0,
          "MAE_n": 1,
          "R2_mean": 0.5180512254995178,
          "R2_std": 0.0,
          "R2_n": 1,
          "N_mean": 11940.0,
          "N_std": 0.0,
          "N_n": 1,
          "PS_RMSE_mean": 0.6455673910595834,
          "PS_RMSE_std": 0.0,
          "PS_RMSE_n": 1,
          "PS_R2_mean": -17.287196958555995,
          "PS_R2_std": 0.0,
          "PS_R2_n": 1,
          "N_solvents_mean": 146.0,
          "N_solvents_std": 0.0,
          "N_solvents_n": 1
        },
        "sc3_gold": {
          "RMSE_mean": 0.8128325602253131,
          "RMSE_std": 0.0,
          "RMSE_n": 1,
          "MAE_mean": 0.6079038866408768,
          "MAE_std": 0.0,
          "MAE_n": 1,
          "R2_mean": 0.5196541096689182,
          "R2_std": 0.0,
          "R2_n": 1,
          "N_mean": 4507.0,
          "N_std": 0.0,
          "N_n": 1,
          "PS_RMSE_mean": 0.8101518523493444,
          "PS_RMSE_std": 0.0,
          "PS_RMSE_n": 1,
          "PS_R2_mean": -12.537772117189045,
          "PS_R2_std": 0.0,
          "PS_R2_n": 1,
          "N_solvents_mean": 26.0,
          "N_solvents_std": 0.0,
          "N_solvents_n": 1,
          "Z_RMSE_mean": 47.32481538414468,
          "Z_RMSE_std": 0.0,
          "Z_RMSE_n": 1,
          "f_aleatoric_mean": 0.06581617860249347,
          "f_aleatoric_std": 0.0,
          "f_aleatoric_n": 1,
          "N_with_uncertainty_mean": 3449.0,
          "N_with_uncertainty_std": 0.0,
          "N_with_uncertainty_n": 1
        }
      },
      "n_train_mean": 12281.0
    },
    "0.400": {
      "aggregated": {
        "eval": {
          "RMSE_mean": 0.4726420339732654,
          "RMSE_std": 0.0,
          "RMSE_n": 1,
          "MAE_mean": 0.2968394460087201,
          "MAE_std": 0.0,
          "MAE_n": 1,
          "R2_mean": 0.8308186880049782,
          "R2_std": 0.0,
          "R2_n": 1,
          "N_mean": 6969.0,
          "N_std": 0.0,
          "N_n": 1,
          "PS_RMSE_mean": 0.46592910320733305,
          "PS_RMSE_std": 0.0,
          "PS_RMSE_n": 1,
          "PS_R2_mean": 0.796638933283329,
          "PS_R2_std": 0.0,