{
  "train_time_s": 420.5886163711548,
  "best_epoch": 98,
  "best_val_loss": 0.370025634765625,
  "eval": {
    "RMSE": 0.6082973397738517,
    "MAE": 0.41103883628482374,
    "R2": 0.7197668305457052,
    "N": 6969,
    "PS_RMSE": 0.5931147802092105,
    "PS_R2": 0.6752553288193203,
    "N_solvents": 25
  },
  "test_hard": {
    "RMSE": 1.0709181896094309,
    "MAE": 0.861481798386599,
    "R2": 0.16619502105135997,
    "N": 4507,
    "PS_RMSE": 0.9680193101024975,
    "PS_R2": -13.93607637617596,
    "N_solvents": 26,
    "Z_RMSE": 61.85657347724521,
    "f_aleatoric": 0.031603363293708324,
    "N_with_uncertainty": 3449
  },
  "test_medium": {
    "RMSE": 1.0241581752991467,
    "MAE": 0.815673574276697,
    "R2": 0.1850881062341203,
    "N": 5475,
    "PS_RMSE": 0.8973201197763638,
    "PS_R2": -10.13617646508711,
    "N_solvents": 27,
    "Z_RMSE": 56.33626651205638,
    "f_aleatoric": 0.059591642924976256,
    "N_with_uncertainty": 4212
  },
  "test_easy": {
    "RMSE": 1.0086948827458755,
    "MAE": 0.8029689656472242,
    "R2": 0.17924187564751848,
    "N": 6331,
    "PS_RMSE": 0.844601124603375,
    "PS_R2": -2.937646194265444,
    "N_solvents": 30,
    "Z_RMSE": 52.524923831301976,
    "f_aleatoric": 0.10182339684490883,
    "N_with_uncertainty": 4881
  },
  "artifacts": {
    "seed_dir": "/DATATWO/users/solubility/Dhairya/sc3-benchmark-gnn-runner/results/hpo_gcn_trial_022/seed_42",
    "checkpoints_dir": "/DATATWO/users/solubility/Dhairya/sc3-benchmark-gnn-runner/results/hpo_gcn_trial_022/seed_42/checkpoints",
    "predictions_dir": "/DATATWO/users/solubility/Dhairya/sc3-benchmark-gnn-runner/results/hpo_gcn_trial_022/seed_42/predictions",
    "epoch_history_json": "/DATATWO/users/solubility/Dhairya/sc3-benchmark-gnn-runner/results/hpo_gcn_trial_022/seed_42/epoch_history.json",
    "best_model_pkl": "/DATATWO/users/solubility/Dhairya/sc3-benchmark-gnn-runner/results/hpo_gcn_trial_022/seed_42/best_model.pkl",
    "run_config_json": "/DATATWO/users/solubility/Dhairya/sc3-benchmark-gnn-runner/results/hpo_gcn_trial_022/seed_42/run_config.json"
  }
}