{
  "eval": {
    "RMSE": 0.6666102507604688,
    "MAE": 0.45113659154278896,
    "R2": 0.6890008847717586,
    "N": 848,
    "PS_RMSE": 0.6837079429398834,
    "PS_R2": 0.5280671819318059,
    "N_solvents": 25
  },
  "ood": {
    "RMSE": 0.7945078672066404,
    "MAE": 0.5732692323614998,
    "R2": 0.4541626469469269,
    "N": 1500,
    "PS_RMSE": 0.6557062659492059,
    "PS_R2": -24.898709704953106,
    "N_solvents": 95
  },
  "sc3_gold": {
    "RMSE": 0.8112177434530926,
    "MAE": 0.6176399738885134,
    "R2": 0.5020622523731546,
    "N": 477,
    "PS_RMSE": 0.7992397068671198,
    "PS_R2": -0.5256528163579905,
    "N_solvents": 17,
    "Z_RMSE": 44.59723923602212,
    "f_aleatoric": 0.0706401766004415,
    "N_with_uncertainty": 453
  },
  "_n_train": 1877,
  "_n_trainable": 330497,
  "_best_epoch": 57,
  "_val_RMSE": 0.6666102507604688,
  "_elapsed_s": 2.2381093502044678,
  "_protocol": "qm",
  "_variant": "full",
  "_fraction": 0.25,
  "_seed": 789,
  "_approach": "filter"
}