{
  "eval": {
    "RMSE": 0.7083936432266011,
    "MAE": 0.4773357107621433,
    "R2": 0.6487919280983523,
    "N": 848,
    "PS_RMSE": 0.7154189823137733,
    "PS_R2": 0.5206166078065896,
    "N_solvents": 25
  },
  "ood": {
    "RMSE": 0.7527681792316642,
    "MAE": 0.5483478347673857,
    "R2": 0.5100075895295472,
    "N": 1500,
    "PS_RMSE": 0.6068134582968736,
    "PS_R2": -37.63531810466056,
    "N_solvents": 95
  },
  "sc3_gold": {
    "RMSE": 0.7408037340575522,
    "MAE": 0.6008247403463103,
    "R2": 0.5847530095724244,
    "N": 477,
    "PS_RMSE": 0.8142790017417286,
    "PS_R2": -0.6426199980592769,
    "N_solvents": 17,
    "Z_RMSE": 40.39761770503383,
    "f_aleatoric": 0.059602649006622516,
    "N_with_uncertainty": 453
  },
  "_n_train": 1877,
  "_n_trainable": 330497,
  "_best_epoch": 85,
  "_val_RMSE": 0.7083936432266011,
  "_elapsed_s": 2.8935320377349854,
  "_protocol": "qm",
  "_variant": "full",
  "_fraction": 0.25,
  "_seed": 123,
  "_approach": "filter"
}