{
  "eval": {
    "RMSE": 0.6825925531271835,
    "MAE": 0.4507596264038683,
    "R2": 0.6739094074344685,
    "N": 848,
    "PS_RMSE": 0.6713653324903199,
    "PS_R2": 0.5878050747753196,
    "N_solvents": 25
  },
  "ood": {
    "RMSE": 0.7714388967101539,
    "MAE": 0.5608694746993327,
    "R2": 0.4853998438825209,
    "N": 1500,
    "PS_RMSE": 0.6439915933028963,
    "PS_R2": -53.39763187193545,
    "N_solvents": 95
  },
  "sc3_gold": {
    "RMSE": 0.7978857157830022,
    "MAE": 0.6189242913827019,
    "R2": 0.518294562921986,
    "N": 477,
    "PS_RMSE": 0.815771525614224,
    "PS_R2": -1.1672948074247098,
    "N_solvents": 17,
    "Z_RMSE": 43.9851317428492,
    "f_aleatoric": 0.033112582781456956,
    "N_with_uncertainty": 453
  },
  "_n_train": 1877,
  "_n_trainable": 330497,
  "_best_epoch": 133,
  "_val_RMSE": 0.6825925531271835,
  "_elapsed_s": 3.937804937362671,
  "_protocol": "qm",
  "_variant": "full",
  "_fraction": 0.25,
  "_seed": 456,
  "_approach": "filter"
}