{
  "eval": {
    "RMSE": 0.669133823842646,
    "MAE": 0.44477345579565186,
    "R2": 0.6866417414775077,
    "N": 848,
    "PS_RMSE": 0.6874847112035667,
    "PS_R2": 0.536998676680731,
    "N_solvents": 25
  },
  "ood": {
    "RMSE": 0.7930324318633619,
    "MAE": 0.5838179064345701,
    "R2": 0.45618805153478625,
    "N": 1500,
    "PS_RMSE": 0.6610797426814242,
    "PS_R2": -22.876978627348524,
    "N_solvents": 95
  },
  "sc3_gold": {
    "RMSE": 0.8183639322316424,
    "MAE": 0.62877002619285,
    "R2": 0.49325073331081015,
    "N": 477,
    "PS_RMSE": 0.8759504297082465,
    "PS_R2": -3.350331437973419,
    "N_solvents": 17,
    "Z_RMSE": 44.99548148040571,
    "f_aleatoric": 0.05518763796909492,
    "N_with_uncertainty": 453
  },
  "_n_train": 1877,
  "_n_trainable": 330497,
  "_best_epoch": 130,
  "_val_RMSE": 0.669133823842646,
  "_elapsed_s": 3.8458821773529053,
  "_protocol": "qm",
  "_variant": "full",
  "_fraction": 0.25,
  "_seed": 101,
  "_approach": "filter"
}