{
  "eval": {
    "RMSE": 0.6825434946893866,
    "MAE": 0.45617701228376356,
    "R2": 0.6739562785000911,
    "N": 848,
    "PS_RMSE": 0.6714190474338335,
    "PS_R2": 0.5581747789555174,
    "N_solvents": 25
  },
  "ood": {
    "RMSE": 0.7743690287542608,
    "MAE": 0.5555592099914793,
    "R2": 0.48148324072308946,
    "N": 1500,
    "PS_RMSE": 0.5777990358122128,
    "PS_R2": -14.760752430956748,
    "N_solvents": 95
  },
  "sc3_gold": {
    "RMSE": 0.8128860066422435,
    "MAE": 0.6334509604319587,
    "R2": 0.5000121360469675,
    "N": 477,
    "PS_RMSE": 0.8773527689992606,
    "PS_R2": -3.0109112096087816,
    "N_solvents": 17,
    "Z_RMSE": 44.56471119235444,
    "f_aleatoric": 0.08388520971302428,
    "N_with_uncertainty": 453
  },
  "_n_train": 1877,
  "_n_trainable": 330497,
  "_best_epoch": 81,
  "_val_RMSE": 0.6825434946893866,
  "_elapsed_s": 2.7981324195861816,
  "_protocol": "qm",
  "_variant": "full",
  "_fraction": 0.25,
  "_seed": 42,
  "_approach": "filter"
}