{
  "eval": {
    "RMSE": 0.5716435597526194,
    "MAE": 0.3998414990020641,
    "R2": 0.7525210108562779,
    "N": 6969,
    "PS_RMSE": 0.568274044413262,
    "PS_R2": 0.7126432292787561,
    "N_solvents": 25,
    "train_time_s": 130.5321445465088
  },
  "ood": {
    "RMSE": 0.7164593791616796,
    "MAE": 0.5369855446721365,
    "R2": 0.5443110401590743,
    "N": 11940,
    "PS_RMSE": 0.5831952006586907,
    "PS_R2": -7.005261706234261,
    "N_solvents": 146,
    "train_time_s": 130.5321445465088
  },
  "sc3_gold": {
    "RMSE": 0.837162333079458,
    "MAE": 0.6587593713912542,
    "R2": 0.49046824599850114,
    "N": 4507,
    "PS_RMSE": 0.8009318787425055,
    "PS_R2": -9.301571174700012,
    "N_solvents": 26,
    "Z_RMSE": 47.92887125230933,
    "f_aleatoric": 0.0643664830385619,
    "N_with_uncertainty": 3449,
    "train_time_s": 130.5321445465088
  },
  "sc3_silver": {
    "RMSE": 0.799346516929874,
    "MAE": 0.6235048726814302,
    "R2": 0.5035828709346851,
    "N": 5475,
    "PS_RMSE": 0.7315627746966281,
    "PS_R2": -3.159916117659423,
    "N_solvents": 27,
    "Z_RMSE": 43.606148440168376,
    "f_aleatoric": 0.11229819563152897,
    "N_with_uncertainty": 4212,
    "train_time_s": 130.5321445465088
  },
  "sc3_bronze": {
    "RMSE": 0.7766113738057578,
    "MAE": 0.603744456947283,
    "R2": 0.5134773663800606,
    "N": 6331,
    "PS_RMSE": 0.7390204201996597,
    "PS_R2": -3.7107857577374146,
    "N_solvents": 30,
    "Z_RMSE": 40.62261397581421,
    "f_aleatoric": 0.17004712149149764,
    "N_with_uncertainty": 4881,
    "train_time_s": 130.5321445465088
  }
}