{
  "eval": {
    "RMSE": 0.5722200192103153,
    "MAE": 0.40070230344697977,
    "R2": 0.7520216313629664,
    "N": 6969,
    "PS_RMSE": 0.5684833602734831,
    "PS_R2": 0.7122907743291872,
    "N_solvents": 25,
    "train_time_s": 136.25092935562134
  },
  "ood": {
    "RMSE": 0.7154200577626776,
    "MAE": 0.5362380470300425,
    "R2": 0.545632158383633,
    "N": 11940,
    "PS_RMSE": 0.579786227851191,
    "PS_R2": -6.559594237639555,
    "N_solvents": 146,
    "train_time_s": 136.25092935562134
  },
  "sc3_gold": {
    "RMSE": 0.8234999197219022,
    "MAE": 0.6488984883143203,
    "R2": 0.5069635616330063,
    "N": 4507,
    "PS_RMSE": 0.7876745052927616,
    "PS_R2": -8.832237362291638,
    "N_solvents": 26,
    "Z_RMSE": 47.18115342514178,
    "f_aleatoric": 0.06958538706871557,
    "N_with_uncertainty": 3449,
    "train_time_s": 136.25092935562134
  },
  "sc3_silver": {
    "RMSE": 0.7886393543887116,
    "MAE": 0.6171613887906605,
    "R2": 0.5167927126697596,
    "N": 5475,
    "PS_RMSE": 0.7238006005244562,
    "PS_R2": -3.477144407762251,
    "N_solvents": 27,
    "Z_RMSE": 42.93839709731265,
    "f_aleatoric": 0.11348528015194682,
    "N_with_uncertainty": 4212,
    "train_time_s": 136.25092935562134
  },
  "sc3_bronze": {
    "RMSE": 0.7677875260556564,
    "MAE": 0.598775040565471,
    "R2": 0.5244702858174559,
    "N": 6331,
    "PS_RMSE": 0.7357118861983465,
    "PS_R2": -4.1699290623314855,
    "N_solvents": 30,
    "Z_RMSE": 39.99696410011116,
    "f_aleatoric": 0.1702519975414874,
    "N_with_uncertainty": 4881,
    "train_time_s": 136.25092935562134
  }
}