{
  "eval": {
    "RMSE": 0.57383665082018,
    "MAE": 0.4006670840600628,
    "R2": 0.7506184789005099,
    "N": 6969,
    "PS_RMSE": 0.5715160602326987,
    "PS_R2": 0.7091627435890306,
    "N_solvents": 25,
    "train_time_s": 131.19486808776855
  },
  "ood": {
    "RMSE": 0.7182427046222636,
    "MAE": 0.5379422993568063,
    "R2": 0.5420397234217607,
    "N": 11940,
    "PS_RMSE": 0.5797438122142616,
    "PS_R2": -6.2663368252824965,
    "N_solvents": 146,
    "train_time_s": 131.19486808776855
  },
  "sc3_gold": {
    "RMSE": 0.8367719174486067,
    "MAE": 0.6580311264201961,
    "R2": 0.49094338150668204,
    "N": 4507,
    "PS_RMSE": 0.7980150029608549,
    "PS_R2": -9.022296231631874,
    "N_solvents": 26,
    "Z_RMSE": 47.83904634096478,
    "f_aleatoric": 0.06291678747463032,
    "N_with_uncertainty": 3449,
    "train_time_s": 131.19486808776855
  },
  "sc3_silver": {
    "RMSE": 0.8000542203522628,
    "MAE": 0.6244820869046782,
    "R2": 0.5027034735443947,
    "N": 5475,
    "PS_RMSE": 0.7276287342682575,
    "PS_R2": -3.3629023171396653,
    "N_solvents": 27,
    "Z_RMSE": 43.52339908843328,
    "f_aleatoric": 0.1087369420702754,
    "N_with_uncertainty": 4212,
    "train_time_s": 131.19486808776855
  },
  "sc3_bronze": {
    "RMSE": 0.7786994032304984,
    "MAE": 0.605708426853129,
    "R2": 0.5108576797029332,
    "N": 6331,
    "PS_RMSE": 0.739662701549371,
    "PS_R2": -4.1359275832967155,
    "N_solvents": 30,
    "Z_RMSE": 40.55941705787116,
    "f_aleatoric": 0.16717885679164105,
    "N_with_uncertainty": 4881,
    "train_time_s": 131.19486808776855
  }
}