{
  "eval": {
    "RMSE": 0.5727233074765199,
    "MAE": 0.40059857584153713,
    "R2": 0.7515852275878311,
    "N": 6969,
    "PS_RMSE": 0.5666603837573393,
    "PS_R2": 0.7145551300716823,
    "N_solvents": 25,
    "train_time_s": 133.51641583442688
  },
  "ood": {
    "RMSE": 0.7177457484029954,
    "MAE": 0.5378906610514764,
    "R2": 0.5426732348297078,
    "N": 11940,
    "PS_RMSE": 0.5794443641525466,
    "PS_R2": -6.453900221720597,
    "N_solvents": 146,
    "train_time_s": 133.51641583442688
  },
  "sc3_gold": {
    "RMSE": 0.8322866114233668,
    "MAE": 0.6539683467614646,
    "R2": 0.496386095847015,
    "N": 4507,
    "PS_RMSE": 0.782840178101245,
    "PS_R2": -7.746717134922687,
    "N_solvents": 26,
    "Z_RMSE": 47.44360943231928,
    "f_aleatoric": 0.06059727457233981,
    "N_with_uncertainty": 3449,
    "train_time_s": 133.51641583442688
  },
  "sc3_silver": {
    "RMSE": 0.7952744005232715,
    "MAE": 0.6198254977731346,
    "R2": 0.5086277902609686,
    "N": 5475,
    "PS_RMSE": 0.7185441015344595,
    "PS_R2": -2.7186727250972718,
    "N_solvents": 27,
    "Z_RMSE": 43.17683859154993,
    "f_aleatoric": 0.10849952516619184,
    "N_with_uncertainty": 4212,
    "train_time_s": 133.51641583442688
  },
  "sc3_bronze": {
    "RMSE": 0.7744289844770224,
    "MAE": 0.6017352221820336,
    "R2": 0.5162079210950626,
    "N": 6331,
    "PS_RMSE": 0.7297841087558891,
    "PS_R2": -3.5701960323619777,
    "N_solvents": 30,
    "Z_RMSE": 40.24667534053459,
    "f_aleatoric": 0.16574472444171276,
    "N_with_uncertainty": 4881,
    "train_time_s": 133.51641583442688
  }
}