{
  "eval": {
    "RMSE": 0.5735384462620458,
    "MAE": 0.4011003524925764,
    "R2": 0.7508776027581457,
    "N": 6969,
    "PS_RMSE": 0.5685419641088106,
    "PS_R2": 0.7122668811028191,
    "N_solvents": 25,
    "train_time_s": 133.04766535758972
  },
  "ood": {
    "RMSE": 0.7162326431598256,
    "MAE": 0.5367809963598967,
    "R2": 0.5445994158771448,
    "N": 11940,
    "PS_RMSE": 0.5827291226049229,
    "PS_R2": -6.653255837506801,
    "N_solvents": 146,
    "train_time_s": 133.04766535758972
  },
  "sc3_gold": {
    "RMSE": 0.8289595020528373,
    "MAE": 0.6523258493651506,
    "R2": 0.5004044938607486,
    "N": 4507,
    "PS_RMSE": 0.8069519666704478,
    "PS_R2": -9.491747889583406,
    "N_solvents": 26,
    "Z_RMSE": 47.49126169525433,
    "f_aleatoric": 0.06407654392577558,
    "N_with_uncertainty": 3449,
    "train_time_s": 133.04766535758972
  },
  "sc3_silver": {
    "RMSE": 0.7919935799012887,
    "MAE": 0.6179538711215061,
    "R2": 0.5126736360598241,
    "N": 5475,
    "PS_RMSE": 0.7360957905818786,
    "PS_R2": -3.6407705854087027,
    "N_solvents": 27,
    "Z_RMSE": 43.21005604183244,
    "f_aleatoric": 0.1120607787274454,
    "N_with_uncertainty": 4212,
    "train_time_s": 133.04766535758972
  },
  "sc3_bronze": {
    "RMSE": 0.7708114943589242,
    "MAE": 0.5989936747996951,
    "R2": 0.5207171157689756,
    "N": 6331,
    "PS_RMSE": 0.7449598719149392,
    "PS_R2": -4.152967433200292,
    "N_solvents": 30,
    "Z_RMSE": 40.258882224621324,
    "f_aleatoric": 0.17230075804138495,
    "N_with_uncertainty": 4881,
    "train_time_s": 133.04766535758972
  }
}