{
  "method": "tayyebi",
  "featurizer": "mordred",
  "seeds": [
    42,
    101,
    123,
    456,
    789
  ],
  "params": {
    "n_estimators": 500,
    "max_depth": null,
    "min_samples_split": 2,
    "min_samples_leaf": 1,
    "max_features": 0.5,
    "var_threshold": 0.1,
    "corr_cutoff": 0.8
  },
  "aggregated": {
    "eval": {
      "RMSE_mean": 0.572792396704336,
      "RMSE_std": 0.000812314256886731,
      "MAE_mean": 0.40058196296864407,
      "MAE_std": 0.00040963837779247833,
      "R2_mean": 0.7515247902931462,
      "R2_std": 0.0007047284826850083,
      "N_mean": 6969.0,
      "N_std": 0.0,
      "PS_RMSE_mean": 0.5686951625571188,
      "PS_RMSE_std": 0.001571207110671738,
      "PS_R2_mean": 0.712183751674295,
      "PS_R2_std": 0.0017308615989948943,
      "N_solvents_mean": 25.0,
      "N_solvents_std": 0.0,
      "train_time_s_mean": 132.90840463638307,
      "train_time_s_std": 2.0072051306383014
    },
    "ood": {
      "RMSE_mean": 0.7168201066218884,
      "RMSE_std": 0.0010311132048022175,
      "MAE_mean": 0.5371675096940717,
      "MAE_std": 0.0006587338730813481,
      "R2_mean": 0.543851114534264,
      "R2_std": 0.0013124131997470185,
      "N_mean": 11940.0,
      "N_std": 0.0,
      "PS_RMSE_mean": 0.5809797454963226,
      "PS_RMSE_std": 0.0016295995313155868,
      "PS_R2_mean": -6.587669765676742,
      "PS_R2_std": 0.24520275136462313,
      "N_solvents_mean": 146.0,
      "N_solvents_std": 0.0,
      "train_time_s_mean": 132.90840463638307,
      "train_time_s_std": 2.0072051306383014
    },
    "sc3_gold": {
      "RMSE_mean": 0.8317360567452342,
      "RMSE_std": 0.005111764614293457,
      "MAE_mean": 0.6543966364504772,
      "MAE_std": 0.003659076321725455,
      "R2_mean": 0.4970331557691906,
      "R2_std": 0.006173831202036317,
      "N_mean": 4507.0,
      "N_std": 0.0,
      "PS_RMSE_mean": 0.7952827063535629,
      "PS_RMSE_std": 0.008811940336438314,
      "PS_R2_mean": -8.878913958625924,
      "PS_R2_std": 0.6097231138301555,
      "N_solvents_mean": 26.0,
      "N_solvents_std": 0.0,
      "Z_RMSE_mean": 47.576788429197904,
      "Z_RMSE_std": 0.27361288364314035,
      "f_aleatoric_mean": 0.06430849521600465,
      "f_aleatoric_std": 0.0029533967128435724,
      "N_with_uncertainty_mean": 3449.0,
      "N_with_uncertainty_std": 0.0,
      "train_time_s_mean": 132.90840463638307,
      "train_time_s_std": 2.0072051306383014
    },
    "sc3_silver": {
      "RMSE_mean": 0.7950616144190816,
      "RMSE_std": 0.004335666988070572,
      "MAE_mean": 0.620585543454282,
      "MAE_std": 0.0029303152684391097,
      "R2_mean": 0.5088760966939263,
      "R2_std": 0.005353041851385764,
      "N_mean": 5475.0,
      "N_std": 0.0,
      "PS_RMSE_mean": 0.7275264003211359,
      "PS_RMSE_std": 0.006071252183773011,
      "PS_R2_mean": -3.271881230613463,
      "PS_R2_std": 0.31782794189974617,
      "N_solvents_mean": 27.0,
      "N_solvents_std": 0.0,
      "Z_RMSE_mean": 43.290967851859335,
      "Z_RMSE_std": 0.24382019153644502,
      "f_aleatoric_mean": 0.11101614434947768,
      "f_aleatoric_std": 0.0020179040228751944,
      "N_with_uncertainty_mean": 4212.0,
      "N_with_uncertainty_std": 0.0,
      "train_time_s_mean": 132.90840463638307,
      "train_time_s_std": 2.0072051306383014
    },
    "sc3_bronze": {
      "RMSE_mean": 0.7736677563855718,
      "RMSE_std": 0.003931848501491944,
      "MAE_mean": 0.6017913642695223,
      "MAE_std": 0.0026864987356410475,
      "R2_mean": 0.5171460737528976,
      "R2_std": 0.004904688927378692,
      "N_mean": 6331.0,
      "N_std": 0.0,
      "PS_RMSE_mean": 0.7378277977236412,
      "PS_RMSE_std": 0.004996673222914893,
      "PS_R2_mean": -3.947961173785577,
      "PS_R2_std": 0.2551812536616521,
      "N_solvents_mean": 30.0,
      "N_solvents_std": 0.0,
      "Z_RMSE_mean": 40.33691053979048,
      "Z_RMSE_std": 0.2284425507420581,
      "f_aleatoric_mean": 0.16910469166154476,
      "f_aleatoric_std": 0.0023416893361572705,
      "N_with_uncertainty_mean": 4881.0,
      "N_with_uncertainty_std": 0.0,
      "train_time_s_mean": 132.90840463638307,
      "train_time_s_std": 2.0072051306383014
    }
  },
  "per_seed": {
    "42": {
      "eval": {
        "RMSE": 0.5735384462620458,
        "MAE": 0.4011003524925764,
        "R2": 0.7508776027581457,
        "N": 6969,
        "PS_RMSE": 0.5685419641088106,
        "PS_R2": 0.7122668811028191,
        "N_solvents": 25,
        "train_time_s": 133.04766535758972
      },
      "ood": {
        "RMSE": 0.7162326431598256,
        "MAE": 0.5367809963598967,
        "R2": 0.5445994158771448,
        "N": 11940,
        "PS_RMSE": 0.5827291226049229,
        "PS_R2": -6.653255837506801,
        "N_solvents": 146,
        "train_time_s": 133.04766535758972
      },
      "sc3_gold": {
        "RMSE": 0.8289595020528373,
        "MAE": 0.6523258493651506,
        "R2": 0.5004044938607486,
        "N": 4507,
        "PS_RMSE": 0.8069519666704478,
        "PS_R2": -9.491747889583406,
        "N_solvents": 26,
        "Z_RMSE": 47.49126169525433,
        "f_aleatoric": 0.06407654392577558,
        "N_with_uncertainty": 3449,
        "train_time_s": 133.04766535758972
      },
      "sc3_silver": {
        "RMSE": 0.7919935799012887,
        "MAE": 0.6179538711215061,
        "R2": 0.5126736360598241,
        "N": 5475,
        "PS_RMSE": 0.7360957905818786,
        "PS_R2": -3.6407705854087027,
        "N_solvents": 27,
        "Z_RMSE": 43.21005604183244,
        "f_aleatoric": 0.1120607787274454,
        "N_with_uncertainty": 4212,
        "train_time_s": 133.04766535758972
      },
      "sc3_bronze": {
        "RMSE": 0.7708114943589242,
        "MAE": 0.5989936747996951,
        "R2": 0.5207171157689756,
        "N": 6331,
        "PS_RMSE": 0.7449598719149392,
        "PS_R2": -4.152967433200292,
        "N_solvents": 30,
        "Z_RMSE": 40.258882224621324,
        "f_aleatoric": 0.17230075804138495,
        "N_with_uncertainty": 4881,
        "train_time_s": 133.04766535758972
      }
    },
    "101": {
      "eval": {
        "RMSE": 0.57383665082018,
        "MAE": 0.4006670840600628,
        "R2": 0.7506184789005099,
        "N": 6969,
        "PS_RMSE": 0.5715160602326987,
        "PS_R2": 0.7091627435890306,
        "N_solvents": 25,
        "train_time_s": 131.19486808776855
      },
      "ood": {
        "RMSE": 0.7182427046222636,
        "MAE": 0.5379422993568063,
        "R2": 0.5420397234217607,
        "N": 11940,
        "PS_RMSE": 0.5797438122142616,
        "PS_R2": -6.2663368252824965,
        "N_solvents": 146,
        "train_time_s": 131.19486808776855
      },
      "sc3_gold": {
        "RMSE": 0.8367719174486067,
        "MAE": 0.6580311264201961,
        "R2": 0.49094338150668204,
        "N": 4507,
        "PS_RMSE": 0.7980150029608549,
        "PS_R2": -9.022296231631874,
        "N_solvents": 26,
        "Z_RMSE": 47.83904634096478,
        "f_aleatoric": 0.06291678747463032,
        "N_with_uncertainty": 3449,
        "train_time_s": 131.19486808776855
      },
      "sc3_silver": {
        "RMSE": 0.8000542203522628,
        "MAE": 0.6244820869046782,
        "R2": 0.5027034735443947,
        "N": 5475,
        "PS_RMSE": 0.7276287342682575,
        "PS_R2": -3.3629023171396653,
        "N_solvents": 27,
        "Z_RMSE": 43.52339908843328,
        "f_aleatoric": 0.1087369420702754,
        "N_with_uncertainty": 4212,
        "train_time_s": 131.19486808776855
      },
      "sc3_bronze": {
        "RMSE": 0.7786994032304984,
        "MAE": 0.605708426853129,
        "R2": 0.5108576797029332,
        "N": 6331,
        "PS_RMSE": 0.739662701549371,
        "PS_R2": -4.1359275832967155,
        "N_solvents": 30,
        "Z_RMSE": 40.55941705787116,
        "f_aleatoric": 0.16717885679164105,
        "N_with_uncertainty": 4881,
        "train_time_s": 131.19486808776855
      }
    },
    "123": {
      "eval": {
        "RMSE": 0.5727233074765199,