{
  "method": "fastprop_big",
  "fraction": 0.05,
  "seed": 42,
  "params": {
    "lr": 0.0005,
    "batch_size": 256,
    "hidden_dims": [
      1024,
      768,
      512,
      256,
      128
    ],
    "dropout": 0.35,
    "weight_decay": 0.001,
    "epochs": 400,
    "patience": 50,
    "lr_patience": 20
  },
  "wall_time_s": 14.301948308944702,
  "metrics": {
    "eval": {
      "RMSE": 0.6761111352230041,
      "MAE": 0.47356878507832273,
      "R2": 0.6538025372572223,
      "N": 6969,
      "PS_RMSE": 0.6631914444153394,
      "PS_R2": 0.5756081527429882,
      "N_solvents": 25
    },
    "ood": {
      "RMSE": 0.7952700948304134,
      "MAE": 0.5939388568009101,
      "R2": 0.43854537282996875,
      "N": 11940,
      "PS_RMSE": 0.7865353658127989,
      "PS_R2": -46.394965087871164,
      "N_solvents": 146
    },
    "sc3_gold": {
      "RMSE": 0.7805586245555146,
      "MAE": 0.6160334092275939,
      "R2": 0.5570415931603441,
      "N": 4507,
      "PS_RMSE": 0.7401863627407489,
      "PS_R2": -5.778316474641345,
      "N_solvents": 26,
      "Z_RMSE": 45.38429917813704,
      "f_aleatoric": 0.06349666570020296,
      "N_with_uncertainty": 3449
    },
    "_n_train": 3070,
    "_best_epoch": 177,
    "_train_RMSE_at_best": 0.3321715349256061,
    "_val_RMSE_best": 0.6761111297736282,
    "_n_params": 1679361
  }
}