{
  "eval": {
    "RMSE": 1.0020354950878203,
    "MAE": 0.7811239312643417,
    "R2": 0.23957932568145668,
    "N": 6969,
    "PS_RMSE": 0.9996460141597291,
    "PS_R2": 0.1108498411416743,
    "N_solvents": 25
  },
  "ood": {
    "RMSE": 1.0504406952277128,
    "MAE": 0.836343249601127,
    "R2": 0.020445870334327987,
    "N": 11940,
    "PS_RMSE": 0.9361314372770835,
    "PS_R2": -33.34925049800093,
    "N_solvents": 146
  },
  "sc3_gold": {
    "RMSE": 1.0687015600388394,
    "MAE": 0.8072782326408775,
    "R2": 0.16964313503976491,
    "N": 4507,
    "PS_RMSE": 0.9092565551670755,
    "PS_R2": -9.235304380479153,
    "N_solvents": 26,
    "Z_RMSE": 62.26758227040943,
    "f_aleatoric": 0.044070745143519864,
    "N_with_uncertainty": 3449
  },
  "_n_train": 3071,
  "_n_trainable": 129,
  "_best_epoch": 200,
  "_val_RMSE": 1.0020354950878203,
  "_elapsed_s": 3.884662389755249,
  "_protocol": "scratch",
  "_variant": "head_only",
  "_fraction": 0.05,
  "_seed": 101
}