{
  "eval": {
    "RMSE": 1.0263906362355624,
    "MAE": 0.7933003302811066,
    "R2": 0.20216503191366653,
    "N": 6969,
    "PS_RMSE": 1.0132070282068728,
    "PS_R2": 0.09116108166533823,
    "N_solvents": 25
  },
  "ood": {
    "RMSE": 1.0513358152741932,
    "MAE": 0.8365968263149074,
    "R2": 0.01877572916958048,
    "N": 11940,
    "PS_RMSE": 0.9955111547214084,
    "PS_R2": -49.8336669421907,
    "N_solvents": 146
  },
  "sc3_gold": {
    "RMSE": 1.0869133156377946,
    "MAE": 0.8236835429532201,
    "R2": 0.14110176085890636,
    "N": 4507,
    "PS_RMSE": 0.8893025653948974,
    "PS_R2": -8.74832428544171,
    "N_solvents": 26,
    "Z_RMSE": 63.6404767817171,
    "f_aleatoric": 0.044070745143519864,
    "N_with_uncertainty": 3449
  },
  "_n_train": 3071,
  "_n_trainable": 129,
  "_best_epoch": 145,
  "_val_RMSE": 1.0263906362355624,
  "_elapsed_s": 3.0279366970062256,
  "_protocol": "scratch",
  "_variant": "head_only",
  "_fraction": 0.05,
  "_seed": 456
}