{
  "eval": {
    "RMSE": 1.0436274181568788,
    "MAE": 0.8067454403109785,
    "R2": 0.17514299862526017,
    "N": 6969,
    "PS_RMSE": 1.0455885739407302,
    "PS_R2": -0.001648941748059496,
    "N_solvents": 25
  },
  "ood": {
    "RMSE": 1.1079835311139008,
    "MAE": 0.8748342483344501,
    "R2": -0.08981297277457112,
    "N": 11940,
    "PS_RMSE": 0.974339368299249,
    "PS_R2": -43.95070702603683,
    "N_solvents": 146
  },
  "sc3_gold": {
    "RMSE": 1.0761824542176046,
    "MAE": 0.8310447363922348,
    "R2": 0.15797747764158854,
    "N": 4507,
    "PS_RMSE": 0.8967425842216716,
    "PS_R2": -12.15411445267781,
    "N_solvents": 26,
    "Z_RMSE": 62.71670621820979,
    "f_aleatoric": 0.044940562481878804,
    "N_with_uncertainty": 3449
  },
  "_n_train": 3071,
  "_n_trainable": 129,
  "_best_epoch": 166,
  "_val_RMSE": 1.0436274181568788,
  "_elapsed_s": 3.385690689086914,
  "_protocol": "scratch",
  "_variant": "head_only",
  "_fraction": 0.05,
  "_seed": 42
}