{
  "eval": {
    "RMSE": 0.9942649258101627,
    "MAE": 0.7742921941042576,
    "R2": 0.2513273933496245,
    "N": 6969,
    "PS_RMSE": 0.9697703382376062,
    "PS_R2": 0.15055146028726266,
    "N_solvents": 25
  },
  "ood": {
    "RMSE": 1.067905536318589,
    "MAE": 0.854239874967157,
    "R2": -0.012397441662238329,
    "N": 11940,
    "PS_RMSE": 1.0264732864570598,
    "PS_R2": -68.57706447979272,
    "N_solvents": 146
  },
  "sc3_gold": {
    "RMSE": 1.1326489645707791,
    "MAE": 0.872843071378798,
    "R2": 0.06729875076630532,
    "N": 4507,
    "PS_RMSE": 0.9204909480710104,
    "PS_R2": -8.267842955456723,
    "N_solvents": 26,
    "Z_RMSE": 65.71075440220805,
    "f_aleatoric": 0.0350826326471441,
    "N_with_uncertainty": 3449
  },
  "_n_train": 3071,
  "_n_trainable": 129,
  "_best_epoch": 152,
  "_val_RMSE": 0.9942649258101627,
  "_elapsed_s": 3.185729742050171,
  "_protocol": "scratch",
  "_variant": "head_only",
  "_fraction": 0.05,
  "_seed": 789
}