{
  "eval": {
    "RMSE": 1.0097707832802572,
    "MAE": 0.7783773067220716,
    "R2": 0.2277937619075674,
    "N": 6969,
    "PS_RMSE": 1.0089031168444895,
    "PS_R2": 0.08906265020350562,
    "N_solvents": 25
  },
  "ood": {
    "RMSE": 1.1046425889291467,
    "MAE": 0.857076812047115,
    "R2": -0.0832505779185686,
    "N": 11940,
    "PS_RMSE": 1.1492973995186562,
    "PS_R2": -112.3525709189851,
    "N_solvents": 146
  },
  "sc3_gold": {
    "RMSE": 1.0365836406808822,
    "MAE": 0.7963455525716923,
    "R2": 0.21880294945872447,
    "N": 4507,
    "PS_RMSE": 0.8512080983324719,
    "PS_R2": -6.376181990384472,
    "N_solvents": 26,
    "Z_RMSE": 60.17761897543207,
    "f_aleatoric": 0.04117135401565671,
    "N_with_uncertainty": 3449
  },
  "_n_train": 3071,
  "_n_trainable": 129,
  "_best_epoch": 264,
  "_val_RMSE": 1.0097707832802572,
  "_elapsed_s": 4.870798826217651,
  "_protocol": "scratch",
  "_variant": "head_only",
  "_fraction": 0.05,
  "_seed": 123
}