{
  "method": "fastprop",
  "fraction": 0.8,
  "seed": 42,
  "params": {
    "lr": 0.0005,
    "batch_size": 256,
    "hidden_dims": [
      512,
      256,
      128
    ],
    "dropout": 0.1,
    "epochs": 100,
    "patience": 20
  },
  "wall_time_s": 51.15336203575134,
  "metrics": {
    "eval": {
      "RMSE": 0.4571463952143373,
      "MAE": 0.2808456424662827,
      "R2": 0.8417301092909639,
      "N": 6969,
      "PS_RMSE": 0.44661568059059115,
      "PS_R2": 0.8135395067517672,
      "N_solvents": 25
    },
    "ood": {
      "RMSE": 0.6757617463523296,
      "MAE": 0.4889750300797516,
      "R2": 0.5946104315942015,
      "N": 11940,
      "PS_RMSE": 0.5839947864625047,
      "PS_R2": -14.076220060850925,
      "N_solvents": 146
    },
    "sc3_gold": {
      "RMSE": 0.8326410921014159,
      "MAE": 0.5887874095002757,
      "R2": 0.49595701429517414,
      "N": 4507,
      "PS_RMSE": 0.7541823922751043,
      "PS_R2": -8.559795214866408,
      "N_solvents": 26,
      "Z_RMSE": 47.67476201861481,
      "f_aleatoric": 0.06204697013627138,
      "N_with_uncertainty": 3449
    },
    "_n_train": 49122,
    "_best_epoch": 85
  }
}