{
  "train_time_s": 1004.0448768138885,
  "best_epoch": 83,
  "best_val_loss": 0.29473596811294556,
  "eval": {
    "RMSE": 0.5428958728048093,
    "MAE": 0.34421374445008807,
    "R2": 0.7767863318236531,
    "N": 6969,
    "PS_RMSE": 0.5148462755016618,
    "PS_R2": 0.7546766516429477,
    "N_solvents": 25
  },
  "test_hard": {
    "RMSE": 1.141294581831568,
    "MAE": 0.882589495769121,
    "R2": 0.05300561305996676,
    "N": 4507,
    "PS_RMSE": 0.9529103250474669,
    "PS_R2": -8.84009258753451,
    "N_solvents": 26,
    "Z_RMSE": 62.45122764863959,
    "f_aleatoric": 0.0466801971585967,
    "N_with_uncertainty": 3449
  },
  "test_medium": {
    "RMSE": 1.1099931443699913,
    "MAE": 0.8596830923588081,
    "R2": 0.04276806902706187,
    "N": 5475,
    "PS_RMSE": 0.9512359357458836,
    "PS_R2": -6.760257963360646,
    "N_solvents": 27,
    "Z_RMSE": 57.149440248765266,
    "f_aleatoric": 0.060778727445394115,
    "N_with_uncertainty": 4212
  },
  "test_easy": {
    "RMSE": 1.0925137583552882,
    "MAE": 0.8424812679900352,
    "R2": 0.0371705070986218,
    "N": 6331,
    "PS_RMSE": 0.8738899032565928,
    "PS_R2": -3.848688375804169,
    "N_solvents": 30,
    "Z_RMSE": 53.34416983456119,
    "f_aleatoric": 0.10981356279450932,
    "N_with_uncertainty": 4881
  },
  "artifacts": {
    "seed_dir": "/DATATWO/users/solubility/Dhairya/sc3-benchmark-gnn-runner/results/hpo_gin_trial_015/seed_42",
    "checkpoints_dir": "/DATATWO/users/solubility/Dhairya/sc3-benchmark-gnn-runner/results/hpo_gin_trial_015/seed_42/checkpoints",
    "predictions_dir": "/DATATWO/users/solubility/Dhairya/sc3-benchmark-gnn-runner/results/hpo_gin_trial_015/seed_42/predictions",
    "epoch_history_json": "/DATATWO/users/solubility/Dhairya/sc3-benchmark-gnn-runner/results/hpo_gin_trial_015/seed_42/epoch_history.json",
    "best_model_pkl": "/DATATWO/users/solubility/Dhairya/sc3-benchmark-gnn-runner/results/hpo_gin_trial_015/seed_42/best_model.pkl",
    "run_config_json": "/DATATWO/users/solubility/Dhairya/sc3-benchmark-gnn-runner/results/hpo_gin_trial_015/seed_42/run_config.json"
  }
}