{
  "featurizer": "abraham_only",
  "model": "lightgbm",
  "hp_key": "lgb_rdkit",
  "seed": 42,
  "params": {
    "n_estimators": 3000,
    "learning_rate": 0.05,
    "num_leaves": 127,
    "min_child_samples": 10,
    "feature_fraction": 0.8,
    "bagging_fraction": 0.8,
    "bagging_freq": 5,
    "reg_alpha": 0.1,
    "reg_lambda": 5
  },
  "wall_time_s": 9.745055913925171,
  "metrics": {
    "eval": {
      "RMSE": 0.5521965732289238,
      "MAE": 0.36414793432296133,
      "R2": 0.7690727850776119,
      "N": 6969,
      "PS_RMSE": 0.5308175291147654,
      "PS_R2": 0.7432910544058544,
      "N_solvents": 25
    },
    "ood": {
      "RMSE": 0.6817817762108183,
      "MAE": 0.5082775741490476,
      "R2": 0.58735542570563,
      "N": 11940,
      "PS_RMSE": 0.5952742262846603,
      "PS_R2": -15.26164674483168,
      "N_solvents": 146
    },
    "sc3_gold": {
      "RMSE": 0.9324463705938081,
      "MAE": 0.7296254155120868,
      "R2": 0.3678798698646789,
      "N": 4507,
      "PS_RMSE": 0.8827798772456263,
      "PS_R2": -12.25955334386672,
      "N_solvents": 26,
      "Z_RMSE": 52.415068953345084,
      "f_aleatoric": 0.0371122064366483,
      "N_with_uncertainty": 3449
    },
    "sc3_silver": {
      "RMSE": 0.9001805031158777,
      "MAE": 0.6990750743190505,
      "R2": 0.3704419383818436,
      "N": 5475,
      "PS_RMSE": 0.798486448622315,
      "PS_R2": -5.378249461478747,
      "N_solvents": 27,
      "Z_RMSE": 47.816422297860406,
      "f_aleatoric": 0.08048433048433049,
      "N_with_uncertainty": 4212
    },
    "sc3_bronze": {
      "RMSE": 0.8821842230543981,
      "MAE": 0.6796792566926813,
      "R2": 0.3722103827296318,
      "N": 6331,
      "PS_RMSE": 0.813850406176855,
      "PS_R2": -5.61585410910702,
      "N_solvents": 30,
      "Z_RMSE": 44.51365042912949,
      "f_aleatoric": 0.1374718295431264,
      "N_with_uncertainty": 4881
    },
    "_n_features": 16,
    "_n_train": 61403,
    "_best_iter": 735,
    "_train_time_s": 9.418637990951538
  }
}