{
  "featurizer": "abraham_only",
  "seeds": [
    42
  ],
  "aggregated": {
    "eval": {
      "RMSE_mean": 0.5521965732289238,
      "RMSE_std": 0.0,
      "RMSE_n": 1,
      "MAE_mean": 0.36414793432296133,
      "MAE_std": 0.0,
      "MAE_n": 1,
      "R2_mean": 0.7690727850776119,
      "R2_std": 0.0,
      "R2_n": 1,
      "N_mean": 6969.0,
      "N_std": 0.0,
      "N_n": 1,
      "PS_RMSE_mean": 0.5308175291147654,
      "PS_RMSE_std": 0.0,
      "PS_RMSE_n": 1,
      "PS_R2_mean": 0.7432910544058544,
      "PS_R2_std": 0.0,
      "PS_R2_n": 1,
      "N_solvents_mean": 25.0,
      "N_solvents_std": 0.0,
      "N_solvents_n": 1
    },
    "ood": {
      "RMSE_mean": 0.6817817762108183,
      "RMSE_std": 0.0,
      "RMSE_n": 1,
      "MAE_mean": 0.5082775741490476,
      "MAE_std": 0.0,
      "MAE_n": 1,
      "R2_mean": 0.58735542570563,
      "R2_std": 0.0,
      "R2_n": 1,
      "N_mean": 11940.0,
      "N_std": 0.0,
      "N_n": 1,
      "PS_RMSE_mean": 0.5952742262846603,
      "PS_RMSE_std": 0.0,
      "PS_RMSE_n": 1,
      "PS_R2_mean": -15.26164674483168,
      "PS_R2_std": 0.0,
      "PS_R2_n": 1,
      "N_solvents_mean": 146.0,
      "N_solvents_std": 0.0,
      "N_solvents_n": 1
    },
    "sc3_gold": {
      "RMSE_mean": 0.9324463705938081,
      "RMSE_std": 0.0,
      "RMSE_n": 1,
      "MAE_mean": 0.7296254155120868,
      "MAE_std": 0.0,
      "MAE_n": 1,
      "R2_mean": 0.3678798698646789,
      "R2_std": 0.0,
      "R2_n": 1,
      "N_mean": 4507.0,
      "N_std": 0.0,
      "N_n": 1,
      "PS_RMSE_mean": 0.8827798772456263,
      "PS_RMSE_std": 0.0,
      "PS_RMSE_n": 1,
      "PS_R2_mean": -12.25955334386672,
      "PS_R2_std": 0.0,
      "PS_R2_n": 1,
      "N_solvents_mean": 26.0,
      "N_solvents_std": 0.0,
      "N_solvents_n": 1,
      "Z_RMSE_mean": 52.415068953345084,
      "Z_RMSE_std": 0.0,
      "Z_RMSE_n": 1,
      "f_aleatoric_mean": 0.0371122064366483,
      "f_aleatoric_std": 0.0,
      "f_aleatoric_n": 1,
      "N_with_uncertainty_mean": 3449.0,
      "N_with_uncertainty_std": 0.0,
      "N_with_uncertainty_n": 1
    },
    "sc3_silver": {
      "RMSE_mean": 0.9001805031158777,
      "RMSE_std": 0.0,
      "RMSE_n": 1,
      "MAE_mean": 0.6990750743190505,
      "MAE_std": 0.0,
      "MAE_n": 1,
      "R2_mean": 0.3704419383818436,
      "R2_std": 0.0,
      "R2_n": 1,
      "N_mean": 5475.0,
      "N_std": 0.0,
      "N_n": 1,
      "PS_RMSE_mean": 0.798486448622315,
      "PS_RMSE_std": 0.0,
      "PS_RMSE_n": 1,
      "PS_R2_mean": -5.378249461478747,
      "PS_R2_std": 0.0,
      "PS_R2_n": 1,
      "N_solvents_mean": 27.0,
      "N_solvents_std": 0.0,
      "N_solvents_n": 1,
      "Z_RMSE_mean": 47.816422297860406,
      "Z_RMSE_std": 0.0,
      "Z_RMSE_n": 1,
      "f_aleatoric_mean": 0.08048433048433049,
      "f_aleatoric_std": 0.0,
      "f_aleatoric_n": 1,
      "N_with_uncertainty_mean": 4212.0,
      "N_with_uncertainty_std": 0.0,
      "N_with_uncertainty_n": 1
    },
    "sc3_bronze": {
      "RMSE_mean": 0.8821842230543981,
      "RMSE_std": 0.0,
      "RMSE_n": 1,
      "MAE_mean": 0.6796792566926813,
      "MAE_std": 0.0,
      "MAE_n": 1,
      "R2_mean": 0.3722103827296318,
      "R2_std": 0.0,
      "R2_n": 1,
      "N_mean": 6331.0,
      "N_std": 0.0,
      "N_n": 1,
      "PS_RMSE_mean": 0.813850406176855,
      "PS_RMSE_std": 0.0,
      "PS_RMSE_n": 1,
      "PS_R2_mean": -5.61585410910702,
      "PS_R2_std": 0.0,
      "PS_R2_n": 1,
      "N_solvents_mean": 30.0,
      "N_solvents_std": 0.0,
      "N_solvents_n": 1,
      "Z_RMSE_mean": 44.51365042912949,
      "Z_RMSE_std": 0.0,
      "Z_RMSE_n": 1,
      "f_aleatoric_mean": 0.1374718295431264,
      "f_aleatoric_std": 0.0,
      "f_aleatoric_n": 1,
      "N_with_uncertainty_mean": 4881.0,
      "N_with_uncertainty_std": 0.0,
      "N_with_uncertainty_n": 1
    }
  },
  "diagnostics": {
    "_n_features": 16.0,
    "_n_train": 61403.0,
    "_best_iter": 735.0,
    "_train_time_s": 9.418637990951538
  }
}