{
  "train_time_s": 947.5194730758667,
  "best_epoch": 88,
  "best_val_loss": 0.28256574273109436,
  "eval": {
    "RMSE": 0.5315691465899969,
    "MAE": 0.34185101182672545,
    "R2": 0.7860032214846193,
    "N": 6969,
    "PS_RMSE": 0.522099647037138,
    "PS_R2": 0.7488861809012186,
    "N_solvents": 25
  },
  "test_hard": {
    "RMSE": 1.1036166382372028,
    "MAE": 0.8122975290755724,
    "R2": 0.11450039360764341,
    "N": 4507,
    "PS_RMSE": 1.0545475662932455,
    "PS_R2": -20.696985380977235,
    "N_solvents": 26,
    "Z_RMSE": 62.85545844838053,
    "f_aleatoric": 0.04175123224122934,
    "N_with_uncertainty": 3449
  },
  "test_medium": {
    "RMSE": 1.0546344575873428,
    "MAE": 0.7714160745413751,
    "R2": 0.13586718465175307,
    "N": 5475,
    "PS_RMSE": 1.0172607950574128,
    "PS_R2": -18.440377648294206,
    "N_solvents": 27,
    "Z_RMSE": 57.404900277667494,
    "f_aleatoric": 0.08000949667616335,
    "N_with_uncertainty": 4212
  },
  "test_easy": {
    "RMSE": 1.0341810867130177,
    "MAE": 0.7598295483636525,
    "R2": 0.13724251208065052,
    "N": 6331,
    "PS_RMSE": 0.9767127474879823,
    "PS_R2": -7.730316337597981,
    "N_solvents": 30,
    "Z_RMSE": 53.420703920696475,
    "f_aleatoric": 0.12661339889366932,
    "N_with_uncertainty": 4881
  },
  "artifacts": {
    "seed_dir": "/DATATWO/users/solubility/Dhairya/sc3-benchmark-gnn-runner/results/hpo_gat_trial_010/seed_42",
    "checkpoints_dir": "/DATATWO/users/solubility/Dhairya/sc3-benchmark-gnn-runner/results/hpo_gat_trial_010/seed_42/checkpoints",
    "predictions_dir": "/DATATWO/users/solubility/Dhairya/sc3-benchmark-gnn-runner/results/hpo_gat_trial_010/seed_42/predictions",
    "epoch_history_json": "/DATATWO/users/solubility/Dhairya/sc3-benchmark-gnn-runner/results/hpo_gat_trial_010/seed_42/epoch_history.json",
    "best_model_pkl": "/DATATWO/users/solubility/Dhairya/sc3-benchmark-gnn-runner/results/hpo_gat_trial_010/seed_42/best_model.pkl",
    "run_config_json": "/DATATWO/users/solubility/Dhairya/sc3-benchmark-gnn-runner/results/hpo_gat_trial_010/seed_42/run_config.json"
  }
}