{
  "method": "fastprop_xl",
  "fractions": [
    0.05,
    0.1,
    0.2,
    0.4,
    0.6,
    0.8,
    1.0
  ],
  "seeds": [
    42
  ],
  "by_fraction": {
    "0.050": {
      "aggregated": {
        "eval": {
          "RMSE_mean": 0.6642942665547786,
          "RMSE_std": 0.0,
          "RMSE_n": 1,
          "MAE_mean": 0.4715592861346026,
          "MAE_std": 0.0,
          "MAE_n": 1,
          "R2_mean": 0.6657982561951953,
          "R2_std": 0.0,
          "R2_n": 1,
          "N_mean": 6969.0,
          "N_std": 0.0,
          "N_n": 1,
          "PS_RMSE_mean": 0.652610818858643,
          "PS_RMSE_std": 0.0,
          "PS_RMSE_n": 1,
          "PS_R2_mean": 0.5856802386342144,
          "PS_R2_std": 0.0,
          "PS_R2_n": 1,
          "N_solvents_mean": 25.0,
          "N_solvents_std": 0.0,
          "N_solvents_n": 1
        },
        "ood": {
          "RMSE_mean": 0.822338591612786,
          "RMSE_std": 0.0,
          "RMSE_n": 1,
          "MAE_mean": 0.6165880965401291,
          "MAE_std": 0.0,
          "MAE_n": 1,
          "R2_mean": 0.399674618303101,
          "R2_std": 0.0,
          "R2_n": 1,
          "N_mean": 11940.0,
          "N_std": 0.0,
          "N_n": 1,
          "PS_RMSE_mean": 0.7983442968990309,
          "PS_RMSE_std": 0.0,
          "PS_RMSE_n": 1,
          "PS_R2_mean": -46.02244404787133,
          "PS_R2_std": 0.0,
          "PS_R2_n": 1,
          "N_solvents_mean": 146.0,
          "N_solvents_std": 0.0,
          "N_solvents_n": 1
        },
        "sc3_gold": {
          "RMSE_mean": 0.7604791503495488,
          "RMSE_std": 0.0,
          "RMSE_n": 1,
          "MAE_mean": 0.5960485562818826,
          "MAE_std": 0.0,
          "MAE_n": 1,
          "R2_mean": 0.5795382257722957,
          "R2_std": 0.0,
          "R2_n": 1,
          "N_mean": 4507.0,
          "N_std": 0.0,
          "N_n": 1,
          "PS_RMSE_mean": 0.7564392014122971,
          "PS_RMSE_std": 0.0,
          "PS_RMSE_n": 1,
          "PS_R2_mean": -7.463205971347427,
          "PS_R2_std": 0.0,
          "PS_R2_n": 1,
          "N_solvents_mean": 26.0,
          "N_solvents_std": 0.0,
          "N_solvents_n": 1,
          "Z_RMSE_mean": 44.12240347571232,
          "Z_RMSE_std": 0.0,
          "Z_RMSE_n": 1,
          "f_aleatoric_mean": 0.04986952739924616,
          "f_aleatoric_std": 0.0,
          "f_aleatoric_n": 1,
          "N_with_uncertainty_mean": 3449.0,
          "N_with_uncertainty_std": 0.0,
          "N_with_uncertainty_n": 1
        }
      },
      "n_train_mean": 3070.0,
      "diagnostics": {
        "_train_RMSE_at_best": 0.37819317805628305,
        "_val_RMSE_best": 0.664294280946959,
        "_n_params": 6736385.0,
        "_best_epoch": 241.0,
        "_n_train": 3070.0
      }
    },
    "0.100": {
      "aggregated": {
        "eval": {
          "RMSE_mean": 0.5622804504171677,
          "RMSE_std": 0.0,
          "RMSE_n": 1,
          "MAE_mean": 0.3772525049883424,
          "MAE_std": 0.0,
          "MAE_n": 1,
          "R2_mean": 0.7605616718039676,
          "R2_std": 0.0,
          "R2_n": 1,
          "N_mean": 6969.0,
          "N_std": 0.0,
          "N_n": 1,
          "PS_RMSE_mean": 0.5514075636490168,
          "PS_RMSE_std": 0.0,
          "PS_RMSE_n": 1,
          "PS_R2_mean": 0.7119401869870559,
          "PS_R2_std": 0.0,
          "PS_R2_n": 1,
          "N_solvents_mean": 25.0,
          "N_solvents_std": 0.0,
          "N_solvents_n": 1
        },
        "ood": {
          "RMSE_mean": 0.7637697353207145,
          "RMSE_std": 0.0,
          "RMSE_n": 1,
          "MAE_mean": 0.5515226758433135,
          "MAE_std": 0.0,
          "MAE_n": 1,
          "R2_mean": 0.482142521150258,
          "R2_std": 0.0,
          "R2_n": 1,
          "N_mean": 11940.0,
          "N_std": 0.0,
          "N_n": 1,
          "PS_RMSE_mean": 0.7292498397219813,
          "PS_RMSE_std": 0.0,
          "PS_RMSE_n": 1,
          "PS_R2_mean": -40.50423182728371,
          "PS_R2_std": 0.0,
          "PS_R2_n": 1,
          "N_solvents_mean": 146.0,
          "N_solvents_std": 0.0,
          "N_solvents_n": 1
        },
        "sc3_gold": {
          "RMSE_mean": 0.7815821795447134,
          "RMSE_std": 0.0,
          "RMSE_n": 1,
          "MAE_mean": 0.5969833174813486,
          "MAE_std": 0.0,
          "MAE_n": 1,
          "R2_mean": 0.5558791191521983,
          "R2_std": 0.0,
          "R2_n": 1,
          "N_mean": 4507.0,
          "N_std": 0.0,
          "N_n": 1,
          "PS_RMSE_mean": 0.8324156578890413,
          "PS_RMSE_std": 0.0,
          "PS_RMSE_n": 1,
          "PS_R2_mean": -16.53371794140728,
          "PS_R2_std": 0.0,
          "PS_R2_n": 1,
          "N_solvents_mean": 26.0,
          "N_solvents_std": 0.0,
          "N_solvents_n": 1,
          "Z_RMSE_mean": 45.6536669237235,
          "Z_RMSE_std": 0.0,
          "Z_RMSE_n": 1,
          "f_aleatoric_mean": 0.05885763989562192,
          "f_aleatoric_std": 0.0,
          "f_aleatoric_n": 1,
          "N_with_uncertainty_mean": 3449.0,
          "N_with_uncertainty_std": 0.0,
          "N_with_uncertainty_n": 1
        }
      },
      "n_train_mean": 6140.0,
      "diagnostics": {
        "_train_RMSE_at_best": 0.3259307925787891,
        "_val_RMSE_best": 0.5622804531163212,
        "_n_params": 6736385.0,
        "_best_epoch": 313.0,
        "_n_train": 6140.0
      }
    },
    "0.200": {
      "aggregated": {
        "eval": {
          "RMSE_mean": 0.5053108174823934,
          "RMSE_std": 0.0,
          "RMSE_n": 1,
          "MAE_mean": 0.3314720259608975,
          "MAE_std": 0.0,
          "MAE_n": 1,
          "R2_mean": 0.8066229661357347,
          "R2_std": 0.0,
          "R2_n": 1,
          "N_mean": 6969.0,
          "N_std": 0.0,
          "N_n": 1,
          "PS_RMSE_mean": 0.4993727833027755,
          "PS_RMSE_std": 0.0,
          "PS_RMSE_n": 1,
          "PS_R2_mean": 0.7712480621346836,
          "PS_R2_std": 0.0,
          "PS_R2_n": 1,
          "N_solvents_mean": 25.0,
          "N_solvents_std": 0.0,
          "N_solvents_n": 1
        },
        "ood": {
          "RMSE_mean": 0.7232432223442032,
          "RMSE_std": 0.0,
          "RMSE_n": 1,
          "MAE_mean": 0.5261456370543641,
          "MAE_std": 0.0,
          "MAE_n": 1,
          "R2_mean": 0.535640743615353,
          "R2_std": 0.0,
          "R2_n": 1,
          "N_mean": 11940.0,
          "N_std": 0.0,
          "N_n": 1,
          "PS_RMSE_mean": 0.6781939905506265,
          "PS_RMSE_std": 0.0,
          "PS_RMSE_n": 1,
          "PS_R2_mean": -19.918622929814774,
          "PS_R2_std": 0.0,
          "PS_R2_n": 1,
          "N_solvents_mean": 146.0,
          "N_solvents_std": 0.0,
          "N_solvents_n": 1
        },
        "sc3_gold": {
          "RMSE_mean": 0.7865541450857515,
          "RMSE_std": 0.0,
          "RMSE_n": 1,
          "MAE_mean": 0.6104643462210442,
          "MAE_std": 0.0,
          "MAE_n": 1,
          "R2_mean": 0.5502106756785166,
          "R2_std": 0.0,
          "R2_n": 1,
          "N_mean": 4507.0,
          "N_std": 0.0,
          "N_n": 1,
          "PS_RMSE_mean": 0.7925779363666078,
          "PS_RMSE_std": 0.0,
          "PS_RMSE_n": 1,
          "PS_R2_mean": -18.59075520462002,
          "PS_R2_std": 0.0,
          "PS_R2_n": 1,
          "N_solvents_mean": 26.0,
          "N_solvents_std": 0.0,
          "N_solvents_n": 1,
          "Z_RMSE_mean": 44.94904109589895,
          "Z_RMSE_std": 0.0,
          "Z_RMSE_n": 1,
          "f_aleatoric_mean": 0.05595824876775877,
          "f_aleatoric_std": 0.0,
          "f_aleatoric_n": 1,
          "N_with_uncertainty_mean": 3449.0,
          "N_with_uncertainty_std": 0.0,
          "N_with_uncertainty_n": 1
        }
      },
      "n_train_mean": 12281.0,
      "diagnostics": {
        "_train_RMSE_at_best": 0.35117697014293825,
        "_val_RMSE_best": 0.5053108216247806,
        "_n_params": 6736385.0,