{
  "method": "hpo_gnn_gin",
  "n_seeds": 30,
  "eval_RMSE_mean": 0.5561803863687553,
  "eval_RMSE_std": 0.03893372756571498,
  "eval_MAE_mean": 0.35833643208050275,
  "eval_MAE_std": 0.037591431248409,
  "eval_R2_mean": 0.7645807297235674,
  "eval_R2_std": 0.03579933361733207,
  "eval_PS_RMSE_mean": 0.5387305035169873,
  "eval_PS_RMSE_std": 0.04315846521111727,
  "eval_PS_R2_mean": 0.7239244621177738,
  "eval_PS_R2_std": 0.05753218107166196,
  "test_hard_RMSE_mean": 1.1467509469224642,
  "test_hard_RMSE_std": 0.06332668837590648,
  "test_hard_MAE_mean": 0.8876039763882748,
  "test_hard_MAE_std": 0.05307518475193848,
  "test_hard_R2_mean": 0.04101349707490704,
  "test_hard_R2_std": 0.10391741231800738,
  "test_hard_PS_RMSE_mean": 1.0333226273319434,
  "test_hard_PS_RMSE_std": 0.08046119184604415,
  "test_hard_PS_R2_mean": -17.706451792581714,
  "test_hard_PS_R2_std": 8.420103805871227,
  "test_hard_Z_RMSE_mean": 66.18030222813735,
  "test_hard_Z_RMSE_std": 3.6665418163382744,
  "test_medium_RMSE_mean": 1.0991713262547231,
  "test_medium_RMSE_std": 0.06020241140624772,
  "test_medium_MAE_mean": 0.8449152366690055,
  "test_medium_MAE_std": 0.05033156551808772,
  "test_medium_R2_mean": 0.05852622780652487,
  "test_medium_R2_std": 0.10068291437643496,
  "test_medium_PS_RMSE_mean": 0.9694971440652862,
  "test_medium_PS_RMSE_std": 0.0639935057758674,
  "test_medium_PS_R2_mean": -10.46876027549866,
  "test_medium_PS_R2_std": 6.896882704847959,
  "test_medium_Z_RMSE_mean": 60.351170536143385,
  "test_medium_Z_RMSE_std": 3.299543396795847,
  "test_easy_RMSE_mean": 1.0852551778848742,
  "test_easy_RMSE_std": 0.05641323761544469,
  "test_easy_MAE_mean": 0.8313815229670115,
  "test_easy_MAE_std": 0.04694841191822322,
  "test_easy_R2_mean": 0.047354754162004194,
  "test_easy_R2_std": 0.09727737369706395,
  "test_easy_PS_RMSE_mean": 0.9359123779825352,
  "test_easy_PS_RMSE_std": 0.06268333927583346,
  "test_easy_PS_R2_mean": -5.5812475332013385,
  "test_easy_PS_R2_std": 2.147340648943057,
  "test_easy_Z_RMSE_mean": 56.30658254196726,
  "test_easy_Z_RMSE_std": 3.0649107863329994,
  "train_time_mean_s": 641.8046473741531
}