{
  "method": "fastprop_big",
  "fraction": 0.6,
  "seed": 42,
  "params": {
    "lr": 0.0005,
    "batch_size": 256,
    "hidden_dims": [
      1024,
      768,
      512,
      256,
      128
    ],
    "dropout": 0.35,
    "weight_decay": 0.001,
    "epochs": 400,
    "patience": 50,
    "lr_patience": 20
  },
  "wall_time_s": 77.12312459945679,
  "metrics": {
    "eval": {
      "RMSE": 0.4694044175897396,
      "MAE": 0.29395800469243627,
      "R2": 0.8331285466875804,
      "N": 6969,
      "PS_RMSE": 0.45913120787705475,
      "PS_R2": 0.8051068456663536,
      "N_solvents": 25
    },
    "ood": {
      "RMSE": 0.6766843999249991,
      "MAE": 0.4829966469025133,
      "R2": 0.5935026758503644,
      "N": 11940,
      "PS_RMSE": 0.633175270799694,
      "PS_R2": -18.605011549490488,
      "N_solvents": 146
    },
    "sc3_gold": {
      "RMSE": 0.8188974058384362,
      "MAE": 0.6177226092869188,
      "R2": 0.5124592896513543,
      "N": 4507,
      "PS_RMSE": 0.7939198205873537,
      "PS_R2": -10.526264209831636,
      "N_solvents": 26,
      "Z_RMSE": 46.738343373886146,
      "f_aleatoric": 0.05943751812119455,
      "N_with_uncertainty": 3449
    },
    "_n_train": 36842,
    "_best_epoch": 99,
    "_train_RMSE_at_best": 0.26377669955149613,
    "_val_RMSE_best": 0.4694044154482867,
    "_n_params": 1679361
  }
}