{
  "method": "fastprop_xl",
  "fraction": 0.4,
  "seed": 42,
  "params": {
    "lr": 0.0003,
    "batch_size": 256,
    "hidden_dims": [
      2048,
      1536,
      1024,
      768,
      512,
      256,
      128
    ],
    "dropout": 0.5,
    "weight_decay": 0.01,
    "epochs": 500,
    "patience": 60,
    "lr_patience": 25
  },
  "wall_time_s": 121.28219318389893,
  "metrics": {
    "eval": {
      "RMSE": 0.48616343240533605,
      "MAE": 0.3132572054369023,
      "R2": 0.8210003084915729,
      "N": 6969,
      "PS_RMSE": 0.4838821108330106,
      "PS_R2": 0.78659554186628,
      "N_solvents": 25
    },
    "ood": {
      "RMSE": 0.6906568702646186,
      "MAE": 0.5043960804061891,
      "R2": 0.5765422996685177,
      "N": 11940,
      "PS_RMSE": 0.6440761989193623,
      "PS_R2": -19.334784708785794,
      "N_solvents": 146
    },
    "sc3_gold": {
      "RMSE": 0.762875081197914,
      "MAE": 0.5867174405875154,
      "R2": 0.5768846769801577,
      "N": 4507,
      "PS_RMSE": 0.7754445755595536,
      "PS_R2": -11.977530094326816,
      "N_solvents": 26,
      "Z_RMSE": 43.612416619961415,
      "f_aleatoric": 0.061467091910698754,
      "N_with_uncertainty": 3449
    },
    "_n_train": 24561,
    "_best_epoch": 213,
    "_train_RMSE_at_best": 0.34460342674190947,
    "_val_RMSE_best": 0.48616343701013154,
    "_n_params": 6736385
  }
}