{
  "method": "fastprop",
  "fraction": 0.1,
  "seed": 42,
  "params": {
    "lr": 0.0005,
    "batch_size": 256,
    "hidden_dims": [
      512,
      256,
      128
    ],
    "dropout": 0.1,
    "epochs": 100,
    "patience": 20
  },
  "wall_time_s": 6.39214301109314,
  "metrics": {
    "eval": {
      "RMSE": 0.5632580222719618,
      "MAE": 0.3823449526602927,
      "R2": 0.7597283807157561,
      "N": 6969,
      "PS_RMSE": 0.5570724738823422,
      "PS_R2": 0.6945853880310096,
      "N_solvents": 25
    },
    "ood": {
      "RMSE": 0.7648744220632253,
      "MAE": 0.5600719556120706,
      "R2": 0.4806434201123555,
      "N": 11940,
      "PS_RMSE": 0.7060818251143637,
      "PS_R2": -38.85824715511619,
      "N_solvents": 146
    },
    "sc3_gold": {
      "RMSE": 0.7310503747239937,
      "MAE": 0.5693731493400108,
      "R2": 0.6114503668777247,
      "N": 4507,
      "PS_RMSE": 0.7742830364706192,
      "PS_R2": -13.44374213558245,
      "N_solvents": 26,
      "Z_RMSE": 42.394352305348455,
      "f_aleatoric": 0.05972745723398087,
      "N_with_uncertainty": 3449
    },
    "_n_train": 6140,
    "_best_epoch": 99
  }
}