{
  "train_time_s": 476.5247242450714,
  "best_epoch": 64,
  "best_val_loss": 0.29055866599082947,
  "eval": {
    "RMSE": 0.5390349307284966,
    "MAE": 0.3582799224808976,
    "R2": 0.7799499238789703,
    "N": 6969,
    "PS_RMSE": 0.5286932324509042,
    "PS_R2": 0.7344182435814532,
    "N_solvents": 25
  },
  "test_hard": {
    "RMSE": 0.9990300737875001,
    "MAE": 0.779753822671921,
    "R2": 0.274380378803724,
    "N": 4507,
    "PS_RMSE": 0.9859745180396401,
    "PS_R2": -14.760934652379053,
    "N_solvents": 26,
    "Z_RMSE": 59.5603318766576,
    "f_aleatoric": 0.04146129312844303,
    "N_with_uncertainty": 3449
  },
  "test_medium": {
    "RMSE": 0.960198533676268,
    "MAE": 0.7462740148046026,
    "R2": 0.2836938809938121,
    "N": 5475,
    "PS_RMSE": 0.9474325919818118,
    "PS_R2": -9.37085114515458,
    "N_solvents": 27,
    "Z_RMSE": 54.22515292312865,
    "f_aleatoric": 0.07336182336182336,
    "N_with_uncertainty": 4212
  },
  "test_easy": {
    "RMSE": 1.008776559506214,
    "MAE": 0.7782176098819954,
    "R2": 0.17910895224353662,
    "N": 6331,
    "PS_RMSE": 0.9175220441955712,
    "PS_R2": -4.885570849920329,
    "N_solvents": 30,
    "Z_RMSE": 50.71050564762238,
    "f_aleatoric": 0.10264290104486785,
    "N_with_uncertainty": 4881
  },
  "artifacts": {
    "seed_dir": "/DATATWO/users/solubility/Dhairya/sc3-benchmark-gnn-runner/results/hpo_gin_trial_009/seed_42",
    "checkpoints_dir": "/DATATWO/users/solubility/Dhairya/sc3-benchmark-gnn-runner/results/hpo_gin_trial_009/seed_42/checkpoints",
    "predictions_dir": "/DATATWO/users/solubility/Dhairya/sc3-benchmark-gnn-runner/results/hpo_gin_trial_009/seed_42/predictions",
    "epoch_history_json": "/DATATWO/users/solubility/Dhairya/sc3-benchmark-gnn-runner/results/hpo_gin_trial_009/seed_42/epoch_history.json",
    "best_model_pkl": "/DATATWO/users/solubility/Dhairya/sc3-benchmark-gnn-runner/results/hpo_gin_trial_009/seed_42/best_model.pkl",
    "run_config_json": "/DATATWO/users/solubility/Dhairya/sc3-benchmark-gnn-runner/results/hpo_gin_trial_009/seed_42/run_config.json"
  }
}