{
  "method": "fastprop",
  "fraction": 1.0,
  "seed": 42,
  "params": {
    "lr": 0.0005,
    "batch_size": 256,
    "hidden_dims": [
      512,
      256,
      128
    ],
    "dropout": 0.1,
    "epochs": 100,
    "patience": 20
  },
  "wall_time_s": 55.13771843910217,
  "metrics": {
    "eval": {
      "RMSE": 0.4649614935222637,
      "MAE": 0.2874679928857633,
      "R2": 0.836272481841691,
      "N": 6969,
      "PS_RMSE": 0.45734927256007585,
      "PS_R2": 0.8011122448940636,
      "N_solvents": 25
    },
    "ood": {
      "RMSE": 0.6983380068391867,
      "MAE": 0.5107107408116228,
      "R2": 0.5670709582262602,
      "N": 11940,
      "PS_RMSE": 0.635241403486676,
      "PS_R2": -18.726144040480854,
      "N_solvents": 146
    },
    "sc3_gold": {
      "RMSE": 0.8284556944605332,
      "MAE": 0.5962365921350572,
      "R2": 0.5010115766482159,
      "N": 4507,
      "PS_RMSE": 0.7969232503899936,
      "PS_R2": -9.423349976497743,
      "N_solvents": 26,
      "Z_RMSE": 47.12235960011302,
      "f_aleatoric": 0.06900550884314294,
      "N_with_uncertainty": 3449
    },
    "_n_train": 61403,
    "_best_epoch": 67
  }
}