{
  "eval": {
    "RMSE": 1.065252908079449,
    "MAE": 0.8252889881176144,
    "R2": 0.18576413737340347,
    "N": 717,
    "PS_RMSE": 1.0687849765764046,
    "PS_R2": -0.0178939827672435,
    "N_solvents": 25
  },
  "ood": {
    "RMSE": 1.0186449478753477,
    "MAE": 0.7996036600159514,
    "R2": 0.10587219989854213,
    "N": 1159,
    "PS_RMSE": 0.9157717559116169,
    "PS_R2": -7.78730210543138,
    "N_solvents": 77
  },
  "sc3_gold": {
    "RMSE": 1.0523602809456396,
    "MAE": 0.792373401780582,
    "R2": 0.15808654720127624,
    "N": 666,
    "PS_RMSE": 0.89526698827562,
    "PS_R2": -12459.719740737264,
    "N_solvents": 25
  },
  "_n_train": 458,
  "_n_trainable": 129,
  "_best_epoch": 288,
  "_val_RMSE": 1.065252908079449,
  "_elapsed_s": 2.4159839153289795,
  "_protocol": "qm",
  "_variant": "head_only",
  "_fraction": 0.05,
  "_seed": 456,
  "_approach": "interp"
}