{
  "eval": {
    "RMSE": 1.0505501912040787,
    "MAE": 0.8215722804099992,
    "R2": 0.20808534118891409,
    "N": 717,
    "PS_RMSE": 1.059144905545844,
    "PS_R2": 0.01436995191025408,
    "N_solvents": 25
  },
  "ood": {
    "RMSE": 1.024152858992993,
    "MAE": 0.8123812862764622,
    "R2": 0.09617678869402646,
    "N": 1159,
    "PS_RMSE": 0.9212245107691067,
    "PS_R2": -7.97068257067044,
    "N_solvents": 77
  },
  "sc3_gold": {
    "RMSE": 0.9997307745851077,
    "MAE": 0.7592063895433683,
    "R2": 0.24019057758834306,
    "N": 666,
    "PS_RMSE": 0.8449256553925046,
    "PS_R2": -9208.119823277173,
    "N_solvents": 25
  },
  "_n_train": 458,
  "_n_trainable": 129,
  "_best_epoch": 300,
  "_val_RMSE": 1.0505501912040787,
  "_elapsed_s": 2.5608108043670654,
  "_protocol": "qm",
  "_variant": "head_only",
  "_fraction": 0.05,
  "_seed": 789,
  "_approach": "interp"
}