{
  "eval": {
    "RMSE": 1.0638998856969248,
    "MAE": 0.8276674925967287,
    "R2": 0.18783121401571545,
    "N": 717,
    "PS_RMSE": 1.0639094470816706,
    "PS_R2": -0.0027356748222526718,
    "N_solvents": 25
  },
  "ood": {
    "RMSE": 1.0234629669886834,
    "MAE": 0.8117211524800821,
    "R2": 0.09739404915669114,
    "N": 1159,
    "PS_RMSE": 0.9102104431424114,
    "PS_R2": -7.420263664534635,
    "N_solvents": 77
  },
  "sc3_gold": {
    "RMSE": 1.0342089001975407,
    "MAE": 0.7770871789643524,
    "R2": 0.18687915542602562,
    "N": 666,
    "PS_RMSE": 0.8712582843376873,
    "PS_R2": -10355.595564680942,
    "N_solvents": 25
  },
  "_n_train": 458,
  "_n_trainable": 129,
  "_best_epoch": 300,
  "_val_RMSE": 1.0638998856969248,
  "_elapsed_s": 2.9389569759368896,
  "_protocol": "qm",
  "_variant": "head_only",
  "_fraction": 0.05,
  "_seed": 101,
  "_approach": "interp"
}