{
  "eval": {
    "RMSE": 1.0593048836913792,
    "MAE": 0.8255637173766253,
    "R2": 0.19483160595679672,
    "N": 717,
    "PS_RMSE": 1.0581286607678326,
    "PS_R2": 0.023093116256455777,
    "N_solvents": 25
  },
  "ood": {
    "RMSE": 1.019487745975682,
    "MAE": 0.8114616849854556,
    "R2": 0.10439203558042531,
    "N": 1159,
    "PS_RMSE": 0.9081087573036646,
    "PS_R2": -9.100248643953183,
    "N_solvents": 77
  },
  "sc3_gold": {
    "RMSE": 1.036052830404692,
    "MAE": 0.7812485937189937,
    "R2": 0.1839770827395285,
    "N": 666,
    "PS_RMSE": 0.8435567211970865,
    "PS_R2": -7195.400264079009,
    "N_solvents": 25
  },
  "_n_train": 458,
  "_n_trainable": 129,
  "_best_epoch": 300,
  "_val_RMSE": 1.0593048836913792,
  "_elapsed_s": 2.6949756145477295,
  "_protocol": "qm",
  "_variant": "head_only",
  "_fraction": 0.05,
  "_seed": 123,
  "_approach": "interp"
}