{
  "eval": {
    "RMSE": 1.0554020138803586,
    "MAE": 0.8360991430974785,
    "R2": 0.2007537506798368,
    "N": 717,
    "PS_RMSE": 1.066622578490988,
    "PS_R2": -0.0017733261866035744,
    "N_solvents": 25
  },
  "ood": {
    "RMSE": 1.050462501739748,
    "MAE": 0.8391060421947527,
    "R2": 0.04914337868531815,
    "N": 1159,
    "PS_RMSE": 0.9213943751176302,
    "PS_R2": -5.398831113553292,
    "N_solvents": 77
  },
  "sc3_gold": {
    "RMSE": 1.034787750236268,
    "MAE": 0.7808117464893741,
    "R2": 0.1859686880118614,
    "N": 666,
    "PS_RMSE": 0.8970598586383818,
    "PS_R2": -10142.63241549058,
    "N_solvents": 25
  },
  "_n_train": 458,
  "_n_trainable": 129,
  "_best_epoch": 300,
  "_val_RMSE": 1.0554020138803586,
  "_elapsed_s": 2.846907377243042,
  "_protocol": "qm",
  "_variant": "head_only",
  "_fraction": 0.05,
  "_seed": 42,
  "_approach": "interp"
}